split,policy,series,fixed_policy,wola_series,winner_exact,row_exact,worst_cohort_exact,worst_csd_delta_v2_minus_v1,mean_csd_delta_v2_minus_v1,welfare_delta_v2_minus_v1,cost_welfare_delta_v2_minus_v1,exclusion_delta_v2_minus_v1,v1_outcome_sha256,v2_outcome_sha256
city_out_Poland_Gdynia,endowment/seed-42,Poland/Gdynia/Babie Doły | large,False,False,True,True,True,0.0,0.0,0.0,0.0,0.0,78a4070621fdf5050c4acdd3218a4134d379da84d0293c8d4f1e3a16f2a7bf98,78a4070621fdf5050c4acdd3218a4134d379da84d0293c8d4f1e3a16f2a7bf98
city_out_Poland_Gdynia,endowment/seed-42,Poland/Gdynia/Chwarzno-Wiczlino | large,False,False,True,True,True,0.0,0.0,0.0,0.0,0.0,74e661addbada410d3217d9b69b90dbc2a01fff60dec28d692fcb4e9c7bbc167,74e661addbada410d3217d9b69b90dbc2a01fff60dec28d692fcb4e9c7bbc167
city_out_Poland_Gdynia,endowment/seed-42,Poland/Gdynia/Chylonia | large,False,False,True,False,True,0.0,-1.5612511283791264e-17,0.0,0.0,0.0,c14a833feda6cbfb08596b93b47718954cadd591f3bb88a7dc238f3e743546d9,c14a833feda6cbfb08596b93b47718954cadd591f3bb88a7dc238f3e743546d9
city_out_Poland_Gdynia,endowment/seed-42,Poland/Gdynia/Cisowa | large,False,False,True,False,True,0.0,4.163336342344337e-17,0.0,0.0,0.0,5ff5d249432a18c6e83fc9742d3507a32b33ec130991bc2513d2e2eab44bd1fe,5ff5d249432a18c6e83fc9742d3507a32b33ec130991bc2513d2e2eab44bd1fe
city_out_Poland_Gdynia,endowment/seed-42,Poland/Gdynia/Działki Leśne | large,False,False,True,True,True,0.0,0.0,0.0,0.0,0.0,a33f187f4f15474374d320215a6625280771c9390ce0db3a58813e8bd30df574,a33f187f4f15474374d320215a6625280771c9390ce0db3a58813e8bd30df574
city_out_Poland_Gdynia,endowment/seed-42,Poland/Gdynia/Dąbrowa | large,False,False,True,True,True,0.0,0.0,0.0,0.0,0.0,b51f3d912f43b977f8ae3a38a0580c56e82da0a6ee79dd177155b078a1722eb6,b51f3d912f43b977f8ae3a38a0580c56e82da0a6ee79dd177155b078a1722eb6
city_out_Poland_Gdynia,endowment/seed-42,Poland/Gdynia/Grabówek | large,False,False,True,True,True,0.0,0.0,0.0,0.0,0.0,eb711f6a15debe63a6d3b9aaf5e75b8837b05f500714a9e9a24233b74484dfab,eb711f6a15debe63a6d3b9aaf5e75b8837b05f500714a9e9a24233b74484dfab
city_out_Poland_Gdynia,endowment/seed-42,Poland/Gdynia/Kamienna Góra | large,False,False,True,True,True,0.0,0.0,0.0,0.0,0.0,3ccbc44775c57724a2e25f940290122a9f0ed4da67771e87e931942570df4588,3ccbc44775c57724a2e25f940290122a9f0ed4da67771e87e931942570df4588
city_out_Poland_Gdynia,endowment/seed-42,Poland/Gdynia/Karwiny | large,False,False,True,True,True,0.0,0.0,0.0,0.0,0.0,39c9a88f60c12afdabf3d137ef2e54c48407eae645ae4d676b07a330968a1c94,39c9a88f60c12afdabf3d137ef2e54c48407eae645ae4d676b07a330968a1c94
city_out_Poland_Gdynia,endowment/seed-42,Poland/Gdynia/Leszczynki | large,False,False,True,True,True,0.0,0.0,0.0,0.0,0.0,06312b27b138e8a0ffd26b30499450ada182d3bbf2fc14f897e12959976cb732,06312b27b138e8a0ffd26b30499450ada182d3bbf2fc14f897e12959976cb732
city_out_Poland_Gdynia,endowment/seed-42,Poland/Gdynia/Mały Kack | large,False,False,True,False,True,0.0,1.0842021724855044e-17,0.0,0.0,0.0,21561928784d6d3321ba663dbc8b9b8ac3f9cadb489518cb99fbdd80fb05207a,21561928784d6d3321ba663dbc8b9b8ac3f9cadb489518cb99fbdd80fb05207a
city_out_Poland_Gdynia,endowment/seed-42,Poland/Gdynia/Obłuże | large,False,False,True,True,True,0.0,0.0,0.0,0.0,0.0,2193bffd346de6e90a723875680b33c657316b211d4572373c346718cfd3d41d,2193bffd346de6e90a723875680b33c657316b211d4572373c346718cfd3d41d
city_out_Poland_Gdynia,endowment/seed-42,Poland/Gdynia/Oksywie | large,False,False,True,True,True,0.0,0.0,0.0,0.0,0.0,bdcc84009dafcc4792da64abb5efc481ac0c30230dbe5db8c2f41a45bc59ae29,bdcc84009dafcc4792da64abb5efc481ac0c30230dbe5db8c2f41a45bc59ae29
city_out_Poland_Gdynia,endowment/seed-42,Poland/Gdynia/Orłowo | large,False,False,True,True,True,0.0,0.0,0.0,0.0,0.0,2e99e101a4b0e206ba114570d1306617794ada44e7694e6f869c639f7d3da306,2e99e101a4b0e206ba114570d1306617794ada44e7694e6f869c639f7d3da306
city_out_Poland_Gdynia,endowment/seed-42,Poland/Gdynia/Pogórze | large,False,False,True,True,True,0.0,0.0,0.0,0.0,0.0,3b87ca31251e004bfdf67e22eb1eb4a765e105af99cc99229734f621621221c6,3b87ca31251e004bfdf67e22eb1eb4a765e105af99cc99229734f621621221c6
city_out_Poland_Gdynia,endowment/seed-42,Poland/Gdynia/Pustki Cisowskie-Demptowo | large,False,False,True,False,True,0.0,1.9081958235744878e-17,0.0,0.0,0.0,a8b68cd05c22331aab155aac2b02f728b4449cacc1c4f29fb9109eadd267388e,a8b68cd05c22331aab155aac2b02f728b4449cacc1c4f29fb9109eadd267388e
city_out_Poland_Gdynia,endowment/seed-42,Poland/Gdynia/Redłowo | large,False,False,True,True,True,0.0,0.0,0.0,0.0,0.0,b2a7890b0bc7366092390e05841e3d7e67a284e4fcae737d3f995a9341cbcadc,b2a7890b0bc7366092390e05841e3d7e67a284e4fcae737d3f995a9341cbcadc
city_out_Poland_Gdynia,endowment/seed-42,Poland/Gdynia/Wielki Kack | large,False,False,True,True,True,0.0,0.0,0.0,0.0,0.0,2bd308c18fb68f5d81b5246f2264216dd59c1277beb0a842d25549309ff63d54,2bd308c18fb68f5d81b5246f2264216dd59c1277beb0a842d25549309ff63d54
city_out_Poland_Gdynia,endowment/seed-42,Poland/Gdynia/Witomino | large,False,False,True,False,True,0.0,1.734723475976807e-17,0.0,0.0,0.0,15183ba76a68430c37c5bd4b277ad5c073ebd0c804e7c9f201b54ee4f9dd726d,15183ba76a68430c37c5bd4b277ad5c073ebd0c804e7c9f201b54ee4f9dd726d
city_out_Poland_Gdynia,endowment/seed-42,Poland/Gdynia/Wzgórze Św. Maksymiliana | large,False,False,True,True,True,0.0,0.0,0.0,0.0,0.0,80218bab76933d97f9421e7f85b7fa87b80ffe72e34dd46f88cf6b88cf6f691b,80218bab76933d97f9421e7f85b7fa87b80ffe72e34dd46f88cf6b88cf6f691b
city_out_Poland_Gdynia,endowment/seed-42,Poland/Gdynia/Śródmieście | large,False,False,True,True,True,0.0,0.0,0.0,0.0,0.0,a0bcca1aecb628368aefea0e4d0f285bf0349d62beb63498356685c1aad3057d,a0bcca1aecb628368aefea0e4d0f285bf0349d62beb63498356685c1aad3057d
city_out_Poland_Gdynia,greedy-cost,Poland/Gdynia/Babie Doły | large,True,False,True,True,True,0.0,0.0,0.0,0.0,0.0,78a4070621fdf5050c4acdd3218a4134d379da84d0293c8d4f1e3a16f2a7bf98,78a4070621fdf5050c4acdd3218a4134d379da84d0293c8d4f1e3a16f2a7bf98
city_out_Poland_Gdynia,greedy-cost,Poland/Gdynia/Chwarzno-Wiczlino | large,True,False,True,True,True,0.0,0.0,0.0,0.0,0.0,af156998184fa0e47daac47bb0dd0ff4d2fca7d81195bfcfc33e5e951f04805a,af156998184fa0e47daac47bb0dd0ff4d2fca7d81195bfcfc33e5e951f04805a
city_out_Poland_Gdynia,greedy-cost,Poland/Gdynia/Chylonia | large,True,False,True,True,True,0.0,0.0,0.0,0.0,0.0,4ac6436df548a6a76aeb09adc9421125d46b144b3161a9435ee5858edde7896a,4ac6436df548a6a76aeb09adc9421125d46b144b3161a9435ee5858edde7896a
city_out_Poland_Gdynia,greedy-cost,Poland/Gdynia/Cisowa | large,True,False,True,False,True,0.0,4.163336342344337e-17,0.0,0.0,0.0,5ff5d249432a18c6e83fc9742d3507a32b33ec130991bc2513d2e2eab44bd1fe,5ff5d249432a18c6e83fc9742d3507a32b33ec130991bc2513d2e2eab44bd1fe
city_out_Poland_Gdynia,greedy-cost,Poland/Gdynia/Działki Leśne | large,True,False,True,True,True,0.0,0.0,0.0,0.0,0.0,a33f187f4f15474374d320215a6625280771c9390ce0db3a58813e8bd30df574,a33f187f4f15474374d320215a6625280771c9390ce0db3a58813e8bd30df574
city_out_Poland_Gdynia,greedy-cost,Poland/Gdynia/Dąbrowa | large,True,False,True,True,True,0.0,0.0,0.0,0.0,0.0,a80c39d657c334a415197af5348265788f742313d7391899aa68f117dcf03620,a80c39d657c334a415197af5348265788f742313d7391899aa68f117dcf03620
city_out_Poland_Gdynia,greedy-cost,Poland/Gdynia/Grabówek | large,True,False,True,True,True,0.0,0.0,0.0,0.0,0.0,eb711f6a15debe63a6d3b9aaf5e75b8837b05f500714a9e9a24233b74484dfab,eb711f6a15debe63a6d3b9aaf5e75b8837b05f500714a9e9a24233b74484dfab
city_out_Poland_Gdynia,greedy-cost,Poland/Gdynia/Kamienna Góra | large,True,False,True,True,True,0.0,0.0,0.0,0.0,0.0,3ccbc44775c57724a2e25f940290122a9f0ed4da67771e87e931942570df4588,3ccbc44775c57724a2e25f940290122a9f0ed4da67771e87e931942570df4588
city_out_Poland_Gdynia,greedy-cost,Poland/Gdynia/Karwiny | large,True,False,True,True,True,0.0,0.0,0.0,0.0,0.0,39c9a88f60c12afdabf3d137ef2e54c48407eae645ae4d676b07a330968a1c94,39c9a88f60c12afdabf3d137ef2e54c48407eae645ae4d676b07a330968a1c94
city_out_Poland_Gdynia,greedy-cost,Poland/Gdynia/Leszczynki | large,True,False,True,True,True,0.0,0.0,0.0,0.0,0.0,06312b27b138e8a0ffd26b30499450ada182d3bbf2fc14f897e12959976cb732,06312b27b138e8a0ffd26b30499450ada182d3bbf2fc14f897e12959976cb732
city_out_Poland_Gdynia,greedy-cost,Poland/Gdynia/Mały Kack | large,True,False,True,False,True,0.0,1.0842021724855044e-17,0.0,0.0,0.0,21561928784d6d3321ba663dbc8b9b8ac3f9cadb489518cb99fbdd80fb05207a,21561928784d6d3321ba663dbc8b9b8ac3f9cadb489518cb99fbdd80fb05207a
city_out_Poland_Gdynia,greedy-cost,Poland/Gdynia/Obłuże | large,True,False,True,True,True,0.0,0.0,0.0,0.0,0.0,2193bffd346de6e90a723875680b33c657316b211d4572373c346718cfd3d41d,2193bffd346de6e90a723875680b33c657316b211d4572373c346718cfd3d41d
city_out_Poland_Gdynia,greedy-cost,Poland/Gdynia/Oksywie | large,True,False,True,True,True,0.0,0.0,0.0,0.0,0.0,bdcc84009dafcc4792da64abb5efc481ac0c30230dbe5db8c2f41a45bc59ae29,bdcc84009dafcc4792da64abb5efc481ac0c30230dbe5db8c2f41a45bc59ae29
city_out_Poland_Gdynia,greedy-cost,Poland/Gdynia/Orłowo | large,True,False,True,True,True,0.0,0.0,0.0,0.0,0.0,2e99e101a4b0e206ba114570d1306617794ada44e7694e6f869c639f7d3da306,2e99e101a4b0e206ba114570d1306617794ada44e7694e6f869c639f7d3da306
city_out_Poland_Gdynia,greedy-cost,Poland/Gdynia/Pogórze | large,True,False,True,True,True,0.0,0.0,0.0,0.0,0.0,3b87ca31251e004bfdf67e22eb1eb4a765e105af99cc99229734f621621221c6,3b87ca31251e004bfdf67e22eb1eb4a765e105af99cc99229734f621621221c6
city_out_Poland_Gdynia,greedy-cost,Poland/Gdynia/Pustki Cisowskie-Demptowo | large,True,False,True,False,True,0.0,1.9081958235744878e-17,0.0,0.0,0.0,2d989909a4bac13307b131c8ad572835649f7b2d3a9077cb72c4d53fde609ace,2d989909a4bac13307b131c8ad572835649f7b2d3a9077cb72c4d53fde609ace
city_out_Poland_Gdynia,greedy-cost,Poland/Gdynia/Redłowo | large,True,False,True,False,True,0.0,2.0816681711721685e-17,0.0,0.0,0.0,10195ba202f07b434e1fe0d383d64bf92dbb699e9281458f2fe0025c5e4cc1c8,10195ba202f07b434e1fe0d383d64bf92dbb699e9281458f2fe0025c5e4cc1c8
city_out_Poland_Gdynia,greedy-cost,Poland/Gdynia/Wielki Kack | large,True,False,True,True,True,0.0,0.0,0.0,0.0,0.0,8c94cc289aa9f933b27a276cca865c8de8e378e5a9c827aef0b7a818f9c505db,8c94cc289aa9f933b27a276cca865c8de8e378e5a9c827aef0b7a818f9c505db
city_out_Poland_Gdynia,greedy-cost,Poland/Gdynia/Witomino | large,True,False,True,False,True,0.0,1.734723475976807e-17,0.0,0.0,0.0,15183ba76a68430c37c5bd4b277ad5c073ebd0c804e7c9f201b54ee4f9dd726d,15183ba76a68430c37c5bd4b277ad5c073ebd0c804e7c9f201b54ee4f9dd726d
city_out_Poland_Gdynia,greedy-cost,Poland/Gdynia/Wzgórze Św. Maksymiliana | large,True,False,True,True,True,0.0,0.0,0.0,0.0,0.0,67caaf9b7d5f0c553659935c7532409eef8a740674e43c26165cd0bb520b2536,67caaf9b7d5f0c553659935c7532409eef8a740674e43c26165cd0bb520b2536
city_out_Poland_Gdynia,greedy-cost,Poland/Gdynia/Śródmieście | large,True,False,True,True,True,0.0,0.0,0.0,0.0,0.0,820978cee273d9ef2ecd3168e27eeb3422abc1bc24fb76dd1852f2bfab7785d4,820978cee273d9ef2ecd3168e27eeb3422abc1bc24fb76dd1852f2bfab7785d4
city_out_Poland_Gdynia,greedy-count,Poland/Gdynia/Babie Doły | large,True,False,True,True,True,0.0,0.0,0.0,0.0,0.0,8f7ba487b94350c2d60858e8dd4bdb0444c379bf06461f94b2cef6c6376cf620,8f7ba487b94350c2d60858e8dd4bdb0444c379bf06461f94b2cef6c6376cf620
city_out_Poland_Gdynia,greedy-count,Poland/Gdynia/Chwarzno-Wiczlino | large,True,False,True,False,True,0.0,-2.0816681711721685e-17,0.0,0.0,0.0,388c1afd4ba8307581336c0a322ca2da771197884efe700206dd0a0f6cbbf8fe,388c1afd4ba8307581336c0a322ca2da771197884efe700206dd0a0f6cbbf8fe
city_out_Poland_Gdynia,greedy-count,Poland/Gdynia/Chylonia | large,True,False,True,False,True,0.0,-2.7755575615628914e-17,0.0,0.0,0.0,17244379e11b53d1143c16e1e1b2d3b86c4b7fd9e316689b554597f698d45d5c,17244379e11b53d1143c16e1e1b2d3b86c4b7fd9e316689b554597f698d45d5c
city_out_Poland_Gdynia,greedy-count,Poland/Gdynia/Cisowa | large,True,False,True,True,True,0.0,0.0,0.0,0.0,0.0,2830483ed65667a01f857aa9f29ae3554d8a90577ce0ab2788012745086fe552,2830483ed65667a01f857aa9f29ae3554d8a90577ce0ab2788012745086fe552
city_out_Poland_Gdynia,greedy-count,Poland/Gdynia/Działki Leśne | large,True,False,True,True,True,0.0,0.0,0.0,0.0,0.0,2f180093466b1e7b462bfdc11dd214e86fb21b12cdaa3c5b64d93aac21e0756a,2f180093466b1e7b462bfdc11dd214e86fb21b12cdaa3c5b64d93aac21e0756a
city_out_Poland_Gdynia,greedy-count,Poland/Gdynia/Dąbrowa | large,True,False,True,True,True,0.0,0.0,0.0,0.0,0.0,90a9ac8afe11d6342b87a0792587b06bcdce1906f3b4ed1312fc263f0645b771,90a9ac8afe11d6342b87a0792587b06bcdce1906f3b4ed1312fc263f0645b771
city_out_Poland_Gdynia,greedy-count,Poland/Gdynia/Grabówek | large,True,False,True,True,True,0.0,0.0,0.0,0.0,0.0,f5c0aced7b16323c0c91030b3973f94f76c255f6e3b4c457e51cb7a440766d26,f5c0aced7b16323c0c91030b3973f94f76c255f6e3b4c457e51cb7a440766d26
city_out_Poland_Gdynia,greedy-count,Poland/Gdynia/Kamienna Góra | large,True,False,True,True,True,0.0,0.0,0.0,0.0,0.0,488a542718da720946534e25bd6ec8eada5e0c9ee9137c9a4f3f502c99987f91,488a542718da720946534e25bd6ec8eada5e0c9ee9137c9a4f3f502c99987f91
city_out_Poland_Gdynia,greedy-count,Poland/Gdynia/Karwiny | large,True,False,True,True,True,0.0,0.0,0.0,0.0,0.0,3e2d3ca6f5afb232d7501c6bfa25d241e2ea92de3f36ed82e700cc85c39c2005,3e2d3ca6f5afb232d7501c6bfa25d241e2ea92de3f36ed82e700cc85c39c2005
city_out_Poland_Gdynia,greedy-count,Poland/Gdynia/Leszczynki | large,True,False,True,True,True,0.0,0.0,0.0,0.0,0.0,06312b27b138e8a0ffd26b30499450ada182d3bbf2fc14f897e12959976cb732,06312b27b138e8a0ffd26b30499450ada182d3bbf2fc14f897e12959976cb732
city_out_Poland_Gdynia,greedy-count,Poland/Gdynia/Mały Kack | large,True,False,True,False,True,0.0,-1.691355389077387e-17,0.0,0.0,0.0,21561928784d6d3321ba663dbc8b9b8ac3f9cadb489518cb99fbdd80fb05207a,21561928784d6d3321ba663dbc8b9b8ac3f9cadb489518cb99fbdd80fb05207a
city_out_Poland_Gdynia,greedy-count,Poland/Gdynia/Obłuże | large,True,False,True,True,True,0.0,0.0,0.0,0.0,0.0,2193bffd346de6e90a723875680b33c657316b211d4572373c346718cfd3d41d,2193bffd346de6e90a723875680b33c657316b211d4572373c346718cfd3d41d
city_out_Poland_Gdynia,greedy-count,Poland/Gdynia/Oksywie | large,True,False,True,True,True,0.0,0.0,0.0,0.0,0.0,305384e9f8a7d78996cfb033f3fca7b59112fe3b742be00800d475746d51916d,305384e9f8a7d78996cfb033f3fca7b59112fe3b742be00800d475746d51916d
city_out_Poland_Gdynia,greedy-count,Poland/Gdynia/Orłowo | large,True,False,True,True,True,0.0,0.0,0.0,0.0,0.0,2c2710a40f1d4054aea60e37cd45f087fa79be121efa3ada9877bdb4231eb2bf,2c2710a40f1d4054aea60e37cd45f087fa79be121efa3ada9877bdb4231eb2bf
city_out_Poland_Gdynia,greedy-count,Poland/Gdynia/Pogórze | large,True,False,True,True,True,0.0,0.0,0.0,0.0,0.0,3b87ca31251e004bfdf67e22eb1eb4a765e105af99cc99229734f621621221c6,3b87ca31251e004bfdf67e22eb1eb4a765e105af99cc99229734f621621221c6
city_out_Poland_Gdynia,greedy-count,Poland/Gdynia/Pustki Cisowskie-Demptowo | large,True,False,True,False,True,0.0,1.8214596497756474e-17,0.0,0.0,0.0,eb8dc6d0946b210e46d83b019195189153211fdece8c8d11f712289efc170764,eb8dc6d0946b210e46d83b019195189153211fdece8c8d11f712289efc170764
city_out_Poland_Gdynia,greedy-count,Poland/Gdynia/Redłowo | large,True,False,True,True,True,0.0,0.0,0.0,0.0,0.0,b62dc98a3fe51e5d3cf10b9deba446b864f468ce2177f6abb337e83a01da19f3,b62dc98a3fe51e5d3cf10b9deba446b864f468ce2177f6abb337e83a01da19f3
city_out_Poland_Gdynia,greedy-count,Poland/Gdynia/Wielki Kack | large,True,False,True,True,True,0.0,0.0,0.0,0.0,0.0,2bfb1bfb3baaed9ba2aa07b388e375e17cb0ffb34d09a14bd1b96b3da94e84e5,2bfb1bfb3baaed9ba2aa07b388e375e17cb0ffb34d09a14bd1b96b3da94e84e5
city_out_Poland_Gdynia,greedy-count,Poland/Gdynia/Witomino | large,True,False,True,True,True,0.0,0.0,0.0,0.0,0.0,d1c54e12e28ba2ba9e4f18ef6b94451020a2d5546890c50adca884ca6f0fd842,d1c54e12e28ba2ba9e4f18ef6b94451020a2d5546890c50adca884ca6f0fd842
city_out_Poland_Gdynia,greedy-count,Poland/Gdynia/Wzgórze Św. Maksymiliana | large,True,False,True,True,True,0.0,0.0,0.0,0.0,0.0,14cb5e2c911e0d9ffe8e3f51efe019399720eb2b46a36d9f11f820681a398c82,14cb5e2c911e0d9ffe8e3f51efe019399720eb2b46a36d9f11f820681a398c82
city_out_Poland_Gdynia,greedy-count,Poland/Gdynia/Śródmieście | large,True,False,True,True,True,0.0,0.0,0.0,0.0,0.0,88e9c883bfd9f817666f99cdf254da82320a856a8e73a05c4213473083c3e54d,88e9c883bfd9f817666f99cdf254da82320a856a8e73a05c4213473083c3e54d
city_out_Poland_Gdynia,mes,Poland/Gdynia/Babie Doły | large,True,False,True,True,True,0.0,0.0,0.0,0.0,0.0,b1ead5fb43bd23866b30ee577465fd4c8d40dd7e5eed9088e2e73244225b9a66,b1ead5fb43bd23866b30ee577465fd4c8d40dd7e5eed9088e2e73244225b9a66
city_out_Poland_Gdynia,mes,Poland/Gdynia/Chwarzno-Wiczlino | large,True,False,True,True,True,0.0,0.0,0.0,0.0,0.0,74e661addbada410d3217d9b69b90dbc2a01fff60dec28d692fcb4e9c7bbc167,74e661addbada410d3217d9b69b90dbc2a01fff60dec28d692fcb4e9c7bbc167
city_out_Poland_Gdynia,mes,Poland/Gdynia/Chylonia | large,True,False,True,False,True,0.0,-1.5612511283791264e-17,0.0,0.0,0.0,c14a833feda6cbfb08596b93b47718954cadd591f3bb88a7dc238f3e743546d9,c14a833feda6cbfb08596b93b47718954cadd591f3bb88a7dc238f3e743546d9
city_out_Poland_Gdynia,mes,Poland/Gdynia/Cisowa | large,True,False,True,False,True,0.0,4.163336342344337e-17,0.0,0.0,0.0,5ff5d249432a18c6e83fc9742d3507a32b33ec130991bc2513d2e2eab44bd1fe,5ff5d249432a18c6e83fc9742d3507a32b33ec130991bc2513d2e2eab44bd1fe
city_out_Poland_Gdynia,mes,Poland/Gdynia/Działki Leśne | large,True,False,True,True,True,0.0,0.0,0.0,0.0,0.0,a33f187f4f15474374d320215a6625280771c9390ce0db3a58813e8bd30df574,a33f187f4f15474374d320215a6625280771c9390ce0db3a58813e8bd30df574
city_out_Poland_Gdynia,mes,Poland/Gdynia/Dąbrowa | large,True,False,True,True,True,0.0,0.0,0.0,0.0,0.0,b51f3d912f43b977f8ae3a38a0580c56e82da0a6ee79dd177155b078a1722eb6,b51f3d912f43b977f8ae3a38a0580c56e82da0a6ee79dd177155b078a1722eb6
city_out_Poland_Gdynia,mes,Poland/Gdynia/Grabówek | large,True,False,True,True,True,0.0,0.0,0.0,0.0,0.0,eb711f6a15debe63a6d3b9aaf5e75b8837b05f500714a9e9a24233b74484dfab,eb711f6a15debe63a6d3b9aaf5e75b8837b05f500714a9e9a24233b74484dfab
city_out_Poland_Gdynia,mes,Poland/Gdynia/Kamienna Góra | large,True,False,True,True,True,0.0,0.0,0.0,0.0,0.0,3ccbc44775c57724a2e25f940290122a9f0ed4da67771e87e931942570df4588,3ccbc44775c57724a2e25f940290122a9f0ed4da67771e87e931942570df4588
city_out_Poland_Gdynia,mes,Poland/Gdynia/Karwiny | large,True,False,True,True,True,0.0,0.0,0.0,0.0,0.0,39c9a88f60c12afdabf3d137ef2e54c48407eae645ae4d676b07a330968a1c94,39c9a88f60c12afdabf3d137ef2e54c48407eae645ae4d676b07a330968a1c94
city_out_Poland_Gdynia,mes,Poland/Gdynia/Leszczynki | large,True,False,True,True,True,0.0,0.0,0.0,0.0,0.0,06312b27b138e8a0ffd26b30499450ada182d3bbf2fc14f897e12959976cb732,06312b27b138e8a0ffd26b30499450ada182d3bbf2fc14f897e12959976cb732
city_out_Poland_Gdynia,mes,Poland/Gdynia/Mały Kack | large,True,False,True,False,True,0.0,1.0842021724855044e-17,0.0,0.0,0.0,21561928784d6d3321ba663dbc8b9b8ac3f9cadb489518cb99fbdd80fb05207a,21561928784d6d3321ba663dbc8b9b8ac3f9cadb489518cb99fbdd80fb05207a
city_out_Poland_Gdynia,mes,Poland/Gdynia/Obłuże | large,True,False,True,True,True,0.0,0.0,0.0,0.0,0.0,2193bffd346de6e90a723875680b33c657316b211d4572373c346718cfd3d41d,2193bffd346de6e90a723875680b33c657316b211d4572373c346718cfd3d41d
city_out_Poland_Gdynia,mes,Poland/Gdynia/Oksywie | large,True,False,True,True,True,0.0,0.0,0.0,0.0,0.0,11f77976e1425f90606e1ba360a21a2da0c72236280fe54dc9b3aee960b96131,11f77976e1425f90606e1ba360a21a2da0c72236280fe54dc9b3aee960b96131
city_out_Poland_Gdynia,mes,Poland/Gdynia/Orłowo | large,True,False,True,True,True,0.0,0.0,0.0,0.0,0.0,2e99e101a4b0e206ba114570d1306617794ada44e7694e6f869c639f7d3da306,2e99e101a4b0e206ba114570d1306617794ada44e7694e6f869c639f7d3da306
city_out_Poland_Gdynia,mes,Poland/Gdynia/Pogórze | large,True,False,True,True,True,0.0,0.0,0.0,0.0,0.0,3b87ca31251e004bfdf67e22eb1eb4a765e105af99cc99229734f621621221c6,3b87ca31251e004bfdf67e22eb1eb4a765e105af99cc99229734f621621221c6
city_out_Poland_Gdynia,mes,Poland/Gdynia/Pustki Cisowskie-Demptowo | large,True,False,True,False,True,-8.326672684688674e-17,8.673617379884035e-18,0.0,0.0,0.0,72ef43d778d2f2df94878e1a2b12d1b0172bc95dea2ef51b23703849d7f1d6a7,72ef43d778d2f2df94878e1a2b12d1b0172bc95dea2ef51b23703849d7f1d6a7
city_out_Poland_Gdynia,mes,Poland/Gdynia/Redłowo | large,True,False,True,True,True,0.0,0.0,0.0,0.0,0.0,b2a7890b0bc7366092390e05841e3d7e67a284e4fcae737d3f995a9341cbcadc,b2a7890b0bc7366092390e05841e3d7e67a284e4fcae737d3f995a9341cbcadc
city_out_Poland_Gdynia,mes,Poland/Gdynia/Wielki Kack | large,True,False,True,True,True,0.0,0.0,0.0,0.0,0.0,2bd308c18fb68f5d81b5246f2264216dd59c1277beb0a842d25549309ff63d54,2bd308c18fb68f5d81b5246f2264216dd59c1277beb0a842d25549309ff63d54
city_out_Poland_Gdynia,mes,Poland/Gdynia/Witomino | large,True,False,True,False,True,0.0,1.734723475976807e-17,0.0,0.0,0.0,15183ba76a68430c37c5bd4b277ad5c073ebd0c804e7c9f201b54ee4f9dd726d,15183ba76a68430c37c5bd4b277ad5c073ebd0c804e7c9f201b54ee4f9dd726d
city_out_Poland_Gdynia,mes,Poland/Gdynia/Wzgórze Św. Maksymiliana | large,True,False,True,True,True,0.0,0.0,0.0,0.0,0.0,80218bab76933d97f9421e7f85b7fa87b80ffe72e34dd46f88cf6b88cf6f691b,80218bab76933d97f9421e7f85b7fa87b80ffe72e34dd46f88cf6b88cf6f691b
city_out_Poland_Gdynia,mes,Poland/Gdynia/Śródmieście | large,True,False,True,True,True,0.0,0.0,0.0,0.0,0.0,a0bcca1aecb628368aefea0e4d0f285bf0349d62beb63498356685c1aad3057d,a0bcca1aecb628368aefea0e4d0f285bf0349d62beb63498356685c1aad3057d
city_out_Poland_Gdynia,outcome/seed-42,Poland/Gdynia/Babie Doły | large,False,False,True,True,True,0.0,0.0,0.0,0.0,0.0,78a4070621fdf5050c4acdd3218a4134d379da84d0293c8d4f1e3a16f2a7bf98,78a4070621fdf5050c4acdd3218a4134d379da84d0293c8d4f1e3a16f2a7bf98
city_out_Poland_Gdynia,outcome/seed-42,Poland/Gdynia/Chwarzno-Wiczlino | large,False,False,True,True,True,0.0,0.0,0.0,0.0,0.0,af156998184fa0e47daac47bb0dd0ff4d2fca7d81195bfcfc33e5e951f04805a,af156998184fa0e47daac47bb0dd0ff4d2fca7d81195bfcfc33e5e951f04805a
city_out_Poland_Gdynia,outcome/seed-42,Poland/Gdynia/Chylonia | large,False,False,True,True,True,0.0,0.0,0.0,0.0,0.0,4ac6436df548a6a76aeb09adc9421125d46b144b3161a9435ee5858edde7896a,4ac6436df548a6a76aeb09adc9421125d46b144b3161a9435ee5858edde7896a
city_out_Poland_Gdynia,outcome/seed-42,Poland/Gdynia/Cisowa | large,False,False,True,False,True,0.0,4.163336342344337e-17,0.0,0.0,0.0,5ff5d249432a18c6e83fc9742d3507a32b33ec130991bc2513d2e2eab44bd1fe,5ff5d249432a18c6e83fc9742d3507a32b33ec130991bc2513d2e2eab44bd1fe
city_out_Poland_Gdynia,outcome/seed-42,Poland/Gdynia/Działki Leśne | large,False,False,True,True,True,0.0,0.0,0.0,0.0,0.0,a33f187f4f15474374d320215a6625280771c9390ce0db3a58813e8bd30df574,a33f187f4f15474374d320215a6625280771c9390ce0db3a58813e8bd30df574
city_out_Poland_Gdynia,outcome/seed-42,Poland/Gdynia/Dąbrowa | large,False,False,True,True,True,0.0,0.0,0.0,0.0,0.0,a80c39d657c334a415197af5348265788f742313d7391899aa68f117dcf03620,a80c39d657c334a415197af5348265788f742313d7391899aa68f117dcf03620
city_out_Poland_Gdynia,outcome/seed-42,Poland/Gdynia/Grabówek | large,False,False,True,True,True,0.0,0.0,0.0,0.0,0.0,eb711f6a15debe63a6d3b9aaf5e75b8837b05f500714a9e9a24233b74484dfab,eb711f6a15debe63a6d3b9aaf5e75b8837b05f500714a9e9a24233b74484dfab
city_out_Poland_Gdynia,outcome/seed-42,Poland/Gdynia/Kamienna Góra | large,False,False,True,True,True,0.0,0.0,0.0,0.0,0.0,3ccbc44775c57724a2e25f940290122a9f0ed4da67771e87e931942570df4588,3ccbc44775c57724a2e25f940290122a9f0ed4da67771e87e931942570df4588
city_out_Poland_Gdynia,outcome/seed-42,Poland/Gdynia/Karwiny | large,False,False,True,True,True,0.0,0.0,0.0,0.0,0.0,39c9a88f60c12afdabf3d137ef2e54c48407eae645ae4d676b07a330968a1c94,39c9a88f60c12afdabf3d137ef2e54c48407eae645ae4d676b07a330968a1c94
city_out_Poland_Gdynia,outcome/seed-42,Poland/Gdynia/Leszczynki | large,False,False,True,True,True,0.0,0.0,0.0,0.0,0.0,06312b27b138e8a0ffd26b30499450ada182d3bbf2fc14f897e12959976cb732,06312b27b138e8a0ffd26b30499450ada182d3bbf2fc14f897e12959976cb732
city_out_Poland_Gdynia,outcome/seed-42,Poland/Gdynia/Mały Kack | large,False,False,True,False,True,0.0,1.0842021724855044e-17,0.0,0.0,0.0,21561928784d6d3321ba663dbc8b9b8ac3f9cadb489518cb99fbdd80fb05207a,21561928784d6d3321ba663dbc8b9b8ac3f9cadb489518cb99fbdd80fb05207a
city_out_Poland_Gdynia,outcome/seed-42,Poland/Gdynia/Obłuże | large,False,False,True,True,True,0.0,0.0,0.0,0.0,0.0,2193bffd346de6e90a723875680b33c657316b211d4572373c346718cfd3d41d,2193bffd346de6e90a723875680b33c657316b211d4572373c346718cfd3d41d
city_out_Poland_Gdynia,outcome/seed-42,Poland/Gdynia/Oksywie | large,False,False,True,True,True,0.0,0.0,0.0,0.0,0.0,bdcc84009dafcc4792da64abb5efc481ac0c30230dbe5db8c2f41a45bc59ae29,bdcc84009dafcc4792da64abb5efc481ac0c30230dbe5db8c2f41a45bc59ae29
city_out_Poland_Gdynia,outcome/seed-42,Poland/Gdynia/Orłowo | large,False,False,True,True,True,0.0,0.0,0.0,0.0,0.0,2e99e101a4b0e206ba114570d1306617794ada44e7694e6f869c639f7d3da306,2e99e101a4b0e206ba114570d1306617794ada44e7694e6f869c639f7d3da306
city_out_Poland_Gdynia,outcome/seed-42,Poland/Gdynia/Pogórze | large,False,False,True,True,True,0.0,0.0,0.0,0.0,0.0,3b87ca31251e004bfdf67e22eb1eb4a765e105af99cc99229734f621621221c6,3b87ca31251e004bfdf67e22eb1eb4a765e105af99cc99229734f621621221c6
city_out_Poland_Gdynia,outcome/seed-42,Poland/Gdynia/Pustki Cisowskie-Demptowo | large,False,False,True,False,True,0.0,1.9081958235744878e-17,0.0,0.0,0.0,2d989909a4bac13307b131c8ad572835649f7b2d3a9077cb72c4d53fde609ace,2d989909a4bac13307b131c8ad572835649f7b2d3a9077cb72c4d53fde609ace
city_out_Poland_Gdynia,outcome/seed-42,Poland/Gdynia/Redłowo | large,False,False,True,False,True,0.0,2.0816681711721685e-17,0.0,0.0,0.0,10195ba202f07b434e1fe0d383d64bf92dbb699e9281458f2fe0025c5e4cc1c8,10195ba202f07b434e1fe0d383d64bf92dbb699e9281458f2fe0025c5e4cc1c8
city_out_Poland_Gdynia,outcome/seed-42,Poland/Gdynia/Wielki Kack | large,False,False,True,True,True,0.0,0.0,0.0,0.0,0.0,8c94cc289aa9f933b27a276cca865c8de8e378e5a9c827aef0b7a818f9c505db,8c94cc289aa9f933b27a276cca865c8de8e378e5a9c827aef0b7a818f9c505db
city_out_Poland_Gdynia,outcome/seed-42,Poland/Gdynia/Witomino | large,False,False,True,False,True,0.0,1.734723475976807e-17,0.0,0.0,0.0,15183ba76a68430c37c5bd4b277ad5c073ebd0c804e7c9f201b54ee4f9dd726d,15183ba76a68430c37c5bd4b277ad5c073ebd0c804e7c9f201b54ee4f9dd726d
city_out_Poland_Gdynia,outcome/seed-42,Poland/Gdynia/Wzgórze Św. Maksymiliana | large,False,False,True,True,True,0.0,0.0,0.0,0.0,0.0,67caaf9b7d5f0c553659935c7532409eef8a740674e43c26165cd0bb520b2536,67caaf9b7d5f0c553659935c7532409eef8a740674e43c26165cd0bb520b2536
city_out_Poland_Gdynia,outcome/seed-42,Poland/Gdynia/Śródmieście | large,False,False,True,True,True,0.0,0.0,0.0,0.0,0.0,820978cee273d9ef2ecd3168e27eeb3422abc1bc24fb76dd1852f2bfab7785d4,820978cee273d9ef2ecd3168e27eeb3422abc1bc24fb76dd1852f2bfab7785d4
city_out_Poland_Gdynia,priority/seed-1,Poland/Gdynia/Babie Doły | large,False,False,True,True,True,0.0,0.0,0.0,0.0,0.0,b1ead5fb43bd23866b30ee577465fd4c8d40dd7e5eed9088e2e73244225b9a66,b1ead5fb43bd23866b30ee577465fd4c8d40dd7e5eed9088e2e73244225b9a66
city_out_Poland_Gdynia,priority/seed-1,Poland/Gdynia/Chwarzno-Wiczlino | large,False,False,True,True,True,0.0,0.0,0.0,0.0,0.0,74e661addbada410d3217d9b69b90dbc2a01fff60dec28d692fcb4e9c7bbc167,74e661addbada410d3217d9b69b90dbc2a01fff60dec28d692fcb4e9c7bbc167
city_out_Poland_Gdynia,priority/seed-1,Poland/Gdynia/Chylonia | large,False,False,True,False,True,0.0,-1.5612511283791264e-17,0.0,0.0,0.0,c14a833feda6cbfb08596b93b47718954cadd591f3bb88a7dc238f3e743546d9,c14a833feda6cbfb08596b93b47718954cadd591f3bb88a7dc238f3e743546d9
city_out_Poland_Gdynia,priority/seed-1,Poland/Gdynia/Cisowa | large,False,False,True,False,True,0.0,4.163336342344337e-17,0.0,0.0,0.0,5ff5d249432a18c6e83fc9742d3507a32b33ec130991bc2513d2e2eab44bd1fe,5ff5d249432a18c6e83fc9742d3507a32b33ec130991bc2513d2e2eab44bd1fe
city_out_Poland_Gdynia,priority/seed-1,Poland/Gdynia/Działki Leśne | large,False,False,True,True,True,0.0,0.0,0.0,0.0,0.0,a33f187f4f15474374d320215a6625280771c9390ce0db3a58813e8bd30df574,a33f187f4f15474374d320215a6625280771c9390ce0db3a58813e8bd30df574
city_out_Poland_Gdynia,priority/seed-1,Poland/Gdynia/Dąbrowa | large,False,False,True,True,True,0.0,0.0,0.0,0.0,0.0,b51f3d912f43b977f8ae3a38a0580c56e82da0a6ee79dd177155b078a1722eb6,b51f3d912f43b977f8ae3a38a0580c56e82da0a6ee79dd177155b078a1722eb6
city_out_Poland_Gdynia,priority/seed-1,Poland/Gdynia/Grabówek | large,False,False,True,True,True,0.0,0.0,0.0,0.0,0.0,eb711f6a15debe63a6d3b9aaf5e75b8837b05f500714a9e9a24233b74484dfab,eb711f6a15debe63a6d3b9aaf5e75b8837b05f500714a9e9a24233b74484dfab
city_out_Poland_Gdynia,priority/seed-1,Poland/Gdynia/Kamienna Góra | large,False,False,True,True,True,0.0,0.0,0.0,0.0,0.0,3ccbc44775c57724a2e25f940290122a9f0ed4da67771e87e931942570df4588,3ccbc44775c57724a2e25f940290122a9f0ed4da67771e87e931942570df4588
city_out_Poland_Gdynia,priority/seed-1,Poland/Gdynia/Karwiny | large,False,False,True,True,True,0.0,0.0,0.0,0.0,0.0,39c9a88f60c12afdabf3d137ef2e54c48407eae645ae4d676b07a330968a1c94,39c9a88f60c12afdabf3d137ef2e54c48407eae645ae4d676b07a330968a1c94
city_out_Poland_Gdynia,priority/seed-1,Poland/Gdynia/Leszczynki | large,False,False,True,True,True,0.0,0.0,0.0,0.0,0.0,06312b27b138e8a0ffd26b30499450ada182d3bbf2fc14f897e12959976cb732,06312b27b138e8a0ffd26b30499450ada182d3bbf2fc14f897e12959976cb732
city_out_Poland_Gdynia,priority/seed-1,Poland/Gdynia/Mały Kack | large,False,False,True,False,True,0.0,1.0842021724855044e-17,0.0,0.0,0.0,21561928784d6d3321ba663dbc8b9b8ac3f9cadb489518cb99fbdd80fb05207a,21561928784d6d3321ba663dbc8b9b8ac3f9cadb489518cb99fbdd80fb05207a
city_out_Poland_Gdynia,priority/seed-1,Poland/Gdynia/Obłuże | large,False,False,True,True,True,0.0,0.0,0.0,0.0,0.0,2193bffd346de6e90a723875680b33c657316b211d4572373c346718cfd3d41d,2193bffd346de6e90a723875680b33c657316b211d4572373c346718cfd3d41d
city_out_Poland_Gdynia,priority/seed-1,Poland/Gdynia/Oksywie | large,False,False,True,True,True,0.0,0.0,0.0,0.0,0.0,e3636574308af8800c57cdf80c9d5a566582dc2713dc4a186dee96c6dee32e5e,e3636574308af8800c57cdf80c9d5a566582dc2713dc4a186dee96c6dee32e5e
city_out_Poland_Gdynia,priority/seed-1,Poland/Gdynia/Orłowo | large,False,False,True,True,True,0.0,0.0,0.0,0.0,0.0,2e99e101a4b0e206ba114570d1306617794ada44e7694e6f869c639f7d3da306,2e99e101a4b0e206ba114570d1306617794ada44e7694e6f869c639f7d3da306
city_out_Poland_Gdynia,priority/seed-1,Poland/Gdynia/Pogórze | large,False,False,True,True,True,0.0,0.0,0.0,0.0,0.0,3b87ca31251e004bfdf67e22eb1eb4a765e105af99cc99229734f621621221c6,3b87ca31251e004bfdf67e22eb1eb4a765e105af99cc99229734f621621221c6
city_out_Poland_Gdynia,priority/seed-1,Poland/Gdynia/Pustki Cisowskie-Demptowo | large,False,False,True,False,True,-8.326672684688674e-17,8.673617379884035e-18,0.0,0.0,0.0,72ef43d778d2f2df94878e1a2b12d1b0172bc95dea2ef51b23703849d7f1d6a7,72ef43d778d2f2df94878e1a2b12d1b0172bc95dea2ef51b23703849d7f1d6a7
city_out_Poland_Gdynia,priority/seed-1,Poland/Gdynia/Redłowo | large,False,False,True,True,True,0.0,0.0,0.0,0.0,0.0,b2a7890b0bc7366092390e05841e3d7e67a284e4fcae737d3f995a9341cbcadc,b2a7890b0bc7366092390e05841e3d7e67a284e4fcae737d3f995a9341cbcadc
city_out_Poland_Gdynia,priority/seed-1,Poland/Gdynia/Wielki Kack | large,False,False,True,True,True,0.0,0.0,0.0,0.0,0.0,2bd308c18fb68f5d81b5246f2264216dd59c1277beb0a842d25549309ff63d54,2bd308c18fb68f5d81b5246f2264216dd59c1277beb0a842d25549309ff63d54
city_out_Poland_Gdynia,priority/seed-1,Poland/Gdynia/Witomino | large,False,False,True,False,True,0.0,1.734723475976807e-17,0.0,0.0,0.0,15183ba76a68430c37c5bd4b277ad5c073ebd0c804e7c9f201b54ee4f9dd726d,15183ba76a68430c37c5bd4b277ad5c073ebd0c804e7c9f201b54ee4f9dd726d
city_out_Poland_Gdynia,priority/seed-1,Poland/Gdynia/Wzgórze Św. Maksymiliana | large,False,False,True,True,True,0.0,0.0,0.0,0.0,0.0,80218bab76933d97f9421e7f85b7fa87b80ffe72e34dd46f88cf6b88cf6f691b,80218bab76933d97f9421e7f85b7fa87b80ffe72e34dd46f88cf6b88cf6f691b
city_out_Poland_Gdynia,priority/seed-1,Poland/Gdynia/Śródmieście | large,False,False,True,True,True,0.0,0.0,0.0,0.0,0.0,a0bcca1aecb628368aefea0e4d0f285bf0349d62beb63498356685c1aad3057d,a0bcca1aecb628368aefea0e4d0f285bf0349d62beb63498356685c1aad3057d
city_out_Poland_Gdynia,priority/seed-2,Poland/Gdynia/Babie Doły | large,False,False,True,True,True,0.0,0.0,0.0,0.0,0.0,b1ead5fb43bd23866b30ee577465fd4c8d40dd7e5eed9088e2e73244225b9a66,b1ead5fb43bd23866b30ee577465fd4c8d40dd7e5eed9088e2e73244225b9a66
city_out_Poland_Gdynia,priority/seed-2,Poland/Gdynia/Chwarzno-Wiczlino | large,False,False,True,True,True,0.0,0.0,0.0,0.0,0.0,74e661addbada410d3217d9b69b90dbc2a01fff60dec28d692fcb4e9c7bbc167,74e661addbada410d3217d9b69b90dbc2a01fff60dec28d692fcb4e9c7bbc167
city_out_Poland_Gdynia,priority/seed-2,Poland/Gdynia/Chylonia | large,False,False,True,False,True,0.0,-1.5612511283791264e-17,0.0,0.0,0.0,c14a833feda6cbfb08596b93b47718954cadd591f3bb88a7dc238f3e743546d9,c14a833feda6cbfb08596b93b47718954cadd591f3bb88a7dc238f3e743546d9
city_out_Poland_Gdynia,priority/seed-2,Poland/Gdynia/Cisowa | large,False,False,True,False,True,0.0,4.163336342344337e-17,0.0,0.0,0.0,5ff5d249432a18c6e83fc9742d3507a32b33ec130991bc2513d2e2eab44bd1fe,5ff5d249432a18c6e83fc9742d3507a32b33ec130991bc2513d2e2eab44bd1fe
city_out_Poland_Gdynia,priority/seed-2,Poland/Gdynia/Działki Leśne | large,False,False,True,True,True,0.0,0.0,0.0,0.0,0.0,a33f187f4f15474374d320215a6625280771c9390ce0db3a58813e8bd30df574,a33f187f4f15474374d320215a6625280771c9390ce0db3a58813e8bd30df574
city_out_Poland_Gdynia,priority/seed-2,Poland/Gdynia/Dąbrowa | large,False,False,True,True,True,0.0,0.0,0.0,0.0,0.0,b51f3d912f43b977f8ae3a38a0580c56e82da0a6ee79dd177155b078a1722eb6,b51f3d912f43b977f8ae3a38a0580c56e82da0a6ee79dd177155b078a1722eb6
city_out_Poland_Gdynia,priority/seed-2,Poland/Gdynia/Grabówek | large,False,False,True,True,True,0.0,0.0,0.0,0.0,0.0,eb711f6a15debe63a6d3b9aaf5e75b8837b05f500714a9e9a24233b74484dfab,eb711f6a15debe63a6d3b9aaf5e75b8837b05f500714a9e9a24233b74484dfab
city_out_Poland_Gdynia,priority/seed-2,Poland/Gdynia/Kamienna Góra | large,False,False,True,True,True,0.0,0.0,0.0,0.0,0.0,3ccbc44775c57724a2e25f940290122a9f0ed4da67771e87e931942570df4588,3ccbc44775c57724a2e25f940290122a9f0ed4da67771e87e931942570df4588
city_out_Poland_Gdynia,priority/seed-2,Poland/Gdynia/Karwiny | large,False,False,True,True,True,0.0,0.0,0.0,0.0,0.0,39c9a88f60c12afdabf3d137ef2e54c48407eae645ae4d676b07a330968a1c94,39c9a88f60c12afdabf3d137ef2e54c48407eae645ae4d676b07a330968a1c94
city_out_Poland_Gdynia,priority/seed-2,Poland/Gdynia/Leszczynki | large,False,False,True,True,True,0.0,0.0,0.0,0.0,0.0,06312b27b138e8a0ffd26b30499450ada182d3bbf2fc14f897e12959976cb732,06312b27b138e8a0ffd26b30499450ada182d3bbf2fc14f897e12959976cb732
city_out_Poland_Gdynia,priority/seed-2,Poland/Gdynia/Mały Kack | large,False,False,True,False,True,0.0,1.0842021724855044e-17,0.0,0.0,0.0,21561928784d6d3321ba663dbc8b9b8ac3f9cadb489518cb99fbdd80fb05207a,21561928784d6d3321ba663dbc8b9b8ac3f9cadb489518cb99fbdd80fb05207a
city_out_Poland_Gdynia,priority/seed-2,Poland/Gdynia/Obłuże | large,False,False,True,True,True,0.0,0.0,0.0,0.0,0.0,2193bffd346de6e90a723875680b33c657316b211d4572373c346718cfd3d41d,2193bffd346de6e90a723875680b33c657316b211d4572373c346718cfd3d41d
city_out_Poland_Gdynia,priority/seed-2,Poland/Gdynia/Oksywie | large,False,False,True,True,True,0.0,0.0,0.0,0.0,0.0,e3636574308af8800c57cdf80c9d5a566582dc2713dc4a186dee96c6dee32e5e,e3636574308af8800c57cdf80c9d5a566582dc2713dc4a186dee96c6dee32e5e
city_out_Poland_Gdynia,priority/seed-2,Poland/Gdynia/Orłowo | large,False,False,True,True,True,0.0,0.0,0.0,0.0,0.0,2e99e101a4b0e206ba114570d1306617794ada44e7694e6f869c639f7d3da306,2e99e101a4b0e206ba114570d1306617794ada44e7694e6f869c639f7d3da306
city_out_Poland_Gdynia,priority/seed-2,Poland/Gdynia/Pogórze | large,False,False,True,True,True,0.0,0.0,0.0,0.0,0.0,3b87ca31251e004bfdf67e22eb1eb4a765e105af99cc99229734f621621221c6,3b87ca31251e004bfdf67e22eb1eb4a765e105af99cc99229734f621621221c6
city_out_Poland_Gdynia,priority/seed-2,Poland/Gdynia/Pustki Cisowskie-Demptowo | large,False,False,True,False,True,-8.326672684688674e-17,8.673617379884035e-18,0.0,0.0,0.0,72ef43d778d2f2df94878e1a2b12d1b0172bc95dea2ef51b23703849d7f1d6a7,72ef43d778d2f2df94878e1a2b12d1b0172bc95dea2ef51b23703849d7f1d6a7
city_out_Poland_Gdynia,priority/seed-2,Poland/Gdynia/Redłowo | large,False,False,True,True,True,0.0,0.0,0.0,0.0,0.0,b2a7890b0bc7366092390e05841e3d7e67a284e4fcae737d3f995a9341cbcadc,b2a7890b0bc7366092390e05841e3d7e67a284e4fcae737d3f995a9341cbcadc
city_out_Poland_Gdynia,priority/seed-2,Poland/Gdynia/Wielki Kack | large,False,False,True,True,True,0.0,0.0,0.0,0.0,0.0,2bd308c18fb68f5d81b5246f2264216dd59c1277beb0a842d25549309ff63d54,2bd308c18fb68f5d81b5246f2264216dd59c1277beb0a842d25549309ff63d54
city_out_Poland_Gdynia,priority/seed-2,Poland/Gdynia/Witomino | large,False,False,True,False,True,0.0,1.734723475976807e-17,0.0,0.0,0.0,15183ba76a68430c37c5bd4b277ad5c073ebd0c804e7c9f201b54ee4f9dd726d,15183ba76a68430c37c5bd4b277ad5c073ebd0c804e7c9f201b54ee4f9dd726d
city_out_Poland_Gdynia,priority/seed-2,Poland/Gdynia/Wzgórze Św. Maksymiliana | large,False,False,True,True,True,0.0,0.0,0.0,0.0,0.0,80218bab76933d97f9421e7f85b7fa87b80ffe72e34dd46f88cf6b88cf6f691b,80218bab76933d97f9421e7f85b7fa87b80ffe72e34dd46f88cf6b88cf6f691b
city_out_Poland_Gdynia,priority/seed-2,Poland/Gdynia/Śródmieście | large,False,False,True,True,True,0.0,0.0,0.0,0.0,0.0,a0bcca1aecb628368aefea0e4d0f285bf0349d62beb63498356685c1aad3057d,a0bcca1aecb628368aefea0e4d0f285bf0349d62beb63498356685c1aad3057d
city_out_Poland_Gdynia,priority/seed-42,Poland/Gdynia/Babie Doły | large,False,False,True,True,True,0.0,0.0,0.0,0.0,0.0,b1ead5fb43bd23866b30ee577465fd4c8d40dd7e5eed9088e2e73244225b9a66,b1ead5fb43bd23866b30ee577465fd4c8d40dd7e5eed9088e2e73244225b9a66
city_out_Poland_Gdynia,priority/seed-42,Poland/Gdynia/Chwarzno-Wiczlino | large,False,False,True,True,True,0.0,0.0,0.0,0.0,0.0,74e661addbada410d3217d9b69b90dbc2a01fff60dec28d692fcb4e9c7bbc167,74e661addbada410d3217d9b69b90dbc2a01fff60dec28d692fcb4e9c7bbc167
city_out_Poland_Gdynia,priority/seed-42,Poland/Gdynia/Chylonia | large,False,False,True,False,True,0.0,-1.5612511283791264e-17,0.0,0.0,0.0,c14a833feda6cbfb08596b93b47718954cadd591f3bb88a7dc238f3e743546d9,c14a833feda6cbfb08596b93b47718954cadd591f3bb88a7dc238f3e743546d9
city_out_Poland_Gdynia,priority/seed-42,Poland/Gdynia/Cisowa | large,False,False,True,False,True,0.0,4.163336342344337e-17,0.0,0.0,0.0,5ff5d249432a18c6e83fc9742d3507a32b33ec130991bc2513d2e2eab44bd1fe,5ff5d249432a18c6e83fc9742d3507a32b33ec130991bc2513d2e2eab44bd1fe
city_out_Poland_Gdynia,priority/seed-42,Poland/Gdynia/Działki Leśne | large,False,False,True,True,True,0.0,0.0,0.0,0.0,0.0,a33f187f4f15474374d320215a6625280771c9390ce0db3a58813e8bd30df574,a33f187f4f15474374d320215a6625280771c9390ce0db3a58813e8bd30df574
city_out_Poland_Gdynia,priority/seed-42,Poland/Gdynia/Dąbrowa | large,False,False,True,True,True,0.0,0.0,0.0,0.0,0.0,b51f3d912f43b977f8ae3a38a0580c56e82da0a6ee79dd177155b078a1722eb6,b51f3d912f43b977f8ae3a38a0580c56e82da0a6ee79dd177155b078a1722eb6
city_out_Poland_Gdynia,priority/seed-42,Poland/Gdynia/Grabówek | large,False,False,True,True,True,0.0,0.0,0.0,0.0,0.0,eb711f6a15debe63a6d3b9aaf5e75b8837b05f500714a9e9a24233b74484dfab,eb711f6a15debe63a6d3b9aaf5e75b8837b05f500714a9e9a24233b74484dfab
city_out_Poland_Gdynia,priority/seed-42,Poland/Gdynia/Kamienna Góra | large,False,False,True,True,True,0.0,0.0,0.0,0.0,0.0,3ccbc44775c57724a2e25f940290122a9f0ed4da67771e87e931942570df4588,3ccbc44775c57724a2e25f940290122a9f0ed4da67771e87e931942570df4588
city_out_Poland_Gdynia,priority/seed-42,Poland/Gdynia/Karwiny | large,False,False,True,True,True,0.0,0.0,0.0,0.0,0.0,39c9a88f60c12afdabf3d137ef2e54c48407eae645ae4d676b07a330968a1c94,39c9a88f60c12afdabf3d137ef2e54c48407eae645ae4d676b07a330968a1c94
city_out_Poland_Gdynia,priority/seed-42,Poland/Gdynia/Leszczynki | large,False,False,True,True,True,0.0,0.0,0.0,0.0,0.0,06312b27b138e8a0ffd26b30499450ada182d3bbf2fc14f897e12959976cb732,06312b27b138e8a0ffd26b30499450ada182d3bbf2fc14f897e12959976cb732
city_out_Poland_Gdynia,priority/seed-42,Poland/Gdynia/Mały Kack | large,False,False,True,False,True,0.0,1.0842021724855044e-17,0.0,0.0,0.0,21561928784d6d3321ba663dbc8b9b8ac3f9cadb489518cb99fbdd80fb05207a,21561928784d6d3321ba663dbc8b9b8ac3f9cadb489518cb99fbdd80fb05207a
city_out_Poland_Gdynia,priority/seed-42,Poland/Gdynia/Obłuże | large,False,False,True,True,True,0.0,0.0,0.0,0.0,0.0,2193bffd346de6e90a723875680b33c657316b211d4572373c346718cfd3d41d,2193bffd346de6e90a723875680b33c657316b211d4572373c346718cfd3d41d
city_out_Poland_Gdynia,priority/seed-42,Poland/Gdynia/Oksywie | large,False,False,True,True,True,0.0,0.0,0.0,0.0,0.0,11f77976e1425f90606e1ba360a21a2da0c72236280fe54dc9b3aee960b96131,11f77976e1425f90606e1ba360a21a2da0c72236280fe54dc9b3aee960b96131
city_out_Poland_Gdynia,priority/seed-42,Poland/Gdynia/Orłowo | large,False,False,True,True,True,0.0,0.0,0.0,0.0,0.0,2e99e101a4b0e206ba114570d1306617794ada44e7694e6f869c639f7d3da306,2e99e101a4b0e206ba114570d1306617794ada44e7694e6f869c639f7d3da306
city_out_Poland_Gdynia,priority/seed-42,Poland/Gdynia/Pogórze | large,False,False,True,True,True,0.0,0.0,0.0,0.0,0.0,3b87ca31251e004bfdf67e22eb1eb4a765e105af99cc99229734f621621221c6,3b87ca31251e004bfdf67e22eb1eb4a765e105af99cc99229734f621621221c6
city_out_Poland_Gdynia,priority/seed-42,Poland/Gdynia/Pustki Cisowskie-Demptowo | large,False,False,True,False,True,-8.326672684688674e-17,8.673617379884035e-18,0.0,0.0,0.0,72ef43d778d2f2df94878e1a2b12d1b0172bc95dea2ef51b23703849d7f1d6a7,72ef43d778d2f2df94878e1a2b12d1b0172bc95dea2ef51b23703849d7f1d6a7
city_out_Poland_Gdynia,priority/seed-42,Poland/Gdynia/Redłowo | large,False,False,True,True,True,0.0,0.0,0.0,0.0,0.0,b2a7890b0bc7366092390e05841e3d7e67a284e4fcae737d3f995a9341cbcadc,b2a7890b0bc7366092390e05841e3d7e67a284e4fcae737d3f995a9341cbcadc
city_out_Poland_Gdynia,priority/seed-42,Poland/Gdynia/Wielki Kack | large,False,False,True,True,True,0.0,0.0,0.0,0.0,0.0,2bd308c18fb68f5d81b5246f2264216dd59c1277beb0a842d25549309ff63d54,2bd308c18fb68f5d81b5246f2264216dd59c1277beb0a842d25549309ff63d54
city_out_Poland_Gdynia,priority/seed-42,Poland/Gdynia/Witomino | large,False,False,True,False,True,0.0,1.734723475976807e-17,0.0,0.0,0.0,15183ba76a68430c37c5bd4b277ad5c073ebd0c804e7c9f201b54ee4f9dd726d,15183ba76a68430c37c5bd4b277ad5c073ebd0c804e7c9f201b54ee4f9dd726d
city_out_Poland_Gdynia,priority/seed-42,Poland/Gdynia/Wzgórze Św. Maksymiliana | large,False,False,True,True,True,0.0,0.0,0.0,0.0,0.0,80218bab76933d97f9421e7f85b7fa87b80ffe72e34dd46f88cf6b88cf6f691b,80218bab76933d97f9421e7f85b7fa87b80ffe72e34dd46f88cf6b88cf6f691b
city_out_Poland_Gdynia,priority/seed-42,Poland/Gdynia/Śródmieście | large,False,False,True,True,True,0.0,0.0,0.0,0.0,0.0,a0bcca1aecb628368aefea0e4d0f285bf0349d62beb63498356685c1aad3057d,a0bcca1aecb628368aefea0e4d0f285bf0349d62beb63498356685c1aad3057d
city_out_Poland_Gdynia,res-1.0,Poland/Gdynia/Babie Doły | large,True,False,True,True,True,0.0,0.0,0.0,0.0,0.0,b1ead5fb43bd23866b30ee577465fd4c8d40dd7e5eed9088e2e73244225b9a66,b1ead5fb43bd23866b30ee577465fd4c8d40dd7e5eed9088e2e73244225b9a66
city_out_Poland_Gdynia,res-1.0,Poland/Gdynia/Chwarzno-Wiczlino | large,True,False,True,True,True,0.0,0.0,0.0,0.0,0.0,74e661addbada410d3217d9b69b90dbc2a01fff60dec28d692fcb4e9c7bbc167,74e661addbada410d3217d9b69b90dbc2a01fff60dec28d692fcb4e9c7bbc167
city_out_Poland_Gdynia,res-1.0,Poland/Gdynia/Chylonia | large,True,False,True,False,True,0.0,-1.5612511283791264e-17,0.0,0.0,0.0,c14a833feda6cbfb08596b93b47718954cadd591f3bb88a7dc238f3e743546d9,c14a833feda6cbfb08596b93b47718954cadd591f3bb88a7dc238f3e743546d9
city_out_Poland_Gdynia,res-1.0,Poland/Gdynia/Cisowa | large,True,False,True,False,True,0.0,4.163336342344337e-17,0.0,0.0,0.0,5ff5d249432a18c6e83fc9742d3507a32b33ec130991bc2513d2e2eab44bd1fe,5ff5d249432a18c6e83fc9742d3507a32b33ec130991bc2513d2e2eab44bd1fe
city_out_Poland_Gdynia,res-1.0,Poland/Gdynia/Działki Leśne | large,True,False,True,True,True,0.0,0.0,0.0,0.0,0.0,a33f187f4f15474374d320215a6625280771c9390ce0db3a58813e8bd30df574,a33f187f4f15474374d320215a6625280771c9390ce0db3a58813e8bd30df574
city_out_Poland_Gdynia,res-1.0,Poland/Gdynia/Dąbrowa | large,True,False,True,True,True,0.0,0.0,0.0,0.0,0.0,b51f3d912f43b977f8ae3a38a0580c56e82da0a6ee79dd177155b078a1722eb6,b51f3d912f43b977f8ae3a38a0580c56e82da0a6ee79dd177155b078a1722eb6
city_out_Poland_Gdynia,res-1.0,Poland/Gdynia/Grabówek | large,True,False,True,True,True,0.0,0.0,0.0,0.0,0.0,eb711f6a15debe63a6d3b9aaf5e75b8837b05f500714a9e9a24233b74484dfab,eb711f6a15debe63a6d3b9aaf5e75b8837b05f500714a9e9a24233b74484dfab
city_out_Poland_Gdynia,res-1.0,Poland/Gdynia/Kamienna Góra | large,True,False,True,True,True,0.0,0.0,0.0,0.0,0.0,3ccbc44775c57724a2e25f940290122a9f0ed4da67771e87e931942570df4588,3ccbc44775c57724a2e25f940290122a9f0ed4da67771e87e931942570df4588
city_out_Poland_Gdynia,res-1.0,Poland/Gdynia/Karwiny | large,True,False,True,True,True,0.0,0.0,0.0,0.0,0.0,39c9a88f60c12afdabf3d137ef2e54c48407eae645ae4d676b07a330968a1c94,39c9a88f60c12afdabf3d137ef2e54c48407eae645ae4d676b07a330968a1c94
city_out_Poland_Gdynia,res-1.0,Poland/Gdynia/Leszczynki | large,True,False,True,True,True,0.0,0.0,0.0,0.0,0.0,06312b27b138e8a0ffd26b30499450ada182d3bbf2fc14f897e12959976cb732,06312b27b138e8a0ffd26b30499450ada182d3bbf2fc14f897e12959976cb732
city_out_Poland_Gdynia,res-1.0,Poland/Gdynia/Mały Kack | large,True,False,True,False,True,0.0,1.0842021724855044e-17,0.0,0.0,0.0,21561928784d6d3321ba663dbc8b9b8ac3f9cadb489518cb99fbdd80fb05207a,21561928784d6d3321ba663dbc8b9b8ac3f9cadb489518cb99fbdd80fb05207a
city_out_Poland_Gdynia,res-1.0,Poland/Gdynia/Obłuże | large,True,False,True,True,True,0.0,0.0,0.0,0.0,0.0,2193bffd346de6e90a723875680b33c657316b211d4572373c346718cfd3d41d,2193bffd346de6e90a723875680b33c657316b211d4572373c346718cfd3d41d
city_out_Poland_Gdynia,res-1.0,Poland/Gdynia/Oksywie | large,True,False,True,True,True,0.0,0.0,0.0,0.0,0.0,11f77976e1425f90606e1ba360a21a2da0c72236280fe54dc9b3aee960b96131,11f77976e1425f90606e1ba360a21a2da0c72236280fe54dc9b3aee960b96131
city_out_Poland_Gdynia,res-1.0,Poland/Gdynia/Orłowo | large,True,False,True,True,True,0.0,0.0,0.0,0.0,0.0,2e99e101a4b0e206ba114570d1306617794ada44e7694e6f869c639f7d3da306,2e99e101a4b0e206ba114570d1306617794ada44e7694e6f869c639f7d3da306
city_out_Poland_Gdynia,res-1.0,Poland/Gdynia/Pogórze | large,True,False,True,True,True,0.0,0.0,0.0,0.0,0.0,3b87ca31251e004bfdf67e22eb1eb4a765e105af99cc99229734f621621221c6,3b87ca31251e004bfdf67e22eb1eb4a765e105af99cc99229734f621621221c6
city_out_Poland_Gdynia,res-1.0,Poland/Gdynia/Pustki Cisowskie-Demptowo | large,True,False,True,False,True,-8.326672684688674e-17,8.673617379884035e-18,0.0,0.0,0.0,72ef43d778d2f2df94878e1a2b12d1b0172bc95dea2ef51b23703849d7f1d6a7,72ef43d778d2f2df94878e1a2b12d1b0172bc95dea2ef51b23703849d7f1d6a7
city_out_Poland_Gdynia,res-1.0,Poland/Gdynia/Redłowo | large,True,False,True,True,True,0.0,0.0,0.0,0.0,0.0,b2a7890b0bc7366092390e05841e3d7e67a284e4fcae737d3f995a9341cbcadc,b2a7890b0bc7366092390e05841e3d7e67a284e4fcae737d3f995a9341cbcadc
city_out_Poland_Gdynia,res-1.0,Poland/Gdynia/Wielki Kack | large,True,False,True,True,True,0.0,0.0,0.0,0.0,0.0,2bd308c18fb68f5d81b5246f2264216dd59c1277beb0a842d25549309ff63d54,2bd308c18fb68f5d81b5246f2264216dd59c1277beb0a842d25549309ff63d54
city_out_Poland_Gdynia,res-1.0,Poland/Gdynia/Witomino | large,True,False,True,False,True,0.0,1.734723475976807e-17,0.0,0.0,0.0,15183ba76a68430c37c5bd4b277ad5c073ebd0c804e7c9f201b54ee4f9dd726d,15183ba76a68430c37c5bd4b277ad5c073ebd0c804e7c9f201b54ee4f9dd726d
city_out_Poland_Gdynia,res-1.0,Poland/Gdynia/Wzgórze Św. Maksymiliana | large,True,False,True,True,True,0.0,0.0,0.0,0.0,0.0,80218bab76933d97f9421e7f85b7fa87b80ffe72e34dd46f88cf6b88cf6f691b,80218bab76933d97f9421e7f85b7fa87b80ffe72e34dd46f88cf6b88cf6f691b
city_out_Poland_Gdynia,res-1.0,Poland/Gdynia/Śródmieście | large,True,False,True,True,True,0.0,0.0,0.0,0.0,0.0,a0bcca1aecb628368aefea0e4d0f285bf0349d62beb63498356685c1aad3057d,a0bcca1aecb628368aefea0e4d0f285bf0349d62beb63498356685c1aad3057d
city_out_Poland_Warszawa,endowment/seed-42,Poland/Warszawa/Bemowo,False,False,False,False,True,-0.005498819415897999,0.0010312861363795806,859.0,-244864640.0,-0.0010528241678706973,e964752ce1ace8dbc9dd8050d1d3f7d94738d27a1cccc428a23ce29cc8ef577d,c121f0f7836f12c9ca472443f36781ab32719a343401e2c3b52ca85ad3768094
city_out_Poland_Warszawa,endowment/seed-42,Poland/Warszawa/Białołęka,False,False,True,False,True,0.0,-3.469446951953614e-17,0.0,0.0,0.0,9b3c1510a7369aaa55090d63902fd8195604ba80ede2e5382397515495c81ff6,9b3c1510a7369aaa55090d63902fd8195604ba80ede2e5382397515495c81ff6
city_out_Poland_Warszawa,endowment/seed-42,Poland/Warszawa/Bielany,False,False,False,False,True,0.0005571697430846456,0.000812744921075928,116.0,27881000.0,0.0002712783994574461,0987dc8722bafc5812250fca32955d3127f7d2788b8ee14fd820088529e389d3,790572de984a89373883689b9e9e79eaef210a693b81129abdf5558b3d3b0685
city_out_Poland_Warszawa,endowment/seed-42,Poland/Warszawa/Mokotów,False,False,False,False,True,0.0031784433473946994,3.5465158313797984e-05,-134.0,-46500000.0,0.0,ee081e65eadefbad5e8f83cfb49d1c9c92b048451adb83fb3642e9dadfaee49f,b286d1de69e313486bd627546e6ecf24aca9fadcd01cfe0bb62c8b7127aa45a1
city_out_Poland_Warszawa,endowment/seed-42,Poland/Warszawa/Ochota,False,False,True,False,True,-1.1102230246251565e-16,-5.551115123125783e-17,0.0,0.0,0.0,71200540a3290fc73b01a9bde4afd3d8f4f5531247638164a1f0332ff11c3f6b,71200540a3290fc73b01a9bde4afd3d8f4f5531247638164a1f0332ff11c3f6b
city_out_Poland_Warszawa,endowment/seed-42,Poland/Warszawa/Praga-Południe,False,False,True,False,True,1.1102230246251565e-16,4.163336342344337e-17,0.0,0.0,0.0,6b09f4705a8573e5b19bc84842302a051deeba8eedb173c3c5eb8076d4bb29a0,6b09f4705a8573e5b19bc84842302a051deeba8eedb173c3c5eb8076d4bb29a0
city_out_Poland_Warszawa,endowment/seed-42,Poland/Warszawa/Praga-Północ,False,False,False,False,True,0.007126414342913584,0.0009268341655238599,21.0,-14047775.0,0.00038446751249519157,ad6d3f1075ef05a4995ac0bb721e738e031becfbe5908bc86e15a05f16640241,1a9edfbe154c7477287a7ff96f1f8ff28106a9e3bfb1d19161617d1bb1fe41cd
city_out_Poland_Warszawa,endowment/seed-42,Poland/Warszawa/Rembertów,False,False,True,False,True,0.0,4.5102810375396984e-17,0.0,0.0,0.0,4b999af49287aa82a481c25752f6840383473c225923255fc32c61e4ea3bf60d,4b999af49287aa82a481c25752f6840383473c225923255fc32c61e4ea3bf60d
city_out_Poland_Warszawa,endowment/seed-42,Poland/Warszawa/Targówek,False,False,False,False,True,0.0010705936673224836,0.0005849691532738635,39.0,49964600.0,0.00029563932002955873,1a2bbbfd19ae719c3bdc4b1bc6f7d6e2303f7ac4bf212f4d8211e6713c275865,843f9464364e414911a2555d0c25fdacc2372f46d1a2884b0e86b32e991f4ab7
city_out_Poland_Warszawa,endowment/seed-42,Poland/Warszawa/Ursus,False,False,False,False,True,0.00408532757429475,-0.00279884831415389,501.0,-175672000.0,8.220304151253591e-05,b90270f673fcdc8ea2957213624a6d847c9ed26c06487c1386c4945fea26bc17,cec4a68a54f2349e71fd06b8e10bfdfa04d5d1b75b0fd29286f625a793a108de
city_out_Poland_Warszawa,endowment/seed-42,Poland/Warszawa/Ursynów,False,False,True,False,True,0.0,3.122502256758253e-17,0.0,0.0,0.0,c12fe2f6df153756b07964db38890de929da93cb1ea9b7be14a4d1fa6ae35a1a,c12fe2f6df153756b07964db38890de929da93cb1ea9b7be14a4d1fa6ae35a1a
city_out_Poland_Warszawa,endowment/seed-42,Poland/Warszawa/Wawer,False,False,False,False,True,0.023435384323601594,0.004745987528181346,16.0,-1450800.0,0.0,a2188396285facf9a2af873cbdb9656b355c3ba6c5295d2cd8358d1119900e08,6a365f1bf4b11edec258e8dbce40e992664008df06367dc4f202e16f7e379aac
city_out_Poland_Warszawa,endowment/seed-42,Poland/Warszawa/Wesoła,False,False,False,False,True,0.004101218332186213,-0.0003835697922569409,-15.0,-1619100.0,0.0005307855626326963,2c2196866304c40a91b6b14b21f9a44d4d19161828ac337cb2761d10eae4ef04,8895322b29ff4ac5f202f2b097a5fd5c91ec8b85bc669da097f6f7d9588ce756
city_out_Poland_Warszawa,endowment/seed-42,Poland/Warszawa/Wilanów,False,False,True,False,True,-1.1102230246251565e-16,2.0816681711721685e-17,0.0,0.0,0.0,95e3b294889638d351845078d7354d2f350d44cf87cc045bbfbedc8e6f5d4968,95e3b294889638d351845078d7354d2f350d44cf87cc045bbfbedc8e6f5d4968
city_out_Poland_Warszawa,endowment/seed-42,Poland/Warszawa/Wola,False,True,True,False,True,1.3877787807814457e-16,6.938893903907228e-17,0.0,0.0,0.0,e0205b47c73de60f5a7aecb464eb2348137f79eeb13ced0310f478b5801ad25a,e0205b47c73de60f5a7aecb464eb2348137f79eeb13ced0310f478b5801ad25a
city_out_Poland_Warszawa,endowment/seed-42,Poland/Warszawa/Włochy,False,False,False,False,False,-0.0054458221292688486,-0.0006355587665097633,238.0,44117000.0,0.00035442140705298567,6dfc207c82fbcfc3d4ee3326c79d4ceb3de1c576454f340bdf9c60a5bf3f070c,2fb6d3ff1f8827b229a0ffd26180a2287f2c64a409c6d6c08d422f8989cfba6c
city_out_Poland_Warszawa,endowment/seed-42,Poland/Warszawa/Śródmieście,False,False,True,False,True,0.0,-6.938893903907228e-18,0.0,0.0,0.0,7b61e240fab3c8e82159aa3b9e9f49d7a8820f1cebf145c6fa7adef7ab7bdf0f,7b61e240fab3c8e82159aa3b9e9f49d7a8820f1cebf145c6fa7adef7ab7bdf0f
city_out_Poland_Warszawa,endowment/seed-42,Poland/Warszawa/Żoliborz,False,False,True,False,True,1.1102230246251565e-16,-3.469446951953614e-17,0.0,0.0,0.0,2e480dd4a4bce83061367b36005b7d39210aa768c49881a04664661754b02bff,2e480dd4a4bce83061367b36005b7d39210aa768c49881a04664661754b02bff
city_out_Poland_Warszawa,greedy-cost,Poland/Warszawa/Bemowo,True,False,True,False,True,1.942890293094024e-16,6.245004513516506e-17,0.0,0.0,0.0,2762273de03763f1def07243ac8e56301866f9bf8eba4bd494cc9f25bef69ac8,2762273de03763f1def07243ac8e56301866f9bf8eba4bd494cc9f25bef69ac8
city_out_Poland_Warszawa,greedy-cost,Poland/Warszawa/Białołęka,True,False,True,True,True,0.0,0.0,0.0,0.0,0.0,e2167d55a81fbce853f850ecb920aaba82a7855ff74f86590ab9cd16c531dc24,e2167d55a81fbce853f850ecb920aaba82a7855ff74f86590ab9cd16c531dc24
city_out_Poland_Warszawa,greedy-cost,Poland/Warszawa/Bielany,True,False,True,False,True,-2.914335439641036e-16,-2.7755575615628914e-17,0.0,0.0,0.0,eb10a352ebde67ffce56d90a408b44921f851a856e69543f036f93e82df685ec,eb10a352ebde67ffce56d90a408b44921f851a856e69543f036f93e82df685ec
city_out_Poland_Warszawa,greedy-cost,Poland/Warszawa/Mokotów,True,False,True,False,True,-5.551115123125783e-17,-6.245004513516506e-17,0.0,0.0,0.0,8176527d9296930656c4491e0f4afb1a867b201f5789fed48a01938ec6a400b8,8176527d9296930656c4491e0f4afb1a867b201f5789fed48a01938ec6a400b8
city_out_Poland_Warszawa,greedy-cost,Poland/Warszawa/Ochota,True,False,True,False,True,-1.3877787807814457e-16,-6.938893903907228e-17,0.0,0.0,0.0,1489243c1d4c9572553dfa1f5b275f77e8f6b88fe3130604fedc2db5db79b874,1489243c1d4c9572553dfa1f5b275f77e8f6b88fe3130604fedc2db5db79b874
city_out_Poland_Warszawa,greedy-cost,Poland/Warszawa/Praga-Południe,True,False,True,False,True,-1.3877787807814457e-16,-2.0816681711721685e-17,0.0,0.0,0.0,fae68d0de1b3061b189294dab13f6d79a94280154c050b8a5fa721045c5ffc7a,fae68d0de1b3061b189294dab13f6d79a94280154c050b8a5fa721045c5ffc7a
city_out_Poland_Warszawa,greedy-cost,Poland/Warszawa/Praga-Północ,True,False,True,False,True,8.326672684688674e-17,-2.7755575615628914e-17,0.0,0.0,0.0,a3a913907c9ceee257044c64d1c32e605e8ba4353d93618ae32b5597da3956e8,a3a913907c9ceee257044c64d1c32e605e8ba4353d93618ae32b5597da3956e8
city_out_Poland_Warszawa,greedy-cost,Poland/Warszawa/Rembertów,True,False,True,False,True,0.0,5.551115123125783e-17,0.0,0.0,0.0,db16307ea594e85609ee382eec65f6c2d85ffd888504250312b344e5c56b3f4d,db16307ea594e85609ee382eec65f6c2d85ffd888504250312b344e5c56b3f4d
city_out_Poland_Warszawa,greedy-cost,Poland/Warszawa/Targówek,True,False,True,False,True,1.1102230246251565e-16,6.938893903907228e-18,0.0,0.0,0.0,b11602f150597a6b282966b02508b324a3ffc06ab097ddced0ecc70d76e6767e,b11602f150597a6b282966b02508b324a3ffc06ab097ddced0ecc70d76e6767e
city_out_Poland_Warszawa,greedy-cost,Poland/Warszawa/Ursus,True,False,True,False,True,0.0,5.551115123125783e-17,0.0,0.0,0.0,bf8ed5830762185a504c2c7e08fd05f59e904ca1f2ab6d8582e4ea2f0f92ceb4,bf8ed5830762185a504c2c7e08fd05f59e904ca1f2ab6d8582e4ea2f0f92ceb4
city_out_Poland_Warszawa,greedy-cost,Poland/Warszawa/Ursynów,True,False,True,False,True,3.0531133177191805e-16,1.0928757898653885e-16,0.0,0.0,0.0,c5bcc664519fc7f0e970c45b6fa4a8a54e85b8725c337bd34d149d894a9e9ced,c5bcc664519fc7f0e970c45b6fa4a8a54e85b8725c337bd34d149d894a9e9ced
city_out_Poland_Warszawa,greedy-cost,Poland/Warszawa/Wawer,True,False,True,False,True,-1.3877787807814457e-16,-2.0816681711721685e-17,0.0,0.0,0.0,29a66b71bdff53eccbb5da34519194e76584a8f43e04bb7ff56cd6e99c0487ee,29a66b71bdff53eccbb5da34519194e76584a8f43e04bb7ff56cd6e99c0487ee
city_out_Poland_Warszawa,greedy-cost,Poland/Warszawa/Wesoła,True,False,True,False,True,0.0,4.163336342344337e-17,0.0,0.0,0.0,7a8c1ea907fb30aba2790768601d26e9ca730052614bf337fa98c64fe5be4ec5,7a8c1ea907fb30aba2790768601d26e9ca730052614bf337fa98c64fe5be4ec5
city_out_Poland_Warszawa,greedy-cost,Poland/Warszawa/Wilanów,True,False,True,False,True,-5.551115123125783e-17,4.85722573273506e-17,0.0,0.0,0.0,a1efb4e1880f7f12a4611842a1a6eafcc6a088002164409c0fb5c781b5c1a591,a1efb4e1880f7f12a4611842a1a6eafcc6a088002164409c0fb5c781b5c1a591
city_out_Poland_Warszawa,greedy-cost,Poland/Warszawa/Wola,True,True,True,False,True,1.3877787807814457e-16,1.3183898417423734e-16,0.0,0.0,0.0,af35b031e264416db2074009f0a9bfc1ba52f717523b38596586f1ee59264355,af35b031e264416db2074009f0a9bfc1ba52f717523b38596586f1ee59264355
city_out_Poland_Warszawa,greedy-cost,Poland/Warszawa/Włochy,True,False,True,False,True,-3.0531133177191805e-16,-1.3877787807814457e-16,0.0,0.0,0.0,3fae356de7c27713bbb134da5e484c63d02f8ae2ebb3b8606a73ecabc38578fe,3fae356de7c27713bbb134da5e484c63d02f8ae2ebb3b8606a73ecabc38578fe
city_out_Poland_Warszawa,greedy-cost,Poland/Warszawa/Śródmieście,True,False,True,False,True,-1.1102230246251565e-16,-6.938893903907228e-18,0.0,0.0,0.0,63e8c7d73b5ba9228cffc617720799a62ce3a1d8bea3910bd58e97dd7bb62007,63e8c7d73b5ba9228cffc617720799a62ce3a1d8bea3910bd58e97dd7bb62007
city_out_Poland_Warszawa,greedy-cost,Poland/Warszawa/Żoliborz,True,False,True,False,True,2.220446049250313e-16,-4.85722573273506e-17,0.0,0.0,0.0,3409cbef0273c7f7902eee0cbdc0a2df8bed3e2103d37651013f9cf9a148ca3a,3409cbef0273c7f7902eee0cbdc0a2df8bed3e2103d37651013f9cf9a148ca3a
city_out_Poland_Warszawa,greedy-count,Poland/Warszawa/Bemowo,True,False,True,False,True,0.0,-6.938893903907228e-17,0.0,0.0,0.0,69c67b937609fdfc88217bc39bd1351adce8509cd088420cef17ebad3c352d5a,69c67b937609fdfc88217bc39bd1351adce8509cd088420cef17ebad3c352d5a
city_out_Poland_Warszawa,greedy-count,Poland/Warszawa/Białołęka,True,False,True,False,True,0.0,-3.469446951953614e-17,0.0,0.0,0.0,e641542c2df6582d8a99ea12549687f383aca0234f9c534b79cd21c19e1d89f8,e641542c2df6582d8a99ea12549687f383aca0234f9c534b79cd21c19e1d89f8
city_out_Poland_Warszawa,greedy-count,Poland/Warszawa/Bielany,True,False,True,False,True,-1.1102230246251565e-16,-1.3877787807814457e-17,0.0,0.0,0.0,778f8cfed181bb961458947fe41efe457adcc9154e0a0dd04f1f5f5277065255,778f8cfed181bb961458947fe41efe457adcc9154e0a0dd04f1f5f5277065255
city_out_Poland_Warszawa,greedy-count,Poland/Warszawa/Mokotów,True,False,True,False,True,0.0,-7.632783294297951e-17,0.0,0.0,0.0,02bef7133dc7f3d1cb843aaffd50be5fb8ce7e0c61e33e3caab860d05bf704aa,02bef7133dc7f3d1cb843aaffd50be5fb8ce7e0c61e33e3caab860d05bf704aa
city_out_Poland_Warszawa,greedy-count,Poland/Warszawa/Ochota,True,False,True,False,True,1.3877787807814457e-16,2.0816681711721685e-17,0.0,0.0,0.0,36482eb2783136b76e1b05ca62c8253f088f98dfd4258c3e7215706ef450482b,36482eb2783136b76e1b05ca62c8253f088f98dfd4258c3e7215706ef450482b
city_out_Poland_Warszawa,greedy-count,Poland/Warszawa/Praga-Południe,True,False,True,False,True,1.1102230246251565e-16,1.3877787807814457e-17,0.0,0.0,0.0,34a351aec7610e11473102bd82863e1bec97dc7c286fda6b47c357ce0ef56fac,34a351aec7610e11473102bd82863e1bec97dc7c286fda6b47c357ce0ef56fac
city_out_Poland_Warszawa,greedy-count,Poland/Warszawa/Praga-Północ,True,False,True,False,True,5.551115123125783e-17,2.7755575615628914e-17,0.0,0.0,0.0,3a344f01bc8967af868ae487ce2c4407311dd8ccd44d3b31501435bf7ac15507,3a344f01bc8967af868ae487ce2c4407311dd8ccd44d3b31501435bf7ac15507
city_out_Poland_Warszawa,greedy-count,Poland/Warszawa/Rembertów,True,False,True,False,True,0.0,-6.938893903907228e-18,0.0,0.0,0.0,ccb8607b0299bd04daf11dd1a10179d9a66fa90d2fe24e8d0e317305229a15fe,ccb8607b0299bd04daf11dd1a10179d9a66fa90d2fe24e8d0e317305229a15fe
city_out_Poland_Warszawa,greedy-count,Poland/Warszawa/Targówek,True,False,True,False,True,-1.3877787807814457e-16,4.85722573273506e-17,0.0,0.0,0.0,4aedb76b87ef0de48093418c574627fd97782f2395393d7991dc51698b7f7e7a,4aedb76b87ef0de48093418c574627fd97782f2395393d7991dc51698b7f7e7a
city_out_Poland_Warszawa,greedy-count,Poland/Warszawa/Ursus,True,False,True,False,True,0.0,4.163336342344337e-17,0.0,0.0,0.0,19dc4d3a39193b67c5d54ca3f68c31735f71391d57dff5f094b7b5717e71eff7,19dc4d3a39193b67c5d54ca3f68c31735f71391d57dff5f094b7b5717e71eff7
city_out_Poland_Warszawa,greedy-count,Poland/Warszawa/Ursynów,True,False,True,False,True,-2.0816681711721685e-16,-2.5153490401663703e-17,0.0,0.0,0.0,da4574e9fa04a8fdedef839d0d8c75f6f474107e48f0b9ec86877a80d34079cb,da4574e9fa04a8fdedef839d0d8c75f6f474107e48f0b9ec86877a80d34079cb
city_out_Poland_Warszawa,greedy-count,Poland/Warszawa/Wawer,True,False,True,False,True,0.0,-4.163336342344337e-17,0.0,0.0,0.0,12f30552692a93f7c587c6b12b18bcdf2ad11ce268f8cf32ce80b4545e697501,12f30552692a93f7c587c6b12b18bcdf2ad11ce268f8cf32ce80b4545e697501
city_out_Poland_Warszawa,greedy-count,Poland/Warszawa/Wesoła,True,False,True,False,True,1.1102230246251565e-16,8.326672684688674e-17,0.0,0.0,0.0,8625edec3210d9d57aea79ad8bc5fd7257d24f7099c4b44fcd8a1da21316a262,8625edec3210d9d57aea79ad8bc5fd7257d24f7099c4b44fcd8a1da21316a262
city_out_Poland_Warszawa,greedy-count,Poland/Warszawa/Wilanów,True,False,True,False,True,-1.1102230246251565e-16,-6.938893903907228e-18,0.0,0.0,0.0,50a361d9f812b0d8316889af42fa33d206bd144913fbea2fa52fcdf7d93b36f1,50a361d9f812b0d8316889af42fa33d206bd144913fbea2fa52fcdf7d93b36f1
city_out_Poland_Warszawa,greedy-count,Poland/Warszawa/Wola,True,True,True,False,True,0.0,2.7755575615628914e-17,0.0,0.0,0.0,a07574cae169f59fcf0703884c4634f32c3c6e2be39bbaa6298a3d9979c07791,a07574cae169f59fcf0703884c4634f32c3c6e2be39bbaa6298a3d9979c07791
city_out_Poland_Warszawa,greedy-count,Poland/Warszawa/Włochy,True,False,True,False,True,-1.5265566588595902e-16,-6.938893903907228e-18,0.0,0.0,0.0,f04a52296cd4bc4f5d51db3323c01a0eca181c411bfa8388b16b94054be1489c,f04a52296cd4bc4f5d51db3323c01a0eca181c411bfa8388b16b94054be1489c
city_out_Poland_Warszawa,greedy-count,Poland/Warszawa/Śródmieście,True,False,True,False,True,0.0,4.163336342344337e-17,0.0,0.0,0.0,6b634c1cb402e686f45849c5fe36efa2f79c3ef61d92cb729084ac5b63364fa2,6b634c1cb402e686f45849c5fe36efa2f79c3ef61d92cb729084ac5b63364fa2
city_out_Poland_Warszawa,greedy-count,Poland/Warszawa/Żoliborz,True,False,True,False,True,0.0,-5.551115123125783e-17,0.0,0.0,0.0,2883d6f31331365ec6433788de257a8e95fbb288cdbfb1710887640ec4ba06a7,2883d6f31331365ec6433788de257a8e95fbb288cdbfb1710887640ec4ba06a7
city_out_Poland_Warszawa,mes,Poland/Warszawa/Bemowo,True,False,True,False,True,0.0,5.551115123125783e-17,0.0,0.0,0.0,c121f0f7836f12c9ca472443f36781ab32719a343401e2c3b52ca85ad3768094,c121f0f7836f12c9ca472443f36781ab32719a343401e2c3b52ca85ad3768094
city_out_Poland_Warszawa,mes,Poland/Warszawa/Białołęka,True,False,True,False,True,-1.3877787807814457e-16,3.469446951953614e-17,0.0,0.0,0.0,786b06934e7a94ec6bb21cb763cea0ca1f5c6b7e62351ac464e6d404727a4ad9,786b06934e7a94ec6bb21cb763cea0ca1f5c6b7e62351ac464e6d404727a4ad9
city_out_Poland_Warszawa,mes,Poland/Warszawa/Bielany,True,False,True,False,True,1.1102230246251565e-16,-4.5102810375396984e-17,0.0,0.0,0.0,eec79ff16b29a2fe9d95d4692c3e9bc04e26f1e7724f6a3253b34bdfd22f5469,eec79ff16b29a2fe9d95d4692c3e9bc04e26f1e7724f6a3253b34bdfd22f5469
city_out_Poland_Warszawa,mes,Poland/Warszawa/Mokotów,True,False,True,True,True,0.0,0.0,0.0,0.0,0.0,7ee9db3adca17889743cd2d914cebfde9d3755ebfe325c6bb84e21f91f44d2e1,7ee9db3adca17889743cd2d914cebfde9d3755ebfe325c6bb84e21f91f44d2e1
city_out_Poland_Warszawa,mes,Poland/Warszawa/Ochota,True,False,True,False,True,-1.3877787807814457e-16,-4.85722573273506e-17,0.0,0.0,0.0,b1f632da713a1f230e9f70d8646230c30547374f02b3dda5496be6f9073abf29,b1f632da713a1f230e9f70d8646230c30547374f02b3dda5496be6f9073abf29
city_out_Poland_Warszawa,mes,Poland/Warszawa/Praga-Południe,True,False,True,False,True,0.0,5.551115123125783e-17,0.0,0.0,0.0,dd2f589236dde54f61b391cc924f8f326d670f84dc7ed65e61bed78771f47eae,dd2f589236dde54f61b391cc924f8f326d670f84dc7ed65e61bed78771f47eae
city_out_Poland_Warszawa,mes,Poland/Warszawa/Praga-Północ,True,False,True,False,True,1.1102230246251565e-16,3.469446951953614e-17,0.0,0.0,0.0,fcd0fdfd85ab4a4bcbffe08431c1c5b7849997369556afa587bac9b934c3f1a1,fcd0fdfd85ab4a4bcbffe08431c1c5b7849997369556afa587bac9b934c3f1a1
city_out_Poland_Warszawa,mes,Poland/Warszawa/Rembertów,True,False,True,False,True,0.0,4.5102810375396984e-17,0.0,0.0,0.0,4b999af49287aa82a481c25752f6840383473c225923255fc32c61e4ea3bf60d,4b999af49287aa82a481c25752f6840383473c225923255fc32c61e4ea3bf60d
city_out_Poland_Warszawa,mes,Poland/Warszawa/Targówek,True,False,True,False,True,0.0,7.632783294297951e-17,0.0,0.0,0.0,36b030b6e57fde5346c04eaa8b3a32dec42df61c0eef06bba229125da0418660,36b030b6e57fde5346c04eaa8b3a32dec42df61c0eef06bba229125da0418660
city_out_Poland_Warszawa,mes,Poland/Warszawa/Ursus,True,False,True,False,True,0.0,6.938893903907228e-18,0.0,0.0,0.0,cec4a68a54f2349e71fd06b8e10bfdfa04d5d1b75b0fd29286f625a793a108de,cec4a68a54f2349e71fd06b8e10bfdfa04d5d1b75b0fd29286f625a793a108de
city_out_Poland_Warszawa,mes,Poland/Warszawa/Ursynów,True,False,True,False,True,0.0,5.2909066017292616e-17,0.0,0.0,0.0,370f2a1287fe03b72cf630217c724cde86c9b435fdbc59b616f59f5d8fef5406,370f2a1287fe03b72cf630217c724cde86c9b435fdbc59b616f59f5d8fef5406
city_out_Poland_Warszawa,mes,Poland/Warszawa/Wawer,True,False,True,False,True,-2.220446049250313e-16,-4.85722573273506e-17,0.0,0.0,0.0,f579d50115b2386f80fc26ff197f9e7223810519bed04256b3248ba29daac848,f579d50115b2386f80fc26ff197f9e7223810519bed04256b3248ba29daac848
city_out_Poland_Warszawa,mes,Poland/Warszawa/Wesoła,True,False,True,False,True,0.0,-2.0816681711721685e-17,0.0,0.0,0.0,2b33dab1b3aa39a179ced727465fc91f042f2825164b2ba357a2c0ffc962a33f,2b33dab1b3aa39a179ced727465fc91f042f2825164b2ba357a2c0ffc962a33f
city_out_Poland_Warszawa,mes,Poland/Warszawa/Wilanów,True,False,True,False,True,-5.551115123125783e-17,4.85722573273506e-17,0.0,0.0,0.0,a1efb4e1880f7f12a4611842a1a6eafcc6a088002164409c0fb5c781b5c1a591,a1efb4e1880f7f12a4611842a1a6eafcc6a088002164409c0fb5c781b5c1a591
city_out_Poland_Warszawa,mes,Poland/Warszawa/Wola,True,True,True,False,True,-1.1102230246251565e-16,9.020562075079397e-17,0.0,0.0,0.0,1cf4cca11d8e0ce701d1a79e4b7ae9cc3290eb8cc8571b6a442b153c6308240a,1cf4cca11d8e0ce701d1a79e4b7ae9cc3290eb8cc8571b6a442b153c6308240a
city_out_Poland_Warszawa,mes,Poland/Warszawa/Włochy,True,False,True,False,True,0.0,-9.71445146547012e-17,0.0,0.0,0.0,555e0ba21e8f6e952b12b55d052ef905a28114acf04e93736d1a4a099c87d390,555e0ba21e8f6e952b12b55d052ef905a28114acf04e93736d1a4a099c87d390
city_out_Poland_Warszawa,mes,Poland/Warszawa/Śródmieście,True,False,True,False,True,0.0,-6.938893903907228e-18,0.0,0.0,0.0,7b61e240fab3c8e82159aa3b9e9f49d7a8820f1cebf145c6fa7adef7ab7bdf0f,7b61e240fab3c8e82159aa3b9e9f49d7a8820f1cebf145c6fa7adef7ab7bdf0f
city_out_Poland_Warszawa,mes,Poland/Warszawa/Żoliborz,True,False,True,False,True,0.0,4.85722573273506e-17,0.0,0.0,0.0,b4381df7510bdff649dbc345fc9beeac5bc6e13307e8e08b4a409d409d98d896,b4381df7510bdff649dbc345fc9beeac5bc6e13307e8e08b4a409d409d98d896
city_out_Poland_Warszawa,outcome/seed-42,Poland/Warszawa/Bemowo,False,False,True,False,True,0.0,-5.204170427930421e-17,0.0,0.0,0.0,9dcc99b99c3a6f63df2b5fa81693a033fba14d275bd9c32c39537fec1c97fc19,9dcc99b99c3a6f63df2b5fa81693a033fba14d275bd9c32c39537fec1c97fc19
city_out_Poland_Warszawa,outcome/seed-42,Poland/Warszawa/Białołęka,False,False,True,False,True,0.0,6.938893903907228e-17,0.0,0.0,0.0,a25f60f28850ffb9e49839e1c850999dc030943678d07774cc5e8efb7cc053e0,a25f60f28850ffb9e49839e1c850999dc030943678d07774cc5e8efb7cc053e0
city_out_Poland_Warszawa,outcome/seed-42,Poland/Warszawa/Bielany,False,False,True,False,True,1.1102230246251565e-16,-1.3877787807814457e-17,0.0,0.0,0.0,7a8d15a70a32325979d5e1e1d3f6124b36874aaf5ca5223e53acac130da62ead,7a8d15a70a32325979d5e1e1d3f6124b36874aaf5ca5223e53acac130da62ead
city_out_Poland_Warszawa,outcome/seed-42,Poland/Warszawa/Mokotów,False,False,True,False,True,1.1102230246251565e-16,1.3877787807814457e-17,0.0,0.0,0.0,026dfbf612479f8bb6d569ef3275f7a0a0aaf3e7850cf032d6bda8a6caba5ff1,026dfbf612479f8bb6d569ef3275f7a0a0aaf3e7850cf032d6bda8a6caba5ff1
city_out_Poland_Warszawa,outcome/seed-42,Poland/Warszawa/Ochota,False,False,True,False,True,-1.1102230246251565e-16,-4.163336342344337e-17,0.0,0.0,0.0,00607cfecb6a118824a9ed529e0f184c48e8d7abd074556a8ad96101998e605c,00607cfecb6a118824a9ed529e0f184c48e8d7abd074556a8ad96101998e605c
city_out_Poland_Warszawa,outcome/seed-42,Poland/Warszawa/Praga-Południe,False,False,True,False,True,0.0,-2.0816681711721685e-17,0.0,0.0,0.0,6337e0b444fc0b76d5c98ff554f9b6cd935b4c16da2715deda13a0d0d150da49,6337e0b444fc0b76d5c98ff554f9b6cd935b4c16da2715deda13a0d0d150da49
city_out_Poland_Warszawa,outcome/seed-42,Poland/Warszawa/Praga-Północ,False,False,True,False,True,8.326672684688674e-17,-8.326672684688674e-17,0.0,0.0,0.0,0eb6e39c6231975468683de36a32ad5584586f8fe8d2b65e45685c43eeb827c2,0eb6e39c6231975468683de36a32ad5584586f8fe8d2b65e45685c43eeb827c2
city_out_Poland_Warszawa,outcome/seed-42,Poland/Warszawa/Rembertów,False,False,True,False,True,0.0,5.551115123125783e-17,0.0,0.0,0.0,db16307ea594e85609ee382eec65f6c2d85ffd888504250312b344e5c56b3f4d,db16307ea594e85609ee382eec65f6c2d85ffd888504250312b344e5c56b3f4d
city_out_Poland_Warszawa,outcome/seed-42,Poland/Warszawa/Targówek,False,False,True,False,True,1.1102230246251565e-16,-5.551115123125783e-17,0.0,0.0,0.0,93f0e187769d1b3da4055e8bf98db54bfe9e013bf76e0f754a4140b904d3c190,93f0e187769d1b3da4055e8bf98db54bfe9e013bf76e0f754a4140b904d3c190
city_out_Poland_Warszawa,outcome/seed-42,Poland/Warszawa/Ursus,False,False,True,False,True,0.0,-2.7755575615628914e-17,0.0,0.0,0.0,5293c6553a0a6532231885f12d1c4cd5690805a5922a6800913d1a27e7e424f2,5293c6553a0a6532231885f12d1c4cd5690805a5922a6800913d1a27e7e424f2
city_out_Poland_Warszawa,outcome/seed-42,Poland/Warszawa/Ursynów,False,False,True,False,True,0.0,-1.7564075194265172e-17,0.0,0.0,0.0,6df4e25cebe7d37288d11cc11ba5aa83cb171800ae16928955c408b870d5002d,6df4e25cebe7d37288d11cc11ba5aa83cb171800ae16928955c408b870d5002d
city_out_Poland_Warszawa,outcome/seed-42,Poland/Warszawa/Wawer,False,False,True,False,True,2.498001805406602e-16,2.0816681711721685e-17,0.0,0.0,0.0,cb2c03b96e78b43bdb32d1e1b1e5cc5b4f2381f80354dce983f8e584599dd2ed,cb2c03b96e78b43bdb32d1e1b1e5cc5b4f2381f80354dce983f8e584599dd2ed
city_out_Poland_Warszawa,outcome/seed-42,Poland/Warszawa/Wesoła,False,False,True,False,True,0.0,1.3877787807814457e-17,0.0,0.0,0.0,d665a77242fd3f4e839016159475894b9dfc85d87a7a6e0dfc0229899c31fc31,d665a77242fd3f4e839016159475894b9dfc85d87a7a6e0dfc0229899c31fc31
city_out_Poland_Warszawa,outcome/seed-42,Poland/Warszawa/Wilanów,False,False,True,False,True,-1.942890293094024e-16,0.0,0.0,0.0,0.0,6ed1ffa54b972309fe87328906e31395d11119e5659abc94af6f100e91641109,6ed1ffa54b972309fe87328906e31395d11119e5659abc94af6f100e91641109
city_out_Poland_Warszawa,outcome/seed-42,Poland/Warszawa/Wola,False,True,True,False,True,0.0,1.0408340855860843e-16,0.0,0.0,0.0,d92752f00ab813f7ba80bfdeb97a4a6a9576691911343a41956e018e2f04fa06,d92752f00ab813f7ba80bfdeb97a4a6a9576691911343a41956e018e2f04fa06
city_out_Poland_Warszawa,outcome/seed-42,Poland/Warszawa/Włochy,False,False,True,False,True,-2.220446049250313e-16,-1.9081958235744878e-16,0.0,0.0,0.0,082288f8ccde8b329f74ca0f6b545a13b07842617f51a3b0975256d9b2de0dd0,082288f8ccde8b329f74ca0f6b545a13b07842617f51a3b0975256d9b2de0dd0
city_out_Poland_Warszawa,outcome/seed-42,Poland/Warszawa/Śródmieście,False,False,True,False,True,-1.6653345369377348e-16,-2.0816681711721685e-17,0.0,0.0,0.0,004cf99af3e45c5f41974ee3dd08d5fda2e3ced1575b53c3daf725650f3c7141,004cf99af3e45c5f41974ee3dd08d5fda2e3ced1575b53c3daf725650f3c7141
city_out_Poland_Warszawa,outcome/seed-42,Poland/Warszawa/Żoliborz,False,False,True,False,True,1.6653345369377348e-16,1.3877787807814457e-17,0.0,0.0,0.0,b77365811327770491130e6a2023c76ec098358351a95d957bbe923539bb17c2,b77365811327770491130e6a2023c76ec098358351a95d957bbe923539bb17c2
city_out_Poland_Warszawa,priority/seed-1,Poland/Warszawa/Bemowo,False,False,True,True,True,0.0,0.0,0.0,0.0,0.0,44cd1e3129714c8122a86a841a442d15bf89a44d95db3df03f352579ec00bd29,44cd1e3129714c8122a86a841a442d15bf89a44d95db3df03f352579ec00bd29
city_out_Poland_Warszawa,priority/seed-1,Poland/Warszawa/Białołęka,False,False,True,False,True,0.0,1.3877787807814457e-17,0.0,0.0,0.0,070cb0968a16f00a4b970da3d13612deff44d084dbaeee4de066d9a7f56282a5,070cb0968a16f00a4b970da3d13612deff44d084dbaeee4de066d9a7f56282a5
city_out_Poland_Warszawa,priority/seed-1,Poland/Warszawa/Bielany,False,False,True,False,True,-1.1102230246251565e-16,-2.42861286636753e-17,0.0,0.0,0.0,c144c9550606f34a265fe96ebb81a40020a1214b5153c5360c9e0cfe619c9680,c144c9550606f34a265fe96ebb81a40020a1214b5153c5360c9e0cfe619c9680
city_out_Poland_Warszawa,priority/seed-1,Poland/Warszawa/Mokotów,False,False,True,False,True,0.0,2.0816681711721685e-17,0.0,0.0,0.0,e5f4e1415dde720aaada792310a8524ceea9385b135765ef636ebe6e1ed0d1f6,e5f4e1415dde720aaada792310a8524ceea9385b135765ef636ebe6e1ed0d1f6
city_out_Poland_Warszawa,priority/seed-1,Poland/Warszawa/Ochota,False,False,True,False,True,-1.3877787807814457e-16,-1.0408340855860843e-16,0.0,0.0,0.0,fdcec0f9d3d44ab321e2ce672ebd35699512ee1896674115fa1d24c5540c16e7,fdcec0f9d3d44ab321e2ce672ebd35699512ee1896674115fa1d24c5540c16e7
city_out_Poland_Warszawa,priority/seed-1,Poland/Warszawa/Praga-Południe,False,False,True,False,True,0.0,4.163336342344337e-17,0.0,0.0,0.0,332fae412985f18154e90d8643433b73d2c6310addc85a476344fb1ac4aa2730,332fae412985f18154e90d8643433b73d2c6310addc85a476344fb1ac4aa2730
city_out_Poland_Warszawa,priority/seed-1,Poland/Warszawa/Praga-Północ,False,False,True,False,True,0.0,4.85722573273506e-17,0.0,0.0,0.0,2a16f0f65bd6bc9a464cd64f8cd1a8274bdac882edcdd9e2b7252b46985afb4b,2a16f0f65bd6bc9a464cd64f8cd1a8274bdac882edcdd9e2b7252b46985afb4b
city_out_Poland_Warszawa,priority/seed-1,Poland/Warszawa/Rembertów,False,False,True,False,True,-1.1102230246251565e-16,-1.3877787807814457e-17,0.0,0.0,0.0,a300d1d5b30d5430946dbfb3ad2bb0e004348dd060077ab97bfa426b201c2644,a300d1d5b30d5430946dbfb3ad2bb0e004348dd060077ab97bfa426b201c2644
city_out_Poland_Warszawa,priority/seed-1,Poland/Warszawa/Targówek,False,False,True,False,True,1.3877787807814457e-16,6.938893903907228e-18,0.0,0.0,0.0,a2beb088f67234c4c044657ececec812d758e689a3cce304d50c0ac175a8101b,a2beb088f67234c4c044657ececec812d758e689a3cce304d50c0ac175a8101b
city_out_Poland_Warszawa,priority/seed-1,Poland/Warszawa/Ursus,False,False,True,False,True,0.0,-4.85722573273506e-17,0.0,0.0,0.0,818a2e9cfde0cfb829f04c38f3d0c759083a6956f70b2797ea3a99a48629b501,818a2e9cfde0cfb829f04c38f3d0c759083a6956f70b2797ea3a99a48629b501
city_out_Poland_Warszawa,priority/seed-1,Poland/Warszawa/Ursynów,False,False,True,False,True,0.0,5.551115123125783e-17,0.0,0.0,0.0,64a473bcefe150bf26cfc29332fab28cfc9b912f331ded8fbb87c716b5ef20a6,64a473bcefe150bf26cfc29332fab28cfc9b912f331ded8fbb87c716b5ef20a6
city_out_Poland_Warszawa,priority/seed-1,Poland/Warszawa/Wawer,False,False,True,False,True,-2.220446049250313e-16,-4.85722573273506e-17,0.0,0.0,0.0,f579d50115b2386f80fc26ff197f9e7223810519bed04256b3248ba29daac848,f579d50115b2386f80fc26ff197f9e7223810519bed04256b3248ba29daac848
city_out_Poland_Warszawa,priority/seed-1,Poland/Warszawa/Wesoła,False,False,True,False,True,0.0,-2.0816681711721685e-17,0.0,0.0,0.0,2b33dab1b3aa39a179ced727465fc91f042f2825164b2ba357a2c0ffc962a33f,2b33dab1b3aa39a179ced727465fc91f042f2825164b2ba357a2c0ffc962a33f
city_out_Poland_Warszawa,priority/seed-1,Poland/Warszawa/Wilanów,False,False,True,False,True,-5.551115123125783e-17,4.85722573273506e-17,0.0,0.0,0.0,a1efb4e1880f7f12a4611842a1a6eafcc6a088002164409c0fb5c781b5c1a591,a1efb4e1880f7f12a4611842a1a6eafcc6a088002164409c0fb5c781b5c1a591
city_out_Poland_Warszawa,priority/seed-1,Poland/Warszawa/Wola,False,True,True,False,True,-1.1102230246251565e-16,9.020562075079397e-17,0.0,0.0,0.0,1cf4cca11d8e0ce701d1a79e4b7ae9cc3290eb8cc8571b6a442b153c6308240a,1cf4cca11d8e0ce701d1a79e4b7ae9cc3290eb8cc8571b6a442b153c6308240a
city_out_Poland_Warszawa,priority/seed-1,Poland/Warszawa/Włochy,False,False,True,False,True,-1.1102230246251565e-16,-1.5612511283791264e-16,0.0,0.0,0.0,cd80004625b7212315943f8f665bac23f6dcb6519da19ef2a6abf02ffc47bdf1,cd80004625b7212315943f8f665bac23f6dcb6519da19ef2a6abf02ffc47bdf1
city_out_Poland_Warszawa,priority/seed-1,Poland/Warszawa/Śródmieście,False,False,True,False,True,0.0,-6.938893903907228e-18,0.0,0.0,0.0,7b61e240fab3c8e82159aa3b9e9f49d7a8820f1cebf145c6fa7adef7ab7bdf0f,7b61e240fab3c8e82159aa3b9e9f49d7a8820f1cebf145c6fa7adef7ab7bdf0f
city_out_Poland_Warszawa,priority/seed-1,Poland/Warszawa/Żoliborz,False,False,True,False,True,0.0,4.85722573273506e-17,0.0,0.0,0.0,b4381df7510bdff649dbc345fc9beeac5bc6e13307e8e08b4a409d409d98d896,b4381df7510bdff649dbc345fc9beeac5bc6e13307e8e08b4a409d409d98d896
city_out_Poland_Warszawa,priority/seed-2,Poland/Warszawa/Bemowo,False,False,False,False,True,-0.0279476084071604,-0.005345100096519589,1476.0,-189056940.0,0.005182246941347866,fe9e5220ed986da1e6ed69a17c263f70379322f278f43e1faacf50114a6fc469,c121f0f7836f12c9ca472443f36781ab32719a343401e2c3b52ca85ad3768094
city_out_Poland_Warszawa,priority/seed-2,Poland/Warszawa/Białołęka,False,False,False,False,True,0.003116098782557475,0.0020150919764099565,-107.0,-132000000.0,-0.0005145254492203016,786b06934e7a94ec6bb21cb763cea0ca1f5c6b7e62351ac464e6d404727a4ad9,070cb0968a16f00a4b970da3d13612deff44d084dbaeee4de066d9a7f56282a5
city_out_Poland_Warszawa,priority/seed-2,Poland/Warszawa/Bielany,False,False,False,False,True,-0.033213115073367036,-0.004057442622631434,196.0,1314512000.0,0.0030758877167756937,37616cf17d76b31e0a60017b6cc2bb402ad410929cf1e990a51d3c8c15997d84,eec79ff16b29a2fe9d95d4692c3e9bc04e26f1e7724f6a3253b34bdfd22f5469
city_out_Poland_Warszawa,priority/seed-2,Poland/Warszawa/Mokotów,False,False,False,False,True,0.0028737055587381155,0.0003992842231977309,-73.0,-10333742.0,4.3715846994536733e-05,29047c3658a6ebcd01b485355b38b30fd9de421b2e3da264699a8a767aa57efa,7ee9db3adca17889743cd2d914cebfde9d3755ebfe325c6bb84e21f91f44d2e1
city_out_Poland_Warszawa,priority/seed-2,Poland/Warszawa/Ochota,False,False,False,False,True,0.005675815776641002,0.0006716463979737977,569.0,-560142000.0,0.002027063494954396,2e25979d9186eb12ef41f062b845b6fdec4d55c7b7f45dc34d242172735b2b5f,b1f632da713a1f230e9f70d8646230c30547374f02b3dda5496be6f9073abf29
city_out_Poland_Warszawa,priority/seed-2,Poland/Warszawa/Praga-Południe,False,False,False,False,True,0.009444975541990697,0.001491095969368389,302.0,-1221164500.0,-0.0015974778682904117,58491d22aa88e4c05472460dc4b245a26f72a6ea00b70cf1d0b7989764c98360,5a678cbac13f3a24ae8e90a0441e3c286a16258ac69621c50948b02894588a41
city_out_Poland_Warszawa,priority/seed-2,Poland/Warszawa/Praga-Północ,False,False,False,False,True,0.011244187727762284,0.0024478770477603523,420.0,-35836785.0,-0.0007418929675365969,d14a720227e93f3d6a8827a053caa40f8108066c652a9f751724304d9a2edc53,fcd0fdfd85ab4a4bcbffe08431c1c5b7849997369556afa587bac9b934c3f1a1
city_out_Poland_Warszawa,priority/seed-2,Poland/Warszawa/Rembertów,False,False,False,False,True,0.013766446671749616,0.0012856275160897275,-339.0,10995910.0,0.001011122345803847,cc52fa623157712d9e360f656b515d1caae6168a05b02fc0af833f72ef77f981,4b999af49287aa82a481c25752f6840383473c225923255fc32c61e4ea3bf60d
city_out_Poland_Warszawa,priority/seed-2,Poland/Warszawa/Targówek,False,False,False,False,True,-0.00841070493553811,-0.0013654225189590266,-132.0,-224057400.0,0.0008775482651545846,ab4e17cdac6c10e687f02e0ce9d5b8b3152a0b9ce45bc542388e11ad6a73f564,6d13b8c2b309f9d92080e44effae7076ee466b2e1443ba4ce950f04f5acf84fb
city_out_Poland_Warszawa,priority/seed-2,Poland/Warszawa/Ursus,False,False,False,False,True,-0.04807462529066575,-0.007318400038618902,7.0,-162931000.0,0.0006576243321002873,d97b3fc3254dab01ed4b37ece2efaf6931d7f45965b690b43bca99c3569ec5e7,cec4a68a54f2349e71fd06b8e10bfdfa04d5d1b75b0fd29286f625a793a108de
city_out_Poland_Warszawa,priority/seed-2,Poland/Warszawa/Ursynów,False,False,False,False,True,-0.0018148552752898506,0.0007506434710258707,-265.0,-649610920.0,-0.0006341519658710978,370f2a1287fe03b72cf630217c724cde86c9b435fdbc59b616f59f5d8fef5406,64a473bcefe150bf26cfc29332fab28cfc9b912f331ded8fbb87c716b5ef20a6
city_out_Poland_Warszawa,priority/seed-2,Poland/Warszawa/Wawer,False,False,False,False,True,-0.01929054253225626,-0.005685766228315944,34.0,-74409300.0,-0.0003500665126374078,6dafcbfcc963ab73f1ea60c1121a053baede7894851ec7d0f42b38ff76ee330d,f579d50115b2386f80fc26ff197f9e7223810519bed04256b3248ba29daac848
city_out_Poland_Warszawa,priority/seed-2,Poland/Warszawa/Wesoła,False,False,False,False,True,-0.015090994051825402,-0.0008944703576756752,-103.0,59399440.0,0.007986548970155535,1d61cb979421c570c816ca1cdebabcab25b0c5a3c01072ace6f04ee494f7c619,2b33dab1b3aa39a179ced727465fc91f042f2825164b2ba357a2c0ffc962a33f
city_out_Poland_Warszawa,priority/seed-2,Poland/Warszawa/Wilanów,False,False,False,False,True,0.008210858788542552,0.0008202592254371865,306.0,-77633628.0,0.0016738402678144436,95e3b294889638d351845078d7354d2f350d44cf87cc045bbfbedc8e6f5d4968,a1efb4e1880f7f12a4611842a1a6eafcc6a088002164409c0fb5c781b5c1a591
city_out_Poland_Warszawa,priority/seed-2,Poland/Warszawa/Wola,False,True,False,False,True,-0.025038658820845966,-0.010766252789818208,-247.0,-1488234836.0,-0.0002269564274057917,55ff686184c4fcb36c0ca22373ec05a277765edf6ebfaa5bfad39588498c70f9,1cf4cca11d8e0ce701d1a79e4b7ae9cc3290eb8cc8571b6a442b153c6308240a
city_out_Poland_Warszawa,priority/seed-2,Poland/Warszawa/Włochy,False,False,False,False,False,0.02077917696805695,0.005574681468680665,631.0,-170388020.0,0.0005733944146065588,a9b0ffbc9edf12e0b162502803052b3efe31e2c23bbb81876b2b040b89d09c98,555e0ba21e8f6e952b12b55d052ef905a28114acf04e93736d1a4a099c87d390
city_out_Poland_Warszawa,priority/seed-2,Poland/Warszawa/Śródmieście,False,False,True,False,True,0.0,-6.938893903907228e-18,0.0,0.0,0.0,7b61e240fab3c8e82159aa3b9e9f49d7a8820f1cebf145c6fa7adef7ab7bdf0f,7b61e240fab3c8e82159aa3b9e9f49d7a8820f1cebf145c6fa7adef7ab7bdf0f
city_out_Poland_Warszawa,priority/seed-2,Poland/Warszawa/Żoliborz,False,False,False,False,True,-0.004549401149123333,-0.004513521361329875,772.0,-206573100.0,-0.0015483300154832957,04771826ce5f07477e41f7792efb6906fb8523dec99764a59a23e3b78772b272,b4381df7510bdff649dbc345fc9beeac5bc6e13307e8e08b4a409d409d98d896
city_out_Poland_Warszawa,priority/seed-42,Poland/Warszawa/Bemowo,False,False,True,False,True,0.0,-1.3877787807814457e-17,0.0,0.0,0.0,8432b716d4c8dcd49b76f7e4e15a298660727746d97fc02abcb5e0c4aff8d76c,8432b716d4c8dcd49b76f7e4e15a298660727746d97fc02abcb5e0c4aff8d76c
city_out_Poland_Warszawa,priority/seed-42,Poland/Warszawa/Białołęka,False,False,True,False,True,0.0,1.3877787807814457e-17,0.0,0.0,0.0,070cb0968a16f00a4b970da3d13612deff44d084dbaeee4de066d9a7f56282a5,070cb0968a16f00a4b970da3d13612deff44d084dbaeee4de066d9a7f56282a5
city_out_Poland_Warszawa,priority/seed-42,Poland/Warszawa/Bielany,False,False,True,False,True,1.1102230246251565e-16,-4.5102810375396984e-17,0.0,0.0,0.0,eec79ff16b29a2fe9d95d4692c3e9bc04e26f1e7724f6a3253b34bdfd22f5469,eec79ff16b29a2fe9d95d4692c3e9bc04e26f1e7724f6a3253b34bdfd22f5469
city_out_Poland_Warszawa,priority/seed-42,Poland/Warszawa/Mokotów,False,False,True,True,True,0.0,0.0,0.0,0.0,0.0,7ee9db3adca17889743cd2d914cebfde9d3755ebfe325c6bb84e21f91f44d2e1,7ee9db3adca17889743cd2d914cebfde9d3755ebfe325c6bb84e21f91f44d2e1
city_out_Poland_Warszawa,priority/seed-42,Poland/Warszawa/Ochota,False,False,True,False,True,-1.3877787807814457e-16,-1.0408340855860843e-16,0.0,0.0,0.0,fdcec0f9d3d44ab321e2ce672ebd35699512ee1896674115fa1d24c5540c16e7,fdcec0f9d3d44ab321e2ce672ebd35699512ee1896674115fa1d24c5540c16e7
city_out_Poland_Warszawa,priority/seed-42,Poland/Warszawa/Praga-Południe,False,False,True,False,True,0.0,4.163336342344337e-17,0.0,0.0,0.0,332fae412985f18154e90d8643433b73d2c6310addc85a476344fb1ac4aa2730,332fae412985f18154e90d8643433b73d2c6310addc85a476344fb1ac4aa2730
city_out_Poland_Warszawa,priority/seed-42,Poland/Warszawa/Praga-Północ,False,False,True,False,True,8.326672684688674e-17,3.469446951953614e-17,0.0,0.0,0.0,cc241572e37f6ea3a48be05e8e8469daf0b018968680b198de194278359968dc,cc241572e37f6ea3a48be05e8e8469daf0b018968680b198de194278359968dc
city_out_Poland_Warszawa,priority/seed-42,Poland/Warszawa/Rembertów,False,False,True,False,True,0.0,4.5102810375396984e-17,0.0,0.0,0.0,4b999af49287aa82a481c25752f6840383473c225923255fc32c61e4ea3bf60d,4b999af49287aa82a481c25752f6840383473c225923255fc32c61e4ea3bf60d
city_out_Poland_Warszawa,priority/seed-42,Poland/Warszawa/Targówek,False,False,True,False,True,1.3877787807814457e-16,6.245004513516506e-17,0.0,0.0,0.0,6d13b8c2b309f9d92080e44effae7076ee466b2e1443ba4ce950f04f5acf84fb,6d13b8c2b309f9d92080e44effae7076ee466b2e1443ba4ce950f04f5acf84fb
city_out_Poland_Warszawa,priority/seed-42,Poland/Warszawa/Ursus,False,False,True,False,True,0.0,-4.85722573273506e-17,0.0,0.0,0.0,818a2e9cfde0cfb829f04c38f3d0c759083a6956f70b2797ea3a99a48629b501,818a2e9cfde0cfb829f04c38f3d0c759083a6956f70b2797ea3a99a48629b501
city_out_Poland_Warszawa,priority/seed-42,Poland/Warszawa/Ursynów,False,False,True,False,True,0.0,5.551115123125783e-17,0.0,0.0,0.0,64a473bcefe150bf26cfc29332fab28cfc9b912f331ded8fbb87c716b5ef20a6,64a473bcefe150bf26cfc29332fab28cfc9b912f331ded8fbb87c716b5ef20a6
city_out_Poland_Warszawa,priority/seed-42,Poland/Warszawa/Wawer,False,False,True,False,True,-2.220446049250313e-16,-4.85722573273506e-17,0.0,0.0,0.0,f579d50115b2386f80fc26ff197f9e7223810519bed04256b3248ba29daac848,f579d50115b2386f80fc26ff197f9e7223810519bed04256b3248ba29daac848
city_out_Poland_Warszawa,priority/seed-42,Poland/Warszawa/Wesoła,False,False,True,False,True,0.0,-2.0816681711721685e-17,0.0,0.0,0.0,2b33dab1b3aa39a179ced727465fc91f042f2825164b2ba357a2c0ffc962a33f,2b33dab1b3aa39a179ced727465fc91f042f2825164b2ba357a2c0ffc962a33f
city_out_Poland_Warszawa,priority/seed-42,Poland/Warszawa/Wilanów,False,False,True,False,True,-5.551115123125783e-17,4.85722573273506e-17,0.0,0.0,0.0,a1efb4e1880f7f12a4611842a1a6eafcc6a088002164409c0fb5c781b5c1a591,a1efb4e1880f7f12a4611842a1a6eafcc6a088002164409c0fb5c781b5c1a591
city_out_Poland_Warszawa,priority/seed-42,Poland/Warszawa/Wola,False,True,True,False,True,-1.1102230246251565e-16,9.020562075079397e-17,0.0,0.0,0.0,1cf4cca11d8e0ce701d1a79e4b7ae9cc3290eb8cc8571b6a442b153c6308240a,1cf4cca11d8e0ce701d1a79e4b7ae9cc3290eb8cc8571b6a442b153c6308240a
city_out_Poland_Warszawa,priority/seed-42,Poland/Warszawa/Włochy,False,False,True,False,True,-1.1102230246251565e-16,-1.5612511283791264e-16,0.0,0.0,0.0,cd80004625b7212315943f8f665bac23f6dcb6519da19ef2a6abf02ffc47bdf1,cd80004625b7212315943f8f665bac23f6dcb6519da19ef2a6abf02ffc47bdf1
city_out_Poland_Warszawa,priority/seed-42,Poland/Warszawa/Śródmieście,False,False,True,False,True,0.0,-6.938893903907228e-18,0.0,0.0,0.0,7b61e240fab3c8e82159aa3b9e9f49d7a8820f1cebf145c6fa7adef7ab7bdf0f,7b61e240fab3c8e82159aa3b9e9f49d7a8820f1cebf145c6fa7adef7ab7bdf0f
city_out_Poland_Warszawa,priority/seed-42,Poland/Warszawa/Żoliborz,False,False,True,False,True,0.0,4.85722573273506e-17,0.0,0.0,0.0,b4381df7510bdff649dbc345fc9beeac5bc6e13307e8e08b4a409d409d98d896,b4381df7510bdff649dbc345fc9beeac5bc6e13307e8e08b4a409d409d98d896
city_out_Poland_Warszawa,res-1.0,Poland/Warszawa/Bemowo,True,False,True,False,True,-1.942890293094024e-16,1.3877787807814457e-17,0.0,0.0,0.0,bfa55984cd13b8fe553275b2cfe9cc027f37af4e16d2e6fb4e7a925b9ff9d8a7,bfa55984cd13b8fe553275b2cfe9cc027f37af4e16d2e6fb4e7a925b9ff9d8a7
city_out_Poland_Warszawa,res-1.0,Poland/Warszawa/Białołęka,True,False,True,False,True,0.0,-3.469446951953614e-17,0.0,0.0,0.0,9b3c1510a7369aaa55090d63902fd8195604ba80ede2e5382397515495c81ff6,9b3c1510a7369aaa55090d63902fd8195604ba80ede2e5382397515495c81ff6
city_out_Poland_Warszawa,res-1.0,Poland/Warszawa/Bielany,True,False,True,False,True,1.1102230246251565e-16,-3.122502256758253e-17,0.0,0.0,0.0,c7ec09132cced0d86b6757168c03219bd1f2b45ecea38c5d9524164edbeb04f3,c7ec09132cced0d86b6757168c03219bd1f2b45ecea38c5d9524164edbeb04f3
city_out_Poland_Warszawa,res-1.0,Poland/Warszawa/Mokotów,True,False,True,False,True,1.1102230246251565e-16,6.245004513516506e-17,0.0,0.0,0.0,b286d1de69e313486bd627546e6ecf24aca9fadcd01cfe0bb62c8b7127aa45a1,b286d1de69e313486bd627546e6ecf24aca9fadcd01cfe0bb62c8b7127aa45a1
city_out_Poland_Warszawa,res-1.0,Poland/Warszawa/Ochota,True,False,True,False,True,-1.1102230246251565e-16,-5.551115123125783e-17,0.0,0.0,0.0,71200540a3290fc73b01a9bde4afd3d8f4f5531247638164a1f0332ff11c3f6b,71200540a3290fc73b01a9bde4afd3d8f4f5531247638164a1f0332ff11c3f6b
city_out_Poland_Warszawa,res-1.0,Poland/Warszawa/Praga-Południe,True,False,True,False,True,0.0,-4.163336342344337e-17,0.0,0.0,0.0,cb5b0dda22328d6f126a60110bb534c58b0703edf98285500786bde53f0e15b7,cb5b0dda22328d6f126a60110bb534c58b0703edf98285500786bde53f0e15b7
city_out_Poland_Warszawa,res-1.0,Poland/Warszawa/Praga-Północ,True,False,True,False,True,0.0,2.0816681711721685e-17,0.0,0.0,0.0,1a9edfbe154c7477287a7ff96f1f8ff28106a9e3bfb1d19161617d1bb1fe41cd,1a9edfbe154c7477287a7ff96f1f8ff28106a9e3bfb1d19161617d1bb1fe41cd
city_out_Poland_Warszawa,res-1.0,Poland/Warszawa/Rembertów,True,False,True,False,True,0.0,4.5102810375396984e-17,0.0,0.0,0.0,4b999af49287aa82a481c25752f6840383473c225923255fc32c61e4ea3bf60d,4b999af49287aa82a481c25752f6840383473c225923255fc32c61e4ea3bf60d
city_out_Poland_Warszawa,res-1.0,Poland/Warszawa/Targówek,True,False,True,False,True,1.3877787807814457e-16,1.3877787807814457e-17,0.0,0.0,0.0,f221e9cbf3f46f0f03d97fba04f0b4636e23793a8a2048be9497bfcfe850d980,f221e9cbf3f46f0f03d97fba04f0b4636e23793a8a2048be9497bfcfe850d980
city_out_Poland_Warszawa,res-1.0,Poland/Warszawa/Ursus,True,False,True,False,True,0.0,6.938893903907228e-18,0.0,0.0,0.0,cec4a68a54f2349e71fd06b8e10bfdfa04d5d1b75b0fd29286f625a793a108de,cec4a68a54f2349e71fd06b8e10bfdfa04d5d1b75b0fd29286f625a793a108de
city_out_Poland_Warszawa,res-1.0,Poland/Warszawa/Ursynów,True,False,True,False,True,0.0,3.122502256758253e-17,0.0,0.0,0.0,c12fe2f6df153756b07964db38890de929da93cb1ea9b7be14a4d1fa6ae35a1a,c12fe2f6df153756b07964db38890de929da93cb1ea9b7be14a4d1fa6ae35a1a
city_out_Poland_Warszawa,res-1.0,Poland/Warszawa/Wawer,True,False,True,False,True,-2.220446049250313e-16,-4.85722573273506e-17,0.0,0.0,0.0,f579d50115b2386f80fc26ff197f9e7223810519bed04256b3248ba29daac848,f579d50115b2386f80fc26ff197f9e7223810519bed04256b3248ba29daac848
city_out_Poland_Warszawa,res-1.0,Poland/Warszawa/Wesoła,True,False,True,False,True,0.0,-2.7755575615628914e-17,0.0,0.0,0.0,9a516b6bea0657727741628572eaf57b6a434a16e1e2e0ff88136c76e5fa2b0c,9a516b6bea0657727741628572eaf57b6a434a16e1e2e0ff88136c76e5fa2b0c
city_out_Poland_Warszawa,res-1.0,Poland/Warszawa/Wilanów,True,False,True,False,True,-1.1102230246251565e-16,2.0816681711721685e-17,0.0,0.0,0.0,95e3b294889638d351845078d7354d2f350d44cf87cc045bbfbedc8e6f5d4968,95e3b294889638d351845078d7354d2f350d44cf87cc045bbfbedc8e6f5d4968
city_out_Poland_Warszawa,res-1.0,Poland/Warszawa/Wola,True,True,True,False,True,1.3877787807814457e-16,6.938893903907228e-17,0.0,0.0,0.0,e0205b47c73de60f5a7aecb464eb2348137f79eeb13ced0310f478b5801ad25a,e0205b47c73de60f5a7aecb464eb2348137f79eeb13ced0310f478b5801ad25a
city_out_Poland_Warszawa,res-1.0,Poland/Warszawa/Włochy,True,False,True,False,True,-2.220446049250313e-16,-1.9081958235744878e-16,0.0,0.0,0.0,84728ba75d5bebe9149dcabc16ad3d7ac556ebbedc2c46a82269511e19a97154,84728ba75d5bebe9149dcabc16ad3d7ac556ebbedc2c46a82269511e19a97154
city_out_Poland_Warszawa,res-1.0,Poland/Warszawa/Śródmieście,True,False,True,False,True,0.0,-6.938893903907228e-18,0.0,0.0,0.0,7b61e240fab3c8e82159aa3b9e9f49d7a8820f1cebf145c6fa7adef7ab7bdf0f,7b61e240fab3c8e82159aa3b9e9f49d7a8820f1cebf145c6fa7adef7ab7bdf0f
city_out_Poland_Warszawa,res-1.0,Poland/Warszawa/Żoliborz,True,False,True,False,True,1.1102230246251565e-16,-3.469446951953614e-17,0.0,0.0,0.0,2e480dd4a4bce83061367b36005b7d39210aa768c49881a04664661754b02bff,2e480dd4a4bce83061367b36005b7d39210aa768c49881a04664661754b02bff
city_out_Poland_Łódź,endowment/seed-42,Poland/Łódź/Andrzejów,False,False,True,False,True,1.1102230246251565e-16,1.734723475976807e-17,0.0,0.0,0.0,6aae6a1ebb50556c17733cf946b48acecae48f090b505bffb05be9cc45068af4,6aae6a1ebb50556c17733cf946b48acecae48f090b505bffb05be9cc45068af4
city_out_Poland_Łódź,endowment/seed-42,Poland/Łódź/Bałuty Zachodnie,False,False,True,False,True,-8.326672684688674e-17,-3.469446951953614e-17,0.0,0.0,0.0,0f16418586d11c549be01ab16c4590d7210e1934b8297b29836207fa923ce536,0f16418586d11c549be01ab16c4590d7210e1934b8297b29836207fa923ce536
city_out_Poland_Łódź,endowment/seed-42,Poland/Łódź/Bałuty-Centrum,False,False,True,False,True,-1.942890293094024e-16,-1.5612511283791264e-17,0.0,0.0,0.0,65221e403f5d6e402b6be4999fb5c176476f10d757b6a9c455c7eb1ff6e3e312,65221e403f5d6e402b6be4999fb5c176476f10d757b6a9c455c7eb1ff6e3e312
city_out_Poland_Łódź,endowment/seed-42,Poland/Łódź/Bałuty-Doły,False,False,True,True,True,0.0,0.0,0.0,0.0,0.0,fc65b9d392a4e6429fc1215c6c878f69e6ebd71a5cd757205cd05d3460d93e26,fc65b9d392a4e6429fc1215c6c878f69e6ebd71a5cd757205cd05d3460d93e26
city_out_Poland_Łódź,endowment/seed-42,Poland/Łódź/Chojny,False,False,True,False,True,0.0,-6.938893903907228e-18,0.0,0.0,0.0,05de0de76acb3ef8b88d2aec7000cea7ce16aa1edb3323d581a83b43176b3382,05de0de76acb3ef8b88d2aec7000cea7ce16aa1edb3323d581a83b43176b3382
city_out_Poland_Łódź,endowment/seed-42,Poland/Łódź/Chojny-Dąbrowa,False,False,True,False,True,0.0,-3.2959746043559335e-17,0.0,0.0,0.0,59c4e36fec82e338c4353d77f63170d2b85dd5e0995ed73c82f9220d1df83ff6,59c4e36fec82e338c4353d77f63170d2b85dd5e0995ed73c82f9220d1df83ff6
city_out_Poland_Łódź,endowment/seed-42,Poland/Łódź/Dolina Łódki,False,False,True,False,True,5.551115123125783e-17,6.938893903907228e-18,0.0,0.0,0.0,ea82fdd65dd1d3757144f4ec12ae9325a27a044c34d6d17937d3eb9f5d246bad,ea82fdd65dd1d3757144f4ec12ae9325a27a044c34d6d17937d3eb9f5d246bad
city_out_Poland_Łódź,endowment/seed-42,Poland/Łódź/Górniak,False,False,True,False,True,0.0,-3.122502256758253e-17,0.0,0.0,0.0,67da4059f437cbef616b0edb765f8377812f6410ed19e4b6c62cb65792af0e15,67da4059f437cbef616b0edb765f8377812f6410ed19e4b6c62cb65792af0e15
city_out_Poland_Łódź,endowment/seed-42,Poland/Łódź/Im. Józefa Montwiłła-Mireckiego,False,False,True,False,True,0.0,-2.7755575615628914e-17,0.0,0.0,0.0,a3d8797a884dcec624b0403b95bfc303955bcb1983b658c4e54d1b1673910843,a3d8797a884dcec624b0403b95bfc303955bcb1983b658c4e54d1b1673910843
city_out_Poland_Łódź,endowment/seed-42,Poland/Łódź/Julianów-Marysin-Rogi,False,False,True,False,True,1.249000902703301e-16,-8.673617379884035e-18,0.0,0.0,0.0,28eaf7f484b9c484f70af7e3c30568b8b8bd1bab5ab715829926d782b4bc1fb5,28eaf7f484b9c484f70af7e3c30568b8b8bd1bab5ab715829926d782b4bc1fb5
city_out_Poland_Łódź,endowment/seed-42,Poland/Łódź/Karolew-Retkinia Wschód,False,False,True,False,True,0.0,6.938893903907228e-18,0.0,0.0,0.0,8d33cc1498ecd54f0a4ec5bbf271bcc117923acea9d0e65819709e4ac80e67c4,8d33cc1498ecd54f0a4ec5bbf271bcc117923acea9d0e65819709e4ac80e67c4
city_out_Poland_Łódź,endowment/seed-42,Poland/Łódź/Katedralna,False,False,True,False,True,0.0,5.204170427930421e-18,0.0,0.0,0.0,21c980f1af58ff8947fbc63df1cf0707985de8b993a6899b55437a3ee8e4aed2,21c980f1af58ff8947fbc63df1cf0707985de8b993a6899b55437a3ee8e4aed2
city_out_Poland_Łódź,endowment/seed-42,Poland/Łódź/Koziny,False,False,True,False,True,0.0,3.122502256758253e-17,0.0,0.0,0.0,80b22ae93fb2e7baea446f3c7a30f23595ca21d25680a375a14cb9e325a22bc3,80b22ae93fb2e7baea446f3c7a30f23595ca21d25680a375a14cb9e325a22bc3
city_out_Poland_Łódź,endowment/seed-42,Poland/Łódź/Lublinek-Pienista,False,False,True,False,True,0.0,6.071532165918825e-17,0.0,0.0,0.0,fde2b78daaa70c2b47bbcf12597294630202dbea82a3eba0b4e4477d7673a790,fde2b78daaa70c2b47bbcf12597294630202dbea82a3eba0b4e4477d7673a790
city_out_Poland_Łódź,endowment/seed-42,Poland/Łódź/Mileszki,False,False,True,False,True,0.0,-3.5128150388530344e-17,0.0,0.0,0.0,eb81646f8fd624fccbf6d810552dab2e357392e89e0400e01beacfd184e8d734,eb81646f8fd624fccbf6d810552dab2e357392e89e0400e01beacfd184e8d734
city_out_Poland_Łódź,endowment/seed-42,Poland/Łódź/Nad Nerem,False,False,True,False,True,-1.3877787807814457e-16,-1.734723475976807e-17,0.0,0.0,0.0,576c24439f4539b3d87a2d2a5599db6ea15c57ce8bdf7049791248664b2ef5e8,576c24439f4539b3d87a2d2a5599db6ea15c57ce8bdf7049791248664b2ef5e8
city_out_Poland_Łódź,endowment/seed-42,Poland/Łódź/Nowosolna,False,False,True,False,True,-1.1102230246251565e-16,5.204170427930421e-18,0.0,0.0,0.0,ad963ef709c5c2ce32c0d6b8427d0ea21809bd564f1f488f154d72dc71fbe2b3,ad963ef709c5c2ce32c0d6b8427d0ea21809bd564f1f488f154d72dc71fbe2b3
city_out_Poland_Łódź,endowment/seed-42,Poland/Łódź/Nr 33,False,False,True,False,True,0.0,-4.5102810375396984e-17,0.0,0.0,0.0,d72fc558b22f17f7eef574e3c60738631d6a6c86013bd0e4ed26be29cbc71320,d72fc558b22f17f7eef574e3c60738631d6a6c86013bd0e4ed26be29cbc71320
city_out_Poland_Łódź,endowment/seed-42,Poland/Łódź/Olechów-Janów,False,False,True,False,True,0.0,-1.3877787807814457e-17,0.0,0.0,0.0,2a34f5c86acc8d5f789bed03fcedc141dd7307a442abd0728c64795a060c4012,2a34f5c86acc8d5f789bed03fcedc141dd7307a442abd0728c64795a060c4012
city_out_Poland_Łódź,endowment/seed-42,Poland/Łódź/Piastów-Kurak,False,False,True,False,True,0.0,-4.336808689942018e-18,0.0,0.0,0.0,e4245f64f8d3834974da03200767a90ad56ca955fd0e885a32b6fb042d272491,e4245f64f8d3834974da03200767a90ad56ca955fd0e885a32b6fb042d272491
city_out_Poland_Łódź,endowment/seed-42,Poland/Łódź/Radogoszcz,False,False,True,False,True,0.0,7.470152968425126e-17,0.0,0.0,0.0,69d755b807a099d3089f9b51290bc79690b7f1b2b16ebff649eaefd20f286888,69d755b807a099d3089f9b51290bc79690b7f1b2b16ebff649eaefd20f286888
city_out_Poland_Łódź,endowment/seed-42,Poland/Łódź/Retkinia Zachód-Smulsko,False,False,True,False,True,0.0,-1.9949319973733282e-17,0.0,0.0,0.0,5712d224dd38b78f7d22647f3a421a19452347ee5c9c90208b7358e6df15147a,5712d224dd38b78f7d22647f3a421a19452347ee5c9c90208b7358e6df15147a
city_out_Poland_Łódź,endowment/seed-42,Poland/Łódź/Rokicie,False,False,True,False,True,-9.71445146547012e-17,3.469446951953614e-18,0.0,0.0,0.0,a0134208c28d89104b704e107fb232f85ce5d119b9f1ad12a88e57bf6394f1b1,a0134208c28d89104b704e107fb232f85ce5d119b9f1ad12a88e57bf6394f1b1
city_out_Poland_Łódź,endowment/seed-42,Poland/Łódź/Ruda,False,False,True,False,True,1.3877787807814457e-16,7.892991815694472e-17,0.0,0.0,0.0,673cb54ffba78367a2d2daec13a5bb42f4a3873226e269c48be97d802ad74c5b,673cb54ffba78367a2d2daec13a5bb42f4a3873226e269c48be97d802ad74c5b
city_out_Poland_Łódź,endowment/seed-42,Poland/Łódź/Stare Polesie,False,False,True,False,True,-1.3877787807814457e-16,-2.6020852139652106e-17,0.0,0.0,0.0,a460e1a06eb73a488792a0b790bb1d4d45535a3991e56be855ba69c97aeb17cc,a460e1a06eb73a488792a0b790bb1d4d45535a3991e56be855ba69c97aeb17cc
city_out_Poland_Łódź,endowment/seed-42,Poland/Łódź/Stary Widzew,False,False,True,True,True,0.0,0.0,0.0,0.0,0.0,bb3fca4a248b70a7eab742ed7cd9208aca276fc1b5b23915cd29b041b53c4f5d,bb3fca4a248b70a7eab742ed7cd9208aca276fc1b5b23915cd29b041b53c4f5d
city_out_Poland_Łódź,endowment/seed-42,Poland/Łódź/Stoki-Sikawa-Podgórze,False,False,True,False,True,0.0,3.469446951953614e-18,0.0,0.0,0.0,daa7387b6e7d247064b525fce9d7f88245781b913243c1e6b696c092635d6853,daa7387b6e7d247064b525fce9d7f88245781b913243c1e6b696c092635d6853
city_out_Poland_Łódź,endowment/seed-42,Poland/Łódź/Teofilów-Wielkopolska,False,False,True,False,True,-1.1102230246251565e-16,-3.469446951953614e-18,0.0,0.0,0.0,bde80137cec518b39d3d28b0137a62dcf9da9bc55c84d06ec60eef97d2645c46,bde80137cec518b39d3d28b0137a62dcf9da9bc55c84d06ec60eef97d2645c46
city_out_Poland_Łódź,endowment/seed-42,Poland/Łódź/Widzew-Wschód,False,False,True,False,True,2.3592239273284576e-16,-4.5102810375396984e-17,0.0,0.0,0.0,d48edb2b735948a0268977fa0823c81dcdca831cb2bef2d0f830079cbb9aabd7,d48edb2b735948a0268977fa0823c81dcdca831cb2bef2d0f830079cbb9aabd7
city_out_Poland_Łódź,endowment/seed-42,Poland/Łódź/Wiskitno,False,False,True,False,True,0.0,1.5612511283791264e-17,0.0,0.0,0.0,3034e9895daafaa56836a7f46dc33cd672ad2cf58a4212da3302754bf7615e18,3034e9895daafaa56836a7f46dc33cd672ad2cf58a4212da3302754bf7615e18
city_out_Poland_Łódź,endowment/seed-42,Poland/Łódź/Wzniesień Łódzkich,False,False,True,True,True,0.0,0.0,0.0,0.0,0.0,15e40bee0eccd634240ed0ef142335055128fc770ab653ff310fd309fc2cf1d0,15e40bee0eccd634240ed0ef142335055128fc770ab653ff310fd309fc2cf1d0
city_out_Poland_Łódź,endowment/seed-42,Poland/Łódź/Zarzew,False,False,True,False,True,0.0,3.9898639947466563e-17,0.0,0.0,0.0,e54026b0d5e90281d031ae9a4f907494f24a2b2f7c8bb7ee656e1204b960677c,e54026b0d5e90281d031ae9a4f907494f24a2b2f7c8bb7ee656e1204b960677c
city_out_Poland_Łódź,endowment/seed-42,Poland/Łódź/Zdrowie-Mania,False,False,True,False,True,0.0,7.37257477290143e-17,0.0,0.0,0.0,6f350e84c3fe498e224de5162208a8a0642c5b77c50f2d4a3fe1efa2c5a41abe,6f350e84c3fe498e224de5162208a8a0642c5b77c50f2d4a3fe1efa2c5a41abe
city_out_Poland_Łódź,endowment/seed-42,Poland/Łódź/Złotno,False,False,True,False,True,1.6653345369377348e-16,-4.163336342344337e-17,0.0,0.0,0.0,76fa6c98949dd337ba169e0e540c963e2a7fc39ea2a92b530e6890a941dcabaa,76fa6c98949dd337ba169e0e540c963e2a7fc39ea2a92b530e6890a941dcabaa
city_out_Poland_Łódź,endowment/seed-42,Poland/Łódź/Łagiewniki,False,False,True,False,True,0.0,1.3877787807814457e-17,0.0,0.0,0.0,919a1bf2237947ea1e890a4ae84f484035ce5e7ad55807eb5f51aed6269f7d04,919a1bf2237947ea1e890a4ae84f484035ce5e7ad55807eb5f51aed6269f7d04
city_out_Poland_Łódź,endowment/seed-42,Poland/Łódź/Śródmieście-Wschód,False,False,True,False,True,0.0,5.637851296924623e-17,0.0,0.0,0.0,2832947f8784e0d9dc00aa10b5fd10aaf2e82b17c18b52c9df202745bb9cfd67,2832947f8784e0d9dc00aa10b5fd10aaf2e82b17c18b52c9df202745bb9cfd67
city_out_Poland_Łódź,greedy-cost,Poland/Łódź/Andrzejów,True,False,True,False,True,1.1102230246251565e-16,1.734723475976807e-17,0.0,0.0,0.0,6aae6a1ebb50556c17733cf946b48acecae48f090b505bffb05be9cc45068af4,6aae6a1ebb50556c17733cf946b48acecae48f090b505bffb05be9cc45068af4
city_out_Poland_Łódź,greedy-cost,Poland/Łódź/Bałuty Zachodnie,True,False,True,True,True,0.0,0.0,0.0,0.0,0.0,dea0ef09803252d8a08ca6bfa2ca86029b46bb90a12d84b0f8e37ff52d61423b,dea0ef09803252d8a08ca6bfa2ca86029b46bb90a12d84b0f8e37ff52d61423b
city_out_Poland_Łódź,greedy-cost,Poland/Łódź/Bałuty-Centrum,True,False,True,False,True,0.0,-2.0816681711721685e-17,0.0,0.0,0.0,50b4d680938964a826c8537d8bb64409bea869fb3e527e6800d553414ac60892,50b4d680938964a826c8537d8bb64409bea869fb3e527e6800d553414ac60892
city_out_Poland_Łódź,greedy-cost,Poland/Łódź/Bałuty-Doły,True,False,True,False,True,0.0,2.6020852139652106e-17,0.0,0.0,0.0,70c2ed5b8eaefd6947b27d3bc0b2b1eb5840e7c14825dad967685c058c5225ea,70c2ed5b8eaefd6947b27d3bc0b2b1eb5840e7c14825dad967685c058c5225ea
city_out_Poland_Łódź,greedy-cost,Poland/Łódź/Chojny,True,False,True,False,True,-2.1510571102112408e-16,-4.9439619065339e-17,0.0,0.0,0.0,c1d444fdb972904cbacefd88d95854d0f4c0a613d92071276b47c444c1d08e9d,c1d444fdb972904cbacefd88d95854d0f4c0a613d92071276b47c444c1d08e9d
city_out_Poland_Łódź,greedy-cost,Poland/Łódź/Chojny-Dąbrowa,True,False,True,False,True,-1.6653345369377348e-16,8.326672684688674e-17,0.0,0.0,0.0,c046bdeb52af65f8940aea4c8b3e741e819b081afbb174011681514a929d3b00,c046bdeb52af65f8940aea4c8b3e741e819b081afbb174011681514a929d3b00
city_out_Poland_Łódź,greedy-cost,Poland/Łódź/Dolina Łódki,True,False,True,False,True,0.0,1.734723475976807e-17,0.0,0.0,0.0,2197aa57f4dba46356b62623d944669e502539e5e41ce841745e783051443498,2197aa57f4dba46356b62623d944669e502539e5e41ce841745e783051443498
city_out_Poland_Łódź,greedy-cost,Poland/Łódź/Górniak,True,False,True,False,True,0.0,-1.9081958235744878e-17,0.0,0.0,0.0,9eb562841dbe1678212ccf834f4d8547eaee64efafc8dc3ad82559aa40d0c1a9,9eb562841dbe1678212ccf834f4d8547eaee64efafc8dc3ad82559aa40d0c1a9
city_out_Poland_Łódź,greedy-cost,Poland/Łódź/Im. Józefa Montwiłła-Mireckiego,True,False,True,False,True,0.0,-1.0408340855860843e-17,0.0,0.0,0.0,2ec3d9a904998d32958b473681bc4f4ed19b1ade7707f315e8115558ab996515,2ec3d9a904998d32958b473681bc4f4ed19b1ade7707f315e8115558ab996515
city_out_Poland_Łódź,greedy-cost,Poland/Łódź/Julianów-Marysin-Rogi,True,False,True,False,True,-1.1102230246251565e-16,5.5077470362263625e-17,0.0,0.0,0.0,c696290c435937657f5f971b575adf52ddce7f0a326100f26a74773e4f803631,c696290c435937657f5f971b575adf52ddce7f0a326100f26a74773e4f803631
city_out_Poland_Łódź,greedy-cost,Poland/Łódź/Karolew-Retkinia Wschód,True,False,True,False,True,0.0,5.572799166575493e-17,0.0,0.0,0.0,0db63cfeb6d02b5e97dbffae63bd91379f92763fb3a9a513c390a09b42daa45f,0db63cfeb6d02b5e97dbffae63bd91379f92763fb3a9a513c390a09b42daa45f
city_out_Poland_Łódź,greedy-cost,Poland/Łódź/Katedralna,True,False,True,False,True,-1.3877787807814457e-16,-1.3877787807814457e-17,0.0,0.0,0.0,afc66c4f1812a06882576531e6c3957e41fe4bd443b4060ae380b1b6488c129c,afc66c4f1812a06882576531e6c3957e41fe4bd443b4060ae380b1b6488c129c
city_out_Poland_Łódź,greedy-cost,Poland/Łódź/Koziny,True,False,True,False,True,-1.8041124150158794e-16,-6.938893903907228e-18,0.0,0.0,0.0,2192969e31dd89ce91c58670a7c595cc5cf0a7c54da4878a4f244390dc7dd652,2192969e31dd89ce91c58670a7c595cc5cf0a7c54da4878a4f244390dc7dd652
city_out_Poland_Łódź,greedy-cost,Poland/Łódź/Lublinek-Pienista,True,False,True,False,True,0.0,1.734723475976807e-17,0.0,0.0,0.0,35ce05349033a7f4a250b684963824177d0692c2343fbf6b2126f646e9e63a1e,35ce05349033a7f4a250b684963824177d0692c2343fbf6b2126f646e9e63a1e
city_out_Poland_Łódź,greedy-cost,Poland/Łódź/Mileszki,True,False,True,False,True,0.0,-3.5128150388530344e-17,0.0,0.0,0.0,eb81646f8fd624fccbf6d810552dab2e357392e89e0400e01beacfd184e8d734,eb81646f8fd624fccbf6d810552dab2e357392e89e0400e01beacfd184e8d734
city_out_Poland_Łódź,greedy-cost,Poland/Łódź/Nad Nerem,True,False,True,False,True,0.0,1.5612511283791264e-17,0.0,0.0,0.0,6ea42bdf2557b7051c7731431a4e6e05f4ed0a815e7d5d44d1c3c10e79db57eb,6ea42bdf2557b7051c7731431a4e6e05f4ed0a815e7d5d44d1c3c10e79db57eb
city_out_Poland_Łódź,greedy-cost,Poland/Łódź/Nowosolna,True,False,True,False,True,0.0,3.469446951953614e-18,0.0,0.0,0.0,2877aa0235aa91db0e224c815a80a487d78fe00ea8501f32bfa1c5b1cc1ae789,2877aa0235aa91db0e224c815a80a487d78fe00ea8501f32bfa1c5b1cc1ae789
city_out_Poland_Łódź,greedy-cost,Poland/Łódź/Nr 33,True,False,True,False,True,0.0,-6.938893903907228e-18,0.0,0.0,0.0,769efc9bc34cb09484ef86b45ed489bb0d5089d177176eb4eee39cf9dcef82e5,769efc9bc34cb09484ef86b45ed489bb0d5089d177176eb4eee39cf9dcef82e5
city_out_Poland_Łódź,greedy-cost,Poland/Łódź/Olechów-Janów,True,False,True,False,True,-2.498001805406602e-16,-8.326672684688674e-17,0.0,0.0,0.0,67ca033cc9375271aa2eda576ce4f352b233e02c80113e3e47a57a7dab314016,67ca033cc9375271aa2eda576ce4f352b233e02c80113e3e47a57a7dab314016
city_out_Poland_Łódź,greedy-cost,Poland/Łódź/Piastów-Kurak,True,False,True,False,True,1.1102230246251565e-16,1.0408340855860843e-17,0.0,0.0,0.0,bf50222f6fcb6a4308979eb2dee7fa950627fb74e3da2f6e69aa31e2ffae2a82,bf50222f6fcb6a4308979eb2dee7fa950627fb74e3da2f6e69aa31e2ffae2a82
city_out_Poland_Łódź,greedy-cost,Poland/Łódź/Radogoszcz,True,False,True,False,True,0.0,2.42861286636753e-17,0.0,0.0,0.0,6c04067308c684b7487c668dbb9617265c1d7c8eca2f2c51bb7c59e68ff809fd,6c04067308c684b7487c668dbb9617265c1d7c8eca2f2c51bb7c59e68ff809fd
city_out_Poland_Łódź,greedy-cost,Poland/Łódź/Retkinia Zachód-Smulsko,True,False,True,False,True,0.0,-2.2551405187698492e-17,0.0,0.0,0.0,de68a7f75d0b8681db14775e9255e103b7e0ee65866ff8b822378c34215a2c4c,de68a7f75d0b8681db14775e9255e103b7e0ee65866ff8b822378c34215a2c4c
city_out_Poland_Łódź,greedy-cost,Poland/Łódź/Rokicie,True,False,True,False,True,1.1102230246251565e-16,2.0816681711721685e-17,0.0,0.0,0.0,66f5ad7cbf93ed6679529f3c9c91ed6307718020eba0e670fe08e13b1eeb1629,66f5ad7cbf93ed6679529f3c9c91ed6307718020eba0e670fe08e13b1eeb1629
city_out_Poland_Łódź,greedy-cost,Poland/Łódź/Ruda,True,False,True,False,True,0.0,-1.6479873021779667e-17,0.0,0.0,0.0,02be784f6a5053b33513080e9cc9d6f5dac5fdf7c423c0d8ec8fc4571e8e88f6,02be784f6a5053b33513080e9cc9d6f5dac5fdf7c423c0d8ec8fc4571e8e88f6
city_out_Poland_Łódź,greedy-cost,Poland/Łódź/Stare Polesie,True,False,True,False,True,-1.6653345369377348e-16,2.7755575615628914e-17,0.0,0.0,0.0,5ce0198985b612fc7fae403b86e8ce2e6c639e13d1282bb43617095b93cbe72c,5ce0198985b612fc7fae403b86e8ce2e6c639e13d1282bb43617095b93cbe72c
city_out_Poland_Łódź,greedy-cost,Poland/Łódź/Stary Widzew,True,False,True,False,True,0.0,-3.469446951953614e-17,0.0,0.0,0.0,a7d1dfa6eacc03e0cd4c425038f67bdf53577809becbb322357a2e81adca6e6b,a7d1dfa6eacc03e0cd4c425038f67bdf53577809becbb322357a2e81adca6e6b
city_out_Poland_Łódź,greedy-cost,Poland/Łódź/Stoki-Sikawa-Podgórze,True,False,True,False,True,1.6653345369377348e-16,-3.642919299551295e-17,0.0,0.0,0.0,7e8fb28725429e716788d3c9b94d6d4fae45bd3cca6fc6177a6549353962c853,7e8fb28725429e716788d3c9b94d6d4fae45bd3cca6fc6177a6549353962c853
city_out_Poland_Łódź,greedy-cost,Poland/Łódź/Teofilów-Wielkopolska,True,False,True,False,True,-2.220446049250313e-16,-3.9898639947466563e-17,0.0,0.0,0.0,9d5bcb1844b1e38bf256f84f0ee6e7f9b5c9aa5690c86fa6bf9e7e109c4de152,9d5bcb1844b1e38bf256f84f0ee6e7f9b5c9aa5690c86fa6bf9e7e109c4de152
city_out_Poland_Łódź,greedy-cost,Poland/Łódź/Widzew-Wschód,True,False,True,False,True,0.0,2.7755575615628914e-17,0.0,0.0,0.0,844aef2e4e9115be093b546baf8178a717a4435e646ba896d89b9c11921b8377,844aef2e4e9115be093b546baf8178a717a4435e646ba896d89b9c11921b8377
city_out_Poland_Łódź,greedy-cost,Poland/Łódź/Wiskitno,True,False,True,False,True,0.0,1.5612511283791264e-17,0.0,0.0,0.0,926f101b3090f0f41d82b69e8877ff5121a61e7ed327de16b69f033702229c06,926f101b3090f0f41d82b69e8877ff5121a61e7ed327de16b69f033702229c06
city_out_Poland_Łódź,greedy-cost,Poland/Łódź/Wzniesień Łódzkich,True,False,True,True,True,0.0,0.0,0.0,0.0,0.0,15e40bee0eccd634240ed0ef142335055128fc770ab653ff310fd309fc2cf1d0,15e40bee0eccd634240ed0ef142335055128fc770ab653ff310fd309fc2cf1d0
city_out_Poland_Łódź,greedy-cost,Poland/Łódź/Zarzew,True,False,True,False,True,0.0,5.724587470723463e-17,0.0,0.0,0.0,3b4ffc13645730a6732ce99b52a51618e2d787e11a155a84ef98b89b1b64e090,3b4ffc13645730a6732ce99b52a51618e2d787e11a155a84ef98b89b1b64e090
city_out_Poland_Łódź,greedy-cost,Poland/Łódź/Zdrowie-Mania,True,False,True,False,True,0.0,4.683753385137379e-17,0.0,0.0,0.0,b32222e9d19cd598019d4b95537715b6469f01035cd780872e5a1960a3437972,b32222e9d19cd598019d4b95537715b6469f01035cd780872e5a1960a3437972
city_out_Poland_Łódź,greedy-cost,Poland/Łódź/Złotno,True,False,True,False,True,0.0,-4.5102810375396984e-17,0.0,0.0,0.0,0f1d7870da216deacdc7eb351a52dcbca3930716a7fb731b3a469759054c6b0a,0f1d7870da216deacdc7eb351a52dcbca3930716a7fb731b3a469759054c6b0a
city_out_Poland_Łódź,greedy-cost,Poland/Łódź/Łagiewniki,True,False,True,False,True,0.0,-5.204170427930421e-17,0.0,0.0,0.0,dae9c5383dcb26fb65f45de4512f3335dda9db55ba7bfd0f7178497dc3b08395,dae9c5383dcb26fb65f45de4512f3335dda9db55ba7bfd0f7178497dc3b08395
city_out_Poland_Łódź,greedy-cost,Poland/Łódź/Śródmieście-Wschód,True,False,True,False,True,-1.3877787807814457e-16,-1.2576745200831851e-17,0.0,0.0,0.0,b1c83d5c8117c12978aaf41fa7c6b8195bd95b29f27784ca2a665d135035b0cc,b1c83d5c8117c12978aaf41fa7c6b8195bd95b29f27784ca2a665d135035b0cc
city_out_Poland_Łódź,greedy-count,Poland/Łódź/Andrzejów,True,False,True,False,True,0.0,1.734723475976807e-17,0.0,0.0,0.0,1dc6657e4a1e45aa50cfb17c6df472e716d702d4382b0eccff346668867a15a9,1dc6657e4a1e45aa50cfb17c6df472e716d702d4382b0eccff346668867a15a9
city_out_Poland_Łódź,greedy-count,Poland/Łódź/Bałuty Zachodnie,True,False,True,False,True,-8.326672684688674e-17,-5.898059818321144e-17,0.0,0.0,0.0,064019d92f91f656dcc2152702920336b3bc8ba2c107725f1159227dceffcd50,064019d92f91f656dcc2152702920336b3bc8ba2c107725f1159227dceffcd50
city_out_Poland_Łódź,greedy-count,Poland/Łódź/Bałuty-Centrum,True,False,True,False,True,-1.1102230246251565e-16,5.204170427930421e-18,0.0,0.0,0.0,a490e2d2947c631308b45b1fc197045973e6a4fb40b8d48e5910134367618339,a490e2d2947c631308b45b1fc197045973e6a4fb40b8d48e5910134367618339
city_out_Poland_Łódź,greedy-count,Poland/Łódź/Bałuty-Doły,True,False,True,False,True,0.0,-1.734723475976807e-17,0.0,0.0,0.0,cda3c6a430b3c0ca4aaaed3e438d0a0db9659ce2229d6506ddb386a65e50cd6c,cda3c6a430b3c0ca4aaaed3e438d0a0db9659ce2229d6506ddb386a65e50cd6c
city_out_Poland_Łódź,greedy-count,Poland/Łódź/Chojny,True,False,True,False,True,0.0,-5.204170427930421e-18,0.0,0.0,0.0,d46008343d3a76375fabdc2cda2d2778082192eb0eb5f3b89e466b8bd06e5c53,d46008343d3a76375fabdc2cda2d2778082192eb0eb5f3b89e466b8bd06e5c53
city_out_Poland_Łódź,greedy-count,Poland/Łódź/Chojny-Dąbrowa,True,False,True,True,True,0.0,0.0,0.0,0.0,0.0,7f36fe46e1d80aa33153913d9757e1181ef9241ff83f440db5d32c0911c7f8cb,7f36fe46e1d80aa33153913d9757e1181ef9241ff83f440db5d32c0911c7f8cb
city_out_Poland_Łódź,greedy-count,Poland/Łódź/Dolina Łódki,True,False,True,True,True,0.0,0.0,0.0,0.0,0.0,381b6f9a569306f29be36974f96e85021c8dd4cab46b046c97b9a2277c97702b,381b6f9a569306f29be36974f96e85021c8dd4cab46b046c97b9a2277c97702b
city_out_Poland_Łódź,greedy-count,Poland/Łódź/Górniak,True,False,True,False,True,0.0,-3.122502256758253e-17,0.0,0.0,0.0,67da4059f437cbef616b0edb765f8377812f6410ed19e4b6c62cb65792af0e15,67da4059f437cbef616b0edb765f8377812f6410ed19e4b6c62cb65792af0e15
city_out_Poland_Łódź,greedy-count,Poland/Łódź/Im. Józefa Montwiłła-Mireckiego,True,False,True,False,True,0.0,2.7755575615628914e-17,0.0,0.0,0.0,c1b65bc48303e35552eeaeafa65a91a6b240bda8f435fa6e179a516d2ca878cf,c1b65bc48303e35552eeaeafa65a91a6b240bda8f435fa6e179a516d2ca878cf
city_out_Poland_Łódź,greedy-count,Poland/Łódź/Julianów-Marysin-Rogi,True,False,True,False,True,0.0,5.0306980803327406e-17,0.0,0.0,0.0,f3680db52d71f8648b95da045a7d9eb18a84615882b8836c2f36d16fa69fe06b,f3680db52d71f8648b95da045a7d9eb18a84615882b8836c2f36d16fa69fe06b
city_out_Poland_Łódź,greedy-count,Poland/Łódź/Karolew-Retkinia Wschód,True,False,True,False,True,1.1102230246251565e-16,7.979727989493313e-17,0.0,0.0,0.0,c9d064cf2ef18bf2db6ea357358719aa5faa3daacca826bd6504fb48712b3429,c9d064cf2ef18bf2db6ea357358719aa5faa3daacca826bd6504fb48712b3429
city_out_Poland_Łódź,greedy-count,Poland/Łódź/Katedralna,True,False,True,False,True,-1.249000902703301e-16,-6.722053469410127e-17,0.0,0.0,0.0,90b41d7f6fe706078e6c21e70864d1cddd7a011a9bda2ef2842644d9a1e97f28,90b41d7f6fe706078e6c21e70864d1cddd7a011a9bda2ef2842644d9a1e97f28
city_out_Poland_Łódź,greedy-count,Poland/Łódź/Koziny,True,False,True,False,True,0.0,6.938893903907228e-18,0.0,0.0,0.0,ed34af571b82c595bfa59a708ec1241da2643e426accb2e79c9ea0e5a7e399ea,ed34af571b82c595bfa59a708ec1241da2643e426accb2e79c9ea0e5a7e399ea
city_out_Poland_Łódź,greedy-count,Poland/Łódź/Lublinek-Pienista,True,False,True,False,True,0.0,-3.469446951953614e-18,0.0,0.0,0.0,08fb9251ff4b07a331ceadc100646a1f4560fd741afbd4a1b2f7eb8e2249b6b1,08fb9251ff4b07a331ceadc100646a1f4560fd741afbd4a1b2f7eb8e2249b6b1
city_out_Poland_Łódź,greedy-count,Poland/Łódź/Mileszki,True,False,True,False,True,-1.1796119636642288e-16,-1.474514954580286e-17,0.0,0.0,0.0,57836aa713d62d0f0a6315ba55ad2d0fd0de81396b2f29fd2f4d835a54bfaae9,57836aa713d62d0f0a6315ba55ad2d0fd0de81396b2f29fd2f4d835a54bfaae9
city_out_Poland_Łódź,greedy-count,Poland/Łódź/Nad Nerem,True,False,True,False,True,0.0,-3.469446951953614e-17,0.0,0.0,0.0,189180fb67afa5da8a3419f29ab9b4c5bf3edce5e8c35670256195e900bc2c31,189180fb67afa5da8a3419f29ab9b4c5bf3edce5e8c35670256195e900bc2c31
city_out_Poland_Łódź,greedy-count,Poland/Łódź/Nowosolna,True,False,True,False,True,0.0,-1.734723475976807e-17,0.0,0.0,0.0,bcf4bc67beb9a8d619d785602cebf6596809a43de4b22061f07fc5334d9e17b0,bcf4bc67beb9a8d619d785602cebf6596809a43de4b22061f07fc5334d9e17b0
city_out_Poland_Łódź,greedy-count,Poland/Łódź/Nr 33,True,False,True,False,True,0.0,-4.5102810375396984e-17,0.0,0.0,0.0,f39891324fe10970073ff75f3a14c2cdc9567dba06e77967962b3a12f7b9100b,f39891324fe10970073ff75f3a14c2cdc9567dba06e77967962b3a12f7b9100b
city_out_Poland_Łódź,greedy-count,Poland/Łódź/Olechów-Janów,True,False,True,False,True,1.3877787807814457e-16,1.734723475976807e-17,0.0,0.0,0.0,7c3e9c43e2923478c63f32d676834c3526719977c9e1c23338ecf992b5288024,7c3e9c43e2923478c63f32d676834c3526719977c9e1c23338ecf992b5288024
city_out_Poland_Łódź,greedy-count,Poland/Łódź/Piastów-Kurak,True,False,True,False,True,0.0,1.734723475976807e-17,0.0,0.0,0.0,b842dc48b602af288e5e39a9c46e36c8d3a8bf2732973c463c892c3917f2941b,b842dc48b602af288e5e39a9c46e36c8d3a8bf2732973c463c892c3917f2941b
city_out_Poland_Łódź,greedy-count,Poland/Łódź/Radogoszcz,True,False,True,False,True,1.457167719820518e-16,6.938893903907228e-18,0.0,0.0,0.0,f68905ea1099b9494f7cc48e886696636b5f15a2eada1dc3c41b4896991f98ca,f68905ea1099b9494f7cc48e886696636b5f15a2eada1dc3c41b4896991f98ca
city_out_Poland_Łódź,greedy-count,Poland/Łódź/Retkinia Zachód-Smulsko,True,False,True,False,True,1.249000902703301e-16,-2.2985086056692694e-17,0.0,0.0,0.0,04d4daf5b95c52eee2998e59c7731075d41d4f15cab7df2a43ae6159e0f971ed,04d4daf5b95c52eee2998e59c7731075d41d4f15cab7df2a43ae6159e0f971ed
city_out_Poland_Łódź,greedy-count,Poland/Łódź/Rokicie,True,False,True,False,True,0.0,1.5612511283791264e-17,0.0,0.0,0.0,7959ec80118e9701ab9a9f1a57bada006b37a0bff41dece72799c829ef0226cf,7959ec80118e9701ab9a9f1a57bada006b37a0bff41dece72799c829ef0226cf
city_out_Poland_Łódź,greedy-count,Poland/Łódź/Ruda,True,False,True,False,True,0.0,-1.0408340855860843e-17,0.0,0.0,0.0,ec285e5da4b571c64ea2ad7057df3cdc755a27e5ee0334b017fd43636858dfd1,ec285e5da4b571c64ea2ad7057df3cdc755a27e5ee0334b017fd43636858dfd1
city_out_Poland_Łódź,greedy-count,Poland/Łódź/Stare Polesie,True,False,True,True,True,0.0,0.0,0.0,0.0,0.0,ae5adb424d58f8cfb52cecf4305203ab66fd55dcfb038c350edab46fbbcc0844,ae5adb424d58f8cfb52cecf4305203ab66fd55dcfb038c350edab46fbbcc0844
city_out_Poland_Łódź,greedy-count,Poland/Łódź/Stary Widzew,True,False,True,False,True,0.0,4.5102810375396984e-17,0.0,0.0,0.0,a8dc3e7179d58670865050542979a55007147327001a43fdfdac77ba787e60b4,a8dc3e7179d58670865050542979a55007147327001a43fdfdac77ba787e60b4
city_out_Poland_Łódź,greedy-count,Poland/Łódź/Stoki-Sikawa-Podgórze,True,False,True,False,True,0.0,1.6479873021779667e-17,0.0,0.0,0.0,40fb8783b2dcfdecaa0d3e19e64135ddaa816ff76bf35f5ebe4caa6442a2e07b,40fb8783b2dcfdecaa0d3e19e64135ddaa816ff76bf35f5ebe4caa6442a2e07b
city_out_Poland_Łódź,greedy-count,Poland/Łódź/Teofilów-Wielkopolska,True,False,True,True,True,0.0,0.0,0.0,0.0,0.0,e24b433f8bbae13f78fd91f8bd076d148e43628be507b5fd026c5f1ee27df66c,e24b433f8bbae13f78fd91f8bd076d148e43628be507b5fd026c5f1ee27df66c
city_out_Poland_Łódź,greedy-count,Poland/Łódź/Widzew-Wschód,True,False,True,False,True,1.1102230246251565e-16,-3.209238430557093e-17,0.0,0.0,0.0,8ba3c050c9c47d3bee383425c6a5647193352f9e57be4d9a2c66957c4d7a9b58,8ba3c050c9c47d3bee383425c6a5647193352f9e57be4d9a2c66957c4d7a9b58
city_out_Poland_Łódź,greedy-count,Poland/Łódź/Wiskitno,True,False,True,False,True,0.0,-2.873135757086587e-17,0.0,0.0,0.0,c299023227d41f615809b1c0a8c4b802799327017679dff2aa04e42d7d03c6a5,c299023227d41f615809b1c0a8c4b802799327017679dff2aa04e42d7d03c6a5
city_out_Poland_Łódź,greedy-count,Poland/Łódź/Wzniesień Łódzkich,True,False,True,False,True,0.0,1.3877787807814457e-17,0.0,0.0,0.0,e9a0b285000da0b3bd051aa955fb53910c113e9fca59a454f8d74d35b4a95b94,e9a0b285000da0b3bd051aa955fb53910c113e9fca59a454f8d74d35b4a95b94
city_out_Poland_Łódź,greedy-count,Poland/Łódź/Zarzew,True,False,True,False,True,0.0,-1.0408340855860843e-17,0.0,0.0,0.0,df8c92f18d5ac9fff042a41eef1a2f5bb66e434f8618a1d39a7fe802c965d42b,df8c92f18d5ac9fff042a41eef1a2f5bb66e434f8618a1d39a7fe802c965d42b
city_out_Poland_Łódź,greedy-count,Poland/Łódź/Zdrowie-Mania,True,False,True,False,True,0.0,6.071532165918825e-17,0.0,0.0,0.0,05c475882f58085da1a5c303816158a8a5382bf90198e439980f3d7d64e34a8d,05c475882f58085da1a5c303816158a8a5382bf90198e439980f3d7d64e34a8d
city_out_Poland_Łódź,greedy-count,Poland/Łódź/Złotno,True,False,True,False,True,0.0,-1.5178830414797062e-17,0.0,0.0,0.0,5b62d7563cb29c9042eee368c2cabb49105f2cfd736df990259f9c4a6b3eb054,5b62d7563cb29c9042eee368c2cabb49105f2cfd736df990259f9c4a6b3eb054
city_out_Poland_Łódź,greedy-count,Poland/Łódź/Łagiewniki,True,False,True,False,True,0.0,3.2959746043559335e-17,0.0,0.0,0.0,0b2f640b21158d364ae3aff6848441005a86c22b8b9a16756088c59e941faad2,0b2f640b21158d364ae3aff6848441005a86c22b8b9a16756088c59e941faad2
city_out_Poland_Łódź,greedy-count,Poland/Łódź/Śródmieście-Wschód,True,False,True,False,True,0.0,-2.6020852139652106e-18,0.0,0.0,0.0,a7515401f57e6363548d3d42ea7eb1d4736cf91e02d30d9200c19fcfdf9b9da4,a7515401f57e6363548d3d42ea7eb1d4736cf91e02d30d9200c19fcfdf9b9da4
city_out_Poland_Łódź,mes,Poland/Łódź/Andrzejów,True,False,True,False,True,1.1102230246251565e-16,1.734723475976807e-17,0.0,0.0,0.0,6aae6a1ebb50556c17733cf946b48acecae48f090b505bffb05be9cc45068af4,6aae6a1ebb50556c17733cf946b48acecae48f090b505bffb05be9cc45068af4
city_out_Poland_Łódź,mes,Poland/Łódź/Bałuty Zachodnie,True,False,True,False,True,-8.326672684688674e-17,-3.469446951953614e-17,0.0,0.0,0.0,0f16418586d11c549be01ab16c4590d7210e1934b8297b29836207fa923ce536,0f16418586d11c549be01ab16c4590d7210e1934b8297b29836207fa923ce536
city_out_Poland_Łódź,mes,Poland/Łódź/Bałuty-Centrum,True,False,True,False,True,0.0,4.336808689942018e-17,0.0,0.0,0.0,720b73cf996012ef7bd27a2807457bf8e7437c7d0eb6478c1cfd963e01d0ce1e,720b73cf996012ef7bd27a2807457bf8e7437c7d0eb6478c1cfd963e01d0ce1e
city_out_Poland_Łódź,mes,Poland/Łódź/Bałuty-Doły,True,False,True,True,True,0.0,0.0,0.0,0.0,0.0,fc65b9d392a4e6429fc1215c6c878f69e6ebd71a5cd757205cd05d3460d93e26,fc65b9d392a4e6429fc1215c6c878f69e6ebd71a5cd757205cd05d3460d93e26
city_out_Poland_Łódź,mes,Poland/Łódź/Chojny,True,False,True,False,True,0.0,-2.42861286636753e-17,0.0,0.0,0.0,36af3c36790ef8d0a42047f826d8890bba0bad0ac5d38cec407718ac7c327dbb,36af3c36790ef8d0a42047f826d8890bba0bad0ac5d38cec407718ac7c327dbb
city_out_Poland_Łódź,mes,Poland/Łódź/Chojny-Dąbrowa,True,False,True,False,True,0.0,-2.6020852139652106e-17,0.0,0.0,0.0,740b83acac73d14499a500d879bd8b67e5e8af6f3186fec11d5f5e3ccf671464,740b83acac73d14499a500d879bd8b67e5e8af6f3186fec11d5f5e3ccf671464
city_out_Poland_Łódź,mes,Poland/Łódź/Dolina Łódki,True,False,True,True,True,0.0,0.0,0.0,0.0,0.0,9e29cff8a2091b1e388e47348cd309f83d66e3ba102008414cfe0fba1f9f7395,9e29cff8a2091b1e388e47348cd309f83d66e3ba102008414cfe0fba1f9f7395
city_out_Poland_Łódź,mes,Poland/Łódź/Górniak,True,False,True,False,True,0.0,-3.122502256758253e-17,0.0,0.0,0.0,67da4059f437cbef616b0edb765f8377812f6410ed19e4b6c62cb65792af0e15,67da4059f437cbef616b0edb765f8377812f6410ed19e4b6c62cb65792af0e15
city_out_Poland_Łódź,mes,Poland/Łódź/Im. Józefa Montwiłła-Mireckiego,True,False,True,False,True,0.0,-1.3877787807814457e-17,0.0,0.0,0.0,cfe13a0e3e3709de17a2ccc1e9b7247b2c1ef3da11defb3e18dc257f433860ab,cfe13a0e3e3709de17a2ccc1e9b7247b2c1ef3da11defb3e18dc257f433860ab
city_out_Poland_Łódź,mes,Poland/Łódź/Julianów-Marysin-Rogi,True,False,True,False,True,1.249000902703301e-16,-8.673617379884035e-18,0.0,0.0,0.0,28eaf7f484b9c484f70af7e3c30568b8b8bd1bab5ab715829926d782b4bc1fb5,28eaf7f484b9c484f70af7e3c30568b8b8bd1bab5ab715829926d782b4bc1fb5
city_out_Poland_Łódź,mes,Poland/Łódź/Karolew-Retkinia Wschód,True,False,True,False,True,0.0,6.938893903907228e-18,0.0,0.0,0.0,8d33cc1498ecd54f0a4ec5bbf271bcc117923acea9d0e65819709e4ac80e67c4,8d33cc1498ecd54f0a4ec5bbf271bcc117923acea9d0e65819709e4ac80e67c4
city_out_Poland_Łódź,mes,Poland/Łódź/Katedralna,True,False,True,False,True,0.0,-2.2551405187698492e-17,0.0,0.0,0.0,16b674949ed8d7853d9964989b4f786877d1f02f2bdbb7cf56101ffb5449fa68,16b674949ed8d7853d9964989b4f786877d1f02f2bdbb7cf56101ffb5449fa68
city_out_Poland_Łódź,mes,Poland/Łódź/Koziny,True,False,True,False,True,0.0,3.122502256758253e-17,0.0,0.0,0.0,80b22ae93fb2e7baea446f3c7a30f23595ca21d25680a375a14cb9e325a22bc3,80b22ae93fb2e7baea446f3c7a30f23595ca21d25680a375a14cb9e325a22bc3
city_out_Poland_Łódź,mes,Poland/Łódź/Lublinek-Pienista,True,False,True,False,True,0.0,4.683753385137379e-17,0.0,0.0,0.0,7028e3160512be44a6ec6249cb180e439c024c6118bf1798e277147c70fe122a,7028e3160512be44a6ec6249cb180e439c024c6118bf1798e277147c70fe122a
city_out_Poland_Łódź,mes,Poland/Łódź/Mileszki,True,False,True,False,True,0.0,-3.5128150388530344e-17,0.0,0.0,0.0,eb81646f8fd624fccbf6d810552dab2e357392e89e0400e01beacfd184e8d734,eb81646f8fd624fccbf6d810552dab2e357392e89e0400e01beacfd184e8d734
city_out_Poland_Łódź,mes,Poland/Łódź/Nad Nerem,True,False,True,False,True,-1.3877787807814457e-16,-1.734723475976807e-17,0.0,0.0,0.0,576c24439f4539b3d87a2d2a5599db6ea15c57ce8bdf7049791248664b2ef5e8,576c24439f4539b3d87a2d2a5599db6ea15c57ce8bdf7049791248664b2ef5e8
city_out_Poland_Łódź,mes,Poland/Łódź/Nowosolna,True,False,True,False,True,-1.1102230246251565e-16,5.204170427930421e-18,0.0,0.0,0.0,ad963ef709c5c2ce32c0d6b8427d0ea21809bd564f1f488f154d72dc71fbe2b3,ad963ef709c5c2ce32c0d6b8427d0ea21809bd564f1f488f154d72dc71fbe2b3
city_out_Poland_Łódź,mes,Poland/Łódź/Nr 33,True,False,True,False,True,0.0,-4.5102810375396984e-17,0.0,0.0,0.0,d72fc558b22f17f7eef574e3c60738631d6a6c86013bd0e4ed26be29cbc71320,d72fc558b22f17f7eef574e3c60738631d6a6c86013bd0e4ed26be29cbc71320
city_out_Poland_Łódź,mes,Poland/Łódź/Olechów-Janów,True,False,True,False,True,0.0,-1.3877787807814457e-17,0.0,0.0,0.0,2a34f5c86acc8d5f789bed03fcedc141dd7307a442abd0728c64795a060c4012,2a34f5c86acc8d5f789bed03fcedc141dd7307a442abd0728c64795a060c4012
city_out_Poland_Łódź,mes,Poland/Łódź/Piastów-Kurak,True,False,True,False,True,0.0,-4.336808689942018e-18,0.0,0.0,0.0,e4245f64f8d3834974da03200767a90ad56ca955fd0e885a32b6fb042d272491,e4245f64f8d3834974da03200767a90ad56ca955fd0e885a32b6fb042d272491
city_out_Poland_Łódź,mes,Poland/Łódź/Radogoszcz,True,False,True,False,True,0.0,7.470152968425126e-17,0.0,0.0,0.0,69d755b807a099d3089f9b51290bc79690b7f1b2b16ebff649eaefd20f286888,69d755b807a099d3089f9b51290bc79690b7f1b2b16ebff649eaefd20f286888
city_out_Poland_Łódź,mes,Poland/Łódź/Retkinia Zachód-Smulsko,True,False,True,False,True,0.0,-1.9949319973733282e-17,0.0,0.0,0.0,5712d224dd38b78f7d22647f3a421a19452347ee5c9c90208b7358e6df15147a,5712d224dd38b78f7d22647f3a421a19452347ee5c9c90208b7358e6df15147a
city_out_Poland_Łódź,mes,Poland/Łódź/Rokicie,True,False,True,False,True,-9.71445146547012e-17,3.469446951953614e-18,0.0,0.0,0.0,a0134208c28d89104b704e107fb232f85ce5d119b9f1ad12a88e57bf6394f1b1,a0134208c28d89104b704e107fb232f85ce5d119b9f1ad12a88e57bf6394f1b1
city_out_Poland_Łódź,mes,Poland/Łódź/Ruda,True,False,True,False,True,1.3877787807814457e-16,7.892991815694472e-17,0.0,0.0,0.0,673cb54ffba78367a2d2daec13a5bb42f4a3873226e269c48be97d802ad74c5b,673cb54ffba78367a2d2daec13a5bb42f4a3873226e269c48be97d802ad74c5b
city_out_Poland_Łódź,mes,Poland/Łódź/Stare Polesie,True,False,True,False,True,-1.6653345369377348e-16,2.6020852139652106e-17,0.0,0.0,0.0,bbb633ef70865eb39355753c26875f4b32f81accad7a065b9e8af08aed0a0a00,bbb633ef70865eb39355753c26875f4b32f81accad7a065b9e8af08aed0a0a00
city_out_Poland_Łódź,mes,Poland/Łódź/Stary Widzew,True,False,True,False,True,0.0,3.122502256758253e-17,0.0,0.0,0.0,cacb9a61aaa169f4c16571154676fd247e4ffb30cdb49664222a2b2341befca4,cacb9a61aaa169f4c16571154676fd247e4ffb30cdb49664222a2b2341befca4
city_out_Poland_Łódź,mes,Poland/Łódź/Stoki-Sikawa-Podgórze,True,False,True,False,True,0.0,-3.642919299551295e-17,0.0,0.0,0.0,2c234012107eac30c807b55afef3f1cbfdc1f49e3d28e79346ebc9128386ef90,2c234012107eac30c807b55afef3f1cbfdc1f49e3d28e79346ebc9128386ef90
city_out_Poland_Łódź,mes,Poland/Łódź/Teofilów-Wielkopolska,True,False,True,False,True,-1.1102230246251565e-16,-3.469446951953614e-18,0.0,0.0,0.0,bde80137cec518b39d3d28b0137a62dcf9da9bc55c84d06ec60eef97d2645c46,bde80137cec518b39d3d28b0137a62dcf9da9bc55c84d06ec60eef97d2645c46
city_out_Poland_Łódź,mes,Poland/Łódź/Widzew-Wschód,True,False,True,False,True,2.3592239273284576e-16,-4.5102810375396984e-17,0.0,0.0,0.0,d48edb2b735948a0268977fa0823c81dcdca831cb2bef2d0f830079cbb9aabd7,d48edb2b735948a0268977fa0823c81dcdca831cb2bef2d0f830079cbb9aabd7
city_out_Poland_Łódź,mes,Poland/Łódź/Wiskitno,True,False,True,False,True,1.942890293094024e-16,6.331740687315346e-17,0.0,0.0,0.0,df8ca71147762832e99fa4ea49f7001c160283e8ded1e8ef5b8c914ce1e014d0,df8ca71147762832e99fa4ea49f7001c160283e8ded1e8ef5b8c914ce1e014d0
city_out_Poland_Łódź,mes,Poland/Łódź/Wzniesień Łódzkich,True,False,True,True,True,0.0,0.0,0.0,0.0,0.0,15e40bee0eccd634240ed0ef142335055128fc770ab653ff310fd309fc2cf1d0,15e40bee0eccd634240ed0ef142335055128fc770ab653ff310fd309fc2cf1d0
city_out_Poland_Łódź,mes,Poland/Łódź/Zarzew,True,False,True,False,True,2.220446049250313e-16,-5.204170427930421e-18,0.0,0.0,0.0,d60053d2d2d41df116acb3cedf8ea4f5b3705f586ee0a240408385c87a6570b2,d60053d2d2d41df116acb3cedf8ea4f5b3705f586ee0a240408385c87a6570b2
city_out_Poland_Łódź,mes,Poland/Łódź/Zdrowie-Mania,True,False,True,False,True,0.0,3.8163916471489756e-17,0.0,0.0,0.0,f33f4cd10514f2e843f4476def5a7fe216221df4770c4be7b3eb3ac7663998ea,f33f4cd10514f2e843f4476def5a7fe216221df4770c4be7b3eb3ac7663998ea
city_out_Poland_Łódź,mes,Poland/Łódź/Złotno,True,False,True,False,True,1.6653345369377348e-16,-4.163336342344337e-17,0.0,0.0,0.0,76fa6c98949dd337ba169e0e540c963e2a7fc39ea2a92b530e6890a941dcabaa,76fa6c98949dd337ba169e0e540c963e2a7fc39ea2a92b530e6890a941dcabaa
city_out_Poland_Łódź,mes,Poland/Łódź/Łagiewniki,True,False,True,False,True,0.0,1.3877787807814457e-17,0.0,0.0,0.0,919a1bf2237947ea1e890a4ae84f484035ce5e7ad55807eb5f51aed6269f7d04,919a1bf2237947ea1e890a4ae84f484035ce5e7ad55807eb5f51aed6269f7d04
city_out_Poland_Łódź,mes,Poland/Łódź/Śródmieście-Wschód,True,False,True,False,True,0.0,2.2551405187698492e-17,0.0,0.0,0.0,42db8639d16f47abae1d1d30a2084409e59644ab9d8f18bbd3e0528dc0a1170d,42db8639d16f47abae1d1d30a2084409e59644ab9d8f18bbd3e0528dc0a1170d
city_out_Poland_Łódź,outcome/seed-42,Poland/Łódź/Andrzejów,False,False,True,False,True,1.1102230246251565e-16,1.734723475976807e-17,0.0,0.0,0.0,6aae6a1ebb50556c17733cf946b48acecae48f090b505bffb05be9cc45068af4,6aae6a1ebb50556c17733cf946b48acecae48f090b505bffb05be9cc45068af4
city_out_Poland_Łódź,outcome/seed-42,Poland/Łódź/Bałuty Zachodnie,False,False,True,True,True,0.0,0.0,0.0,0.0,0.0,dea0ef09803252d8a08ca6bfa2ca86029b46bb90a12d84b0f8e37ff52d61423b,dea0ef09803252d8a08ca6bfa2ca86029b46bb90a12d84b0f8e37ff52d61423b
city_out_Poland_Łódź,outcome/seed-42,Poland/Łódź/Bałuty-Centrum,False,False,True,False,True,0.0,-8.673617379884035e-19,0.0,0.0,0.0,468f4e496c5464c352d7bae7f54b3a699ad2a919cc8edb6e541ba64bc1fa7947,468f4e496c5464c352d7bae7f54b3a699ad2a919cc8edb6e541ba64bc1fa7947
city_out_Poland_Łódź,outcome/seed-42,Poland/Łódź/Bałuty-Doły,False,False,True,False,True,0.0,2.6020852139652106e-17,0.0,0.0,0.0,70c2ed5b8eaefd6947b27d3bc0b2b1eb5840e7c14825dad967685c058c5225ea,70c2ed5b8eaefd6947b27d3bc0b2b1eb5840e7c14825dad967685c058c5225ea
city_out_Poland_Łódź,outcome/seed-42,Poland/Łódź/Chojny,False,False,True,False,True,0.0,-1.5178830414797062e-17,0.0,0.0,0.0,813dfb36eaa2e9f578479c5b34df8eb59f71f12d3662a85d120bbb99538067ca,813dfb36eaa2e9f578479c5b34df8eb59f71f12d3662a85d120bbb99538067ca
city_out_Poland_Łódź,outcome/seed-42,Poland/Łódź/Chojny-Dąbrowa,False,False,True,False,True,0.0,5.898059818321144e-17,0.0,0.0,0.0,aeb1f42b32a63f1e12d95d1e4aacbc6908eb6e48dcc854904f038c6defaa6def,aeb1f42b32a63f1e12d95d1e4aacbc6908eb6e48dcc854904f038c6defaa6def
city_out_Poland_Łódź,outcome/seed-42,Poland/Łódź/Dolina Łódki,False,False,True,False,True,0.0,1.734723475976807e-17,0.0,0.0,0.0,2197aa57f4dba46356b62623d944669e502539e5e41ce841745e783051443498,2197aa57f4dba46356b62623d944669e502539e5e41ce841745e783051443498
city_out_Poland_Łódź,outcome/seed-42,Poland/Łódź/Górniak,False,False,True,False,True,0.0,3.469446951953614e-17,0.0,0.0,0.0,77cb1d94788e674fd35de9a71a3a58da8298b2ffb8de16e0db31c5f5a98b0901,77cb1d94788e674fd35de9a71a3a58da8298b2ffb8de16e0db31c5f5a98b0901
city_out_Poland_Łódź,outcome/seed-42,Poland/Łódź/Im. Józefa Montwiłła-Mireckiego,False,False,True,False,True,0.0,-1.0408340855860843e-17,0.0,0.0,0.0,2ec3d9a904998d32958b473681bc4f4ed19b1ade7707f315e8115558ab996515,2ec3d9a904998d32958b473681bc4f4ed19b1ade7707f315e8115558ab996515
city_out_Poland_Łódź,outcome/seed-42,Poland/Łódź/Julianów-Marysin-Rogi,False,False,True,False,True,0.0,3.642919299551295e-17,0.0,0.0,0.0,bbdcb235c9fc5f8f4b0da98b583f846ad5e830f1fd24b957e81464be46125e40,bbdcb235c9fc5f8f4b0da98b583f846ad5e830f1fd24b957e81464be46125e40
city_out_Poland_Łódź,outcome/seed-42,Poland/Łódź/Karolew-Retkinia Wschód,False,False,True,False,True,2.7755575615628914e-16,8.239936510889834e-17,0.0,0.0,0.0,6f4edca3bdcfc2191974b4f947026c6079aa5be6cb8e876e730cd650f1bf6cd3,6f4edca3bdcfc2191974b4f947026c6079aa5be6cb8e876e730cd650f1bf6cd3
city_out_Poland_Łódź,outcome/seed-42,Poland/Łódź/Katedralna,False,False,True,False,True,-1.3877787807814457e-16,-1.3877787807814457e-17,0.0,0.0,0.0,afc66c4f1812a06882576531e6c3957e41fe4bd443b4060ae380b1b6488c129c,afc66c4f1812a06882576531e6c3957e41fe4bd443b4060ae380b1b6488c129c
city_out_Poland_Łódź,outcome/seed-42,Poland/Łódź/Koziny,False,False,True,False,True,-1.8041124150158794e-16,-6.938893903907228e-18,0.0,0.0,0.0,2192969e31dd89ce91c58670a7c595cc5cf0a7c54da4878a4f244390dc7dd652,2192969e31dd89ce91c58670a7c595cc5cf0a7c54da4878a4f244390dc7dd652
city_out_Poland_Łódź,outcome/seed-42,Poland/Łódź/Lublinek-Pienista,False,False,True,False,True,0.0,5.204170427930421e-18,0.0,0.0,0.0,a94f742b9610ef6e5213d357c74433ff589a6be5777c389603029a3fc04be745,a94f742b9610ef6e5213d357c74433ff589a6be5777c389603029a3fc04be745
city_out_Poland_Łódź,outcome/seed-42,Poland/Łódź/Mileszki,False,False,True,False,True,0.0,-3.5128150388530344e-17,0.0,0.0,0.0,eb81646f8fd624fccbf6d810552dab2e357392e89e0400e01beacfd184e8d734,eb81646f8fd624fccbf6d810552dab2e357392e89e0400e01beacfd184e8d734
city_out_Poland_Łódź,outcome/seed-42,Poland/Łódź/Nad Nerem,False,False,True,False,True,0.0,1.0950441942103595e-17,0.0,0.0,0.0,7ce749675c1992a87ec70c83e4e76b892ffb2860c1ca6e9bbfae5e165a989b2f,7ce749675c1992a87ec70c83e4e76b892ffb2860c1ca6e9bbfae5e165a989b2f
city_out_Poland_Łódź,outcome/seed-42,Poland/Łódź/Nowosolna,False,False,True,False,True,0.0,3.469446951953614e-18,0.0,0.0,0.0,2877aa0235aa91db0e224c815a80a487d78fe00ea8501f32bfa1c5b1cc1ae789,2877aa0235aa91db0e224c815a80a487d78fe00ea8501f32bfa1c5b1cc1ae789
city_out_Poland_Łódź,outcome/seed-42,Poland/Łódź/Nr 33,False,False,True,False,True,0.0,-6.179952383167375e-17,0.0,0.0,0.0,3a5a04451496c54c2d821011ac4d45ef57565ee604e01ff84beaaf450c0babc5,3a5a04451496c54c2d821011ac4d45ef57565ee604e01ff84beaaf450c0babc5
city_out_Poland_Łódź,outcome/seed-42,Poland/Łódź/Olechów-Janów,False,False,True,False,True,-2.498001805406602e-16,-8.326672684688674e-17,0.0,0.0,0.0,67ca033cc9375271aa2eda576ce4f352b233e02c80113e3e47a57a7dab314016,67ca033cc9375271aa2eda576ce4f352b233e02c80113e3e47a57a7dab314016
city_out_Poland_Łódź,outcome/seed-42,Poland/Łódź/Piastów-Kurak,False,False,True,False,True,1.1102230246251565e-16,1.0408340855860843e-17,0.0,0.0,0.0,bf50222f6fcb6a4308979eb2dee7fa950627fb74e3da2f6e69aa31e2ffae2a82,bf50222f6fcb6a4308979eb2dee7fa950627fb74e3da2f6e69aa31e2ffae2a82
city_out_Poland_Łódź,outcome/seed-42,Poland/Łódź/Radogoszcz,False,False,True,False,True,1.942890293094024e-16,2.6020852139652106e-17,0.0,0.0,0.0,360ecbd19527c909a559c0aeb2627dca266c2cfd92a7a01c7038cbd32e24bad3,360ecbd19527c909a559c0aeb2627dca266c2cfd92a7a01c7038cbd32e24bad3
city_out_Poland_Łódź,outcome/seed-42,Poland/Łódź/Retkinia Zachód-Smulsko,False,False,True,False,True,0.0,-7.806255641895632e-18,0.0,0.0,0.0,603c59aafdb5067646677476c16132deaf41db1642f84e125127eea075d03b67,603c59aafdb5067646677476c16132deaf41db1642f84e125127eea075d03b67
city_out_Poland_Łódź,outcome/seed-42,Poland/Łódź/Rokicie,False,False,True,False,True,1.1102230246251565e-16,2.0816681711721685e-17,0.0,0.0,0.0,66f5ad7cbf93ed6679529f3c9c91ed6307718020eba0e670fe08e13b1eeb1629,66f5ad7cbf93ed6679529f3c9c91ed6307718020eba0e670fe08e13b1eeb1629
city_out_Poland_Łódź,outcome/seed-42,Poland/Łódź/Ruda,False,False,True,False,True,0.0,-1.6479873021779667e-17,0.0,0.0,0.0,02be784f6a5053b33513080e9cc9d6f5dac5fdf7c423c0d8ec8fc4571e8e88f6,02be784f6a5053b33513080e9cc9d6f5dac5fdf7c423c0d8ec8fc4571e8e88f6
city_out_Poland_Łódź,outcome/seed-42,Poland/Łódź/Stare Polesie,False,False,True,False,True,-1.6653345369377348e-16,4.5102810375396984e-17,0.0,0.0,0.0,6870a5b547c5dc3924d15013ddc989c64691d442817bc065bebc281ff2174178,6870a5b547c5dc3924d15013ddc989c64691d442817bc065bebc281ff2174178
city_out_Poland_Łódź,outcome/seed-42,Poland/Łódź/Stary Widzew,False,False,True,False,True,0.0,-1.734723475976807e-17,0.0,0.0,0.0,d21e908bf959927599b4faf35edbebda022c4a4246b023d2d1581b19cd6f07ff,d21e908bf959927599b4faf35edbebda022c4a4246b023d2d1581b19cd6f07ff
city_out_Poland_Łódź,outcome/seed-42,Poland/Łódź/Stoki-Sikawa-Podgórze,False,False,True,False,True,0.0,-3.9898639947466563e-17,0.0,0.0,0.0,3ee9af403a5135475eb203fb2c75047929d688397d72cd8fcd560e7ddb21b6a0,3ee9af403a5135475eb203fb2c75047929d688397d72cd8fcd560e7ddb21b6a0
city_out_Poland_Łódź,outcome/seed-42,Poland/Łódź/Teofilów-Wielkopolska,False,False,True,False,True,-2.220446049250313e-16,-3.9898639947466563e-17,0.0,0.0,0.0,9d5bcb1844b1e38bf256f84f0ee6e7f9b5c9aa5690c86fa6bf9e7e109c4de152,9d5bcb1844b1e38bf256f84f0ee6e7f9b5c9aa5690c86fa6bf9e7e109c4de152
city_out_Poland_Łódź,outcome/seed-42,Poland/Łódź/Widzew-Wschód,False,False,True,False,True,0.0,2.42861286636753e-17,0.0,0.0,0.0,2bdc9f712a77ffbd87446f00689fb0919a96c33456a2c36cfb57415190dd1cd9,2bdc9f712a77ffbd87446f00689fb0919a96c33456a2c36cfb57415190dd1cd9
city_out_Poland_Łódź,outcome/seed-42,Poland/Łódź/Wiskitno,False,False,True,False,True,0.0,3.9898639947466563e-17,0.0,0.0,0.0,926f101b3090f0f41d82b69e8877ff5121a61e7ed327de16b69f033702229c06,926f101b3090f0f41d82b69e8877ff5121a61e7ed327de16b69f033702229c06
city_out_Poland_Łódź,outcome/seed-42,Poland/Łódź/Wzniesień Łódzkich,False,False,True,True,True,0.0,0.0,0.0,0.0,0.0,15e40bee0eccd634240ed0ef142335055128fc770ab653ff310fd309fc2cf1d0,15e40bee0eccd634240ed0ef142335055128fc770ab653ff310fd309fc2cf1d0
city_out_Poland_Łódź,outcome/seed-42,Poland/Łódź/Zarzew,False,False,True,False,True,0.0,5.724587470723463e-17,0.0,0.0,0.0,3b4ffc13645730a6732ce99b52a51618e2d787e11a155a84ef98b89b1b64e090,3b4ffc13645730a6732ce99b52a51618e2d787e11a155a84ef98b89b1b64e090
city_out_Poland_Łódź,outcome/seed-42,Poland/Łódź/Zdrowie-Mania,False,False,True,False,True,0.0,2.949029909160572e-17,0.0,0.0,0.0,327b098767c26dfa122a54b3d74a71aed8f8be29e13d47aaf01e28954c127620,327b098767c26dfa122a54b3d74a71aed8f8be29e13d47aaf01e28954c127620
city_out_Poland_Łódź,outcome/seed-42,Poland/Łódź/Złotno,False,False,True,False,True,0.0,-4.5102810375396984e-17,0.0,0.0,0.0,0f1d7870da216deacdc7eb351a52dcbca3930716a7fb731b3a469759054c6b0a,0f1d7870da216deacdc7eb351a52dcbca3930716a7fb731b3a469759054c6b0a
city_out_Poland_Łódź,outcome/seed-42,Poland/Łódź/Łagiewniki,False,False,True,False,True,0.0,-5.204170427930421e-17,0.0,0.0,0.0,dae9c5383dcb26fb65f45de4512f3335dda9db55ba7bfd0f7178497dc3b08395,dae9c5383dcb26fb65f45de4512f3335dda9db55ba7bfd0f7178497dc3b08395
city_out_Poland_Łódź,outcome/seed-42,Poland/Łódź/Śródmieście-Wschód,False,False,True,False,True,-1.1102230246251565e-16,4.85722573273506e-17,0.0,0.0,0.0,32e85860bfaca8d2dcc879f9afb9ffac7451381a84d971f88fc11fa4bf8dc666,32e85860bfaca8d2dcc879f9afb9ffac7451381a84d971f88fc11fa4bf8dc666
city_out_Poland_Łódź,priority/seed-1,Poland/Łódź/Andrzejów,False,False,True,False,True,1.1102230246251565e-16,1.734723475976807e-17,0.0,0.0,0.0,6aae6a1ebb50556c17733cf946b48acecae48f090b505bffb05be9cc45068af4,6aae6a1ebb50556c17733cf946b48acecae48f090b505bffb05be9cc45068af4
city_out_Poland_Łódź,priority/seed-1,Poland/Łódź/Bałuty Zachodnie,False,False,True,False,True,0.0,-1.0408340855860843e-17,0.0,0.0,0.0,ff660dafa8922b10fdef5c6de0c96563cb05dbd87b6e3ea2bd07b6bf3882cdb3,ff660dafa8922b10fdef5c6de0c96563cb05dbd87b6e3ea2bd07b6bf3882cdb3
city_out_Poland_Łódź,priority/seed-1,Poland/Łódź/Bałuty-Centrum,False,False,True,False,True,-3.7470027081099033e-16,1.214306433183765e-17,0.0,0.0,0.0,adc3d5900358505e1dad32b2cec402aa200f4a73d0392826e6cb3b0e9541febd,adc3d5900358505e1dad32b2cec402aa200f4a73d0392826e6cb3b0e9541febd
city_out_Poland_Łódź,priority/seed-1,Poland/Łódź/Bałuty-Doły,False,False,True,True,True,0.0,0.0,0.0,0.0,0.0,fc65b9d392a4e6429fc1215c6c878f69e6ebd71a5cd757205cd05d3460d93e26,fc65b9d392a4e6429fc1215c6c878f69e6ebd71a5cd757205cd05d3460d93e26
city_out_Poland_Łódź,priority/seed-1,Poland/Łódź/Chojny,False,False,True,False,True,0.0,-6.938893903907228e-18,0.0,0.0,0.0,05de0de76acb3ef8b88d2aec7000cea7ce16aa1edb3323d581a83b43176b3382,05de0de76acb3ef8b88d2aec7000cea7ce16aa1edb3323d581a83b43176b3382
city_out_Poland_Łódź,priority/seed-1,Poland/Łódź/Chojny-Dąbrowa,False,False,True,False,True,1.6653345369377348e-16,5.377642775528102e-17,0.0,0.0,0.0,547615dbe2211bdfd82fda7039b44e7dff714e0c44c8be6201d5b9223ab2108d,547615dbe2211bdfd82fda7039b44e7dff714e0c44c8be6201d5b9223ab2108d
city_out_Poland_Łódź,priority/seed-1,Poland/Łódź/Dolina Łódki,False,False,True,True,True,0.0,0.0,0.0,0.0,0.0,9e29cff8a2091b1e388e47348cd309f83d66e3ba102008414cfe0fba1f9f7395,9e29cff8a2091b1e388e47348cd309f83d66e3ba102008414cfe0fba1f9f7395
city_out_Poland_Łódź,priority/seed-1,Poland/Łódź/Górniak,False,False,True,False,True,0.0,-3.122502256758253e-17,0.0,0.0,0.0,67da4059f437cbef616b0edb765f8377812f6410ed19e4b6c62cb65792af0e15,67da4059f437cbef616b0edb765f8377812f6410ed19e4b6c62cb65792af0e15
city_out_Poland_Łódź,priority/seed-1,Poland/Łódź/Im. Józefa Montwiłła-Mireckiego,False,False,True,False,True,0.0,-2.0816681711721685e-17,0.0,0.0,0.0,47fef860b48e8f9e360e5a197f9a567241be5ccbf42a547050b4dbd8c7ac45d4,47fef860b48e8f9e360e5a197f9a567241be5ccbf42a547050b4dbd8c7ac45d4
city_out_Poland_Łódź,priority/seed-1,Poland/Łódź/Julianów-Marysin-Rogi,False,False,True,False,True,1.249000902703301e-16,-8.673617379884035e-18,0.0,0.0,0.0,28eaf7f484b9c484f70af7e3c30568b8b8bd1bab5ab715829926d782b4bc1fb5,28eaf7f484b9c484f70af7e3c30568b8b8bd1bab5ab715829926d782b4bc1fb5
city_out_Poland_Łódź,priority/seed-1,Poland/Łódź/Karolew-Retkinia Wschód,False,False,True,False,True,0.0,6.938893903907228e-18,0.0,0.0,0.0,8d33cc1498ecd54f0a4ec5bbf271bcc117923acea9d0e65819709e4ac80e67c4,8d33cc1498ecd54f0a4ec5bbf271bcc117923acea9d0e65819709e4ac80e67c4
city_out_Poland_Łódź,priority/seed-1,Poland/Łódź/Katedralna,False,False,True,False,True,-2.636779683484747e-16,-3.469446951953614e-17,0.0,0.0,0.0,f96cf9de214143c63d018cf3c7a42fe7e690ce4aa961e860d3931c61e3fffc08,f96cf9de214143c63d018cf3c7a42fe7e690ce4aa961e860d3931c61e3fffc08
city_out_Poland_Łódź,priority/seed-1,Poland/Łódź/Koziny,False,False,True,False,True,0.0,6.938893903907228e-17,0.0,0.0,0.0,6b2023919620b91716d425de659061185209a73377e8da63f00493f0b44d5dfb,6b2023919620b91716d425de659061185209a73377e8da63f00493f0b44d5dfb
city_out_Poland_Łódź,priority/seed-1,Poland/Łódź/Lublinek-Pienista,False,False,True,False,True,0.0,4.683753385137379e-17,0.0,0.0,0.0,566127c57689b27e2fb26c763e0dd3bd2f1736cb67b06b63f339e36e4f81bd40,566127c57689b27e2fb26c763e0dd3bd2f1736cb67b06b63f339e36e4f81bd40
city_out_Poland_Łódź,priority/seed-1,Poland/Łódź/Mileszki,False,False,True,False,True,0.0,-3.5128150388530344e-17,0.0,0.0,0.0,eb81646f8fd624fccbf6d810552dab2e357392e89e0400e01beacfd184e8d734,eb81646f8fd624fccbf6d810552dab2e357392e89e0400e01beacfd184e8d734
city_out_Poland_Łódź,priority/seed-1,Poland/Łódź/Nad Nerem,False,False,True,False,True,-1.5265566588595902e-16,1.214306433183765e-17,0.0,0.0,0.0,980566c5f2ca3e29a698716433cf435c51202ee9cb483dda284b67d63ce6c329,980566c5f2ca3e29a698716433cf435c51202ee9cb483dda284b67d63ce6c329
city_out_Poland_Łódź,priority/seed-1,Poland/Łódź/Nowosolna,False,False,True,False,True,-1.1102230246251565e-16,5.204170427930421e-18,0.0,0.0,0.0,ad963ef709c5c2ce32c0d6b8427d0ea21809bd564f1f488f154d72dc71fbe2b3,ad963ef709c5c2ce32c0d6b8427d0ea21809bd564f1f488f154d72dc71fbe2b3
city_out_Poland_Łódź,priority/seed-1,Poland/Łódź/Nr 33,False,False,True,False,True,0.0,-4.5102810375396984e-17,0.0,0.0,0.0,d72fc558b22f17f7eef574e3c60738631d6a6c86013bd0e4ed26be29cbc71320,d72fc558b22f17f7eef574e3c60738631d6a6c86013bd0e4ed26be29cbc71320
city_out_Poland_Łódź,priority/seed-1,Poland/Łódź/Olechów-Janów,False,False,True,False,True,0.0,-3.469446951953614e-17,0.0,0.0,0.0,2a34f5c86acc8d5f789bed03fcedc141dd7307a442abd0728c64795a060c4012,2a34f5c86acc8d5f789bed03fcedc141dd7307a442abd0728c64795a060c4012
city_out_Poland_Łódź,priority/seed-1,Poland/Łódź/Piastów-Kurak,False,False,True,False,True,-1.3877787807814457e-16,-2.168404344971009e-17,0.0,0.0,0.0,e4245f64f8d3834974da03200767a90ad56ca955fd0e885a32b6fb042d272491,e4245f64f8d3834974da03200767a90ad56ca955fd0e885a32b6fb042d272491
city_out_Poland_Łódź,priority/seed-1,Poland/Łódź/Radogoszcz,False,False,True,False,True,0.0,7.470152968425126e-17,0.0,0.0,0.0,69d755b807a099d3089f9b51290bc79690b7f1b2b16ebff649eaefd20f286888,69d755b807a099d3089f9b51290bc79690b7f1b2b16ebff649eaefd20f286888
city_out_Poland_Łódź,priority/seed-1,Poland/Łódź/Retkinia Zachód-Smulsko,False,False,True,False,True,0.0,-1.9949319973733282e-17,0.0,0.0,0.0,5712d224dd38b78f7d22647f3a421a19452347ee5c9c90208b7358e6df15147a,5712d224dd38b78f7d22647f3a421a19452347ee5c9c90208b7358e6df15147a
city_out_Poland_Łódź,priority/seed-1,Poland/Łódź/Rokicie,False,False,True,False,True,-9.71445146547012e-17,3.469446951953614e-18,0.0,0.0,0.0,a0134208c28d89104b704e107fb232f85ce5d119b9f1ad12a88e57bf6394f1b1,a0134208c28d89104b704e107fb232f85ce5d119b9f1ad12a88e57bf6394f1b1
city_out_Poland_Łódź,priority/seed-1,Poland/Łódź/Ruda,False,False,True,False,True,1.3877787807814457e-16,7.892991815694472e-17,0.0,0.0,0.0,673cb54ffba78367a2d2daec13a5bb42f4a3873226e269c48be97d802ad74c5b,673cb54ffba78367a2d2daec13a5bb42f4a3873226e269c48be97d802ad74c5b
city_out_Poland_Łódź,priority/seed-1,Poland/Łódź/Stare Polesie,False,False,True,False,True,-1.6653345369377348e-16,2.6020852139652106e-17,0.0,0.0,0.0,bbb633ef70865eb39355753c26875f4b32f81accad7a065b9e8af08aed0a0a00,bbb633ef70865eb39355753c26875f4b32f81accad7a065b9e8af08aed0a0a00
city_out_Poland_Łódź,priority/seed-1,Poland/Łódź/Stary Widzew,False,False,True,False,True,0.0,3.122502256758253e-17,0.0,0.0,0.0,cacb9a61aaa169f4c16571154676fd247e4ffb30cdb49664222a2b2341befca4,cacb9a61aaa169f4c16571154676fd247e4ffb30cdb49664222a2b2341befca4
city_out_Poland_Łódź,priority/seed-1,Poland/Łódź/Stoki-Sikawa-Podgórze,False,False,True,False,True,0.0,1.734723475976807e-18,0.0,0.0,0.0,e02a1fef0147e7aa8b9e68ded47f1e20e208a5d10945c40e3d9c43b00bf94613,e02a1fef0147e7aa8b9e68ded47f1e20e208a5d10945c40e3d9c43b00bf94613
city_out_Poland_Łódź,priority/seed-1,Poland/Łódź/Teofilów-Wielkopolska,False,False,True,False,True,-1.1102230246251565e-16,-3.469446951953614e-18,0.0,0.0,0.0,bde80137cec518b39d3d28b0137a62dcf9da9bc55c84d06ec60eef97d2645c46,bde80137cec518b39d3d28b0137a62dcf9da9bc55c84d06ec60eef97d2645c46
city_out_Poland_Łódź,priority/seed-1,Poland/Łódź/Widzew-Wschód,False,False,True,False,True,2.3592239273284576e-16,-4.423544863740858e-17,0.0,0.0,0.0,d48edb2b735948a0268977fa0823c81dcdca831cb2bef2d0f830079cbb9aabd7,d48edb2b735948a0268977fa0823c81dcdca831cb2bef2d0f830079cbb9aabd7
city_out_Poland_Łódź,priority/seed-1,Poland/Łódź/Wiskitno,False,False,True,False,True,0.0,1.5612511283791264e-17,0.0,0.0,0.0,3034e9895daafaa56836a7f46dc33cd672ad2cf58a4212da3302754bf7615e18,3034e9895daafaa56836a7f46dc33cd672ad2cf58a4212da3302754bf7615e18
city_out_Poland_Łódź,priority/seed-1,Poland/Łódź/Wzniesień Łódzkich,False,False,True,True,True,0.0,0.0,0.0,0.0,0.0,15e40bee0eccd634240ed0ef142335055128fc770ab653ff310fd309fc2cf1d0,15e40bee0eccd634240ed0ef142335055128fc770ab653ff310fd309fc2cf1d0
city_out_Poland_Łódź,priority/seed-1,Poland/Łódź/Zarzew,False,False,True,False,True,0.0,3.9898639947466563e-17,0.0,0.0,0.0,e54026b0d5e90281d031ae9a4f907494f24a2b2f7c8bb7ee656e1204b960677c,e54026b0d5e90281d031ae9a4f907494f24a2b2f7c8bb7ee656e1204b960677c
city_out_Poland_Łódź,priority/seed-1,Poland/Łódź/Zdrowie-Mania,False,False,True,False,True,0.0,3.8163916471489756e-17,0.0,0.0,0.0,f33f4cd10514f2e843f4476def5a7fe216221df4770c4be7b3eb3ac7663998ea,f33f4cd10514f2e843f4476def5a7fe216221df4770c4be7b3eb3ac7663998ea
city_out_Poland_Łódź,priority/seed-1,Poland/Łódź/Złotno,False,False,True,False,True,1.6653345369377348e-16,-4.163336342344337e-17,0.0,0.0,0.0,76fa6c98949dd337ba169e0e540c963e2a7fc39ea2a92b530e6890a941dcabaa,76fa6c98949dd337ba169e0e540c963e2a7fc39ea2a92b530e6890a941dcabaa
city_out_Poland_Łódź,priority/seed-1,Poland/Łódź/Łagiewniki,False,False,True,False,True,0.0,1.3877787807814457e-17,0.0,0.0,0.0,919a1bf2237947ea1e890a4ae84f484035ce5e7ad55807eb5f51aed6269f7d04,919a1bf2237947ea1e890a4ae84f484035ce5e7ad55807eb5f51aed6269f7d04
city_out_Poland_Łódź,priority/seed-1,Poland/Łódź/Śródmieście-Wschód,False,False,True,False,True,0.0,2.2551405187698492e-17,0.0,0.0,0.0,42db8639d16f47abae1d1d30a2084409e59644ab9d8f18bbd3e0528dc0a1170d,42db8639d16f47abae1d1d30a2084409e59644ab9d8f18bbd3e0528dc0a1170d
city_out_Poland_Łódź,priority/seed-2,Poland/Łódź/Andrzejów,False,False,True,False,True,1.1102230246251565e-16,1.734723475976807e-17,0.0,0.0,0.0,6aae6a1ebb50556c17733cf946b48acecae48f090b505bffb05be9cc45068af4,6aae6a1ebb50556c17733cf946b48acecae48f090b505bffb05be9cc45068af4
city_out_Poland_Łódź,priority/seed-2,Poland/Łódź/Bałuty Zachodnie,False,False,True,False,True,-8.326672684688674e-17,-3.469446951953614e-17,0.0,0.0,0.0,0f16418586d11c549be01ab16c4590d7210e1934b8297b29836207fa923ce536,0f16418586d11c549be01ab16c4590d7210e1934b8297b29836207fa923ce536
city_out_Poland_Łódź,priority/seed-2,Poland/Łódź/Bałuty-Centrum,False,False,True,False,True,0.0,4.336808689942018e-17,0.0,0.0,0.0,720b73cf996012ef7bd27a2807457bf8e7437c7d0eb6478c1cfd963e01d0ce1e,720b73cf996012ef7bd27a2807457bf8e7437c7d0eb6478c1cfd963e01d0ce1e
city_out_Poland_Łódź,priority/seed-2,Poland/Łódź/Bałuty-Doły,False,False,True,True,True,0.0,0.0,0.0,0.0,0.0,fc65b9d392a4e6429fc1215c6c878f69e6ebd71a5cd757205cd05d3460d93e26,fc65b9d392a4e6429fc1215c6c878f69e6ebd71a5cd757205cd05d3460d93e26
city_out_Poland_Łódź,priority/seed-2,Poland/Łódź/Chojny,False,False,True,False,True,0.0,-2.42861286636753e-17,0.0,0.0,0.0,36af3c36790ef8d0a42047f826d8890bba0bad0ac5d38cec407718ac7c327dbb,36af3c36790ef8d0a42047f826d8890bba0bad0ac5d38cec407718ac7c327dbb
city_out_Poland_Łódź,priority/seed-2,Poland/Łódź/Chojny-Dąbrowa,False,False,True,False,True,0.0,-2.6020852139652106e-17,0.0,0.0,0.0,740b83acac73d14499a500d879bd8b67e5e8af6f3186fec11d5f5e3ccf671464,740b83acac73d14499a500d879bd8b67e5e8af6f3186fec11d5f5e3ccf671464
city_out_Poland_Łódź,priority/seed-2,Poland/Łódź/Dolina Łódki,False,False,True,True,True,0.0,0.0,0.0,0.0,0.0,9e29cff8a2091b1e388e47348cd309f83d66e3ba102008414cfe0fba1f9f7395,9e29cff8a2091b1e388e47348cd309f83d66e3ba102008414cfe0fba1f9f7395
city_out_Poland_Łódź,priority/seed-2,Poland/Łódź/Górniak,False,False,True,False,True,0.0,-3.122502256758253e-17,0.0,0.0,0.0,67da4059f437cbef616b0edb765f8377812f6410ed19e4b6c62cb65792af0e15,67da4059f437cbef616b0edb765f8377812f6410ed19e4b6c62cb65792af0e15
city_out_Poland_Łódź,priority/seed-2,Poland/Łódź/Im. Józefa Montwiłła-Mireckiego,False,False,True,False,True,0.0,-1.3877787807814457e-17,0.0,0.0,0.0,cfe13a0e3e3709de17a2ccc1e9b7247b2c1ef3da11defb3e18dc257f433860ab,cfe13a0e3e3709de17a2ccc1e9b7247b2c1ef3da11defb3e18dc257f433860ab
city_out_Poland_Łódź,priority/seed-2,Poland/Łódź/Julianów-Marysin-Rogi,False,False,True,False,True,1.249000902703301e-16,-8.673617379884035e-18,0.0,0.0,0.0,28eaf7f484b9c484f70af7e3c30568b8b8bd1bab5ab715829926d782b4bc1fb5,28eaf7f484b9c484f70af7e3c30568b8b8bd1bab5ab715829926d782b4bc1fb5
city_out_Poland_Łódź,priority/seed-2,Poland/Łódź/Karolew-Retkinia Wschód,False,False,True,False,True,0.0,6.938893903907228e-18,0.0,0.0,0.0,8d33cc1498ecd54f0a4ec5bbf271bcc117923acea9d0e65819709e4ac80e67c4,8d33cc1498ecd54f0a4ec5bbf271bcc117923acea9d0e65819709e4ac80e67c4
city_out_Poland_Łódź,priority/seed-2,Poland/Łódź/Katedralna,False,False,True,False,True,0.0,-2.2551405187698492e-17,0.0,0.0,0.0,16b674949ed8d7853d9964989b4f786877d1f02f2bdbb7cf56101ffb5449fa68,16b674949ed8d7853d9964989b4f786877d1f02f2bdbb7cf56101ffb5449fa68
city_out_Poland_Łódź,priority/seed-2,Poland/Łódź/Koziny,False,False,True,False,True,0.0,5.551115123125783e-17,0.0,0.0,0.0,80b22ae93fb2e7baea446f3c7a30f23595ca21d25680a375a14cb9e325a22bc3,80b22ae93fb2e7baea446f3c7a30f23595ca21d25680a375a14cb9e325a22bc3
city_out_Poland_Łódź,priority/seed-2,Poland/Łódź/Lublinek-Pienista,False,False,True,False,True,0.0,1.5612511283791264e-17,0.0,0.0,0.0,296bae3d81ffbdfd86b3957fdd0b0c15fe63cb5087c279e38ce4ff4afb0ad48c,296bae3d81ffbdfd86b3957fdd0b0c15fe63cb5087c279e38ce4ff4afb0ad48c
city_out_Poland_Łódź,priority/seed-2,Poland/Łódź/Mileszki,False,False,True,False,True,0.0,-3.5128150388530344e-17,0.0,0.0,0.0,eb81646f8fd624fccbf6d810552dab2e357392e89e0400e01beacfd184e8d734,eb81646f8fd624fccbf6d810552dab2e357392e89e0400e01beacfd184e8d734
city_out_Poland_Łódź,priority/seed-2,Poland/Łódź/Nad Nerem,False,False,True,False,True,-1.3877787807814457e-16,-1.734723475976807e-17,0.0,0.0,0.0,576c24439f4539b3d87a2d2a5599db6ea15c57ce8bdf7049791248664b2ef5e8,576c24439f4539b3d87a2d2a5599db6ea15c57ce8bdf7049791248664b2ef5e8
city_out_Poland_Łódź,priority/seed-2,Poland/Łódź/Nowosolna,False,False,True,False,True,-1.1102230246251565e-16,5.204170427930421e-18,0.0,0.0,0.0,ad963ef709c5c2ce32c0d6b8427d0ea21809bd564f1f488f154d72dc71fbe2b3,ad963ef709c5c2ce32c0d6b8427d0ea21809bd564f1f488f154d72dc71fbe2b3
city_out_Poland_Łódź,priority/seed-2,Poland/Łódź/Nr 33,False,False,True,False,True,0.0,-4.5102810375396984e-17,0.0,0.0,0.0,d72fc558b22f17f7eef574e3c60738631d6a6c86013bd0e4ed26be29cbc71320,d72fc558b22f17f7eef574e3c60738631d6a6c86013bd0e4ed26be29cbc71320
city_out_Poland_Łódź,priority/seed-2,Poland/Łódź/Olechów-Janów,False,False,True,False,True,0.0,-1.3877787807814457e-17,0.0,0.0,0.0,2a34f5c86acc8d5f789bed03fcedc141dd7307a442abd0728c64795a060c4012,2a34f5c86acc8d5f789bed03fcedc141dd7307a442abd0728c64795a060c4012
city_out_Poland_Łódź,priority/seed-2,Poland/Łódź/Piastów-Kurak,False,False,True,False,True,0.0,-4.336808689942018e-18,0.0,0.0,0.0,e4245f64f8d3834974da03200767a90ad56ca955fd0e885a32b6fb042d272491,e4245f64f8d3834974da03200767a90ad56ca955fd0e885a32b6fb042d272491
city_out_Poland_Łódź,priority/seed-2,Poland/Łódź/Radogoszcz,False,False,True,False,True,0.0,7.470152968425126e-17,0.0,0.0,0.0,69d755b807a099d3089f9b51290bc79690b7f1b2b16ebff649eaefd20f286888,69d755b807a099d3089f9b51290bc79690b7f1b2b16ebff649eaefd20f286888
city_out_Poland_Łódź,priority/seed-2,Poland/Łódź/Retkinia Zachód-Smulsko,False,False,True,False,True,0.0,-1.9949319973733282e-17,0.0,0.0,0.0,5712d224dd38b78f7d22647f3a421a19452347ee5c9c90208b7358e6df15147a,5712d224dd38b78f7d22647f3a421a19452347ee5c9c90208b7358e6df15147a
city_out_Poland_Łódź,priority/seed-2,Poland/Łódź/Rokicie,False,False,True,False,True,-9.71445146547012e-17,3.469446951953614e-18,0.0,0.0,0.0,a0134208c28d89104b704e107fb232f85ce5d119b9f1ad12a88e57bf6394f1b1,a0134208c28d89104b704e107fb232f85ce5d119b9f1ad12a88e57bf6394f1b1
city_out_Poland_Łódź,priority/seed-2,Poland/Łódź/Ruda,False,False,True,False,True,1.3877787807814457e-16,7.45931094670027e-17,0.0,0.0,0.0,673cb54ffba78367a2d2daec13a5bb42f4a3873226e269c48be97d802ad74c5b,673cb54ffba78367a2d2daec13a5bb42f4a3873226e269c48be97d802ad74c5b
city_out_Poland_Łódź,priority/seed-2,Poland/Łódź/Stare Polesie,False,False,True,False,True,0.0,-8.673617379884035e-18,0.0,0.0,0.0,a6d4ad9950da047e5393ec749387df93f2dd9d9d273d83591840694324345623,a6d4ad9950da047e5393ec749387df93f2dd9d9d273d83591840694324345623
city_out_Poland_Łódź,priority/seed-2,Poland/Łódź/Stary Widzew,False,False,True,True,True,0.0,0.0,0.0,0.0,0.0,bb3fca4a248b70a7eab742ed7cd9208aca276fc1b5b23915cd29b041b53c4f5d,bb3fca4a248b70a7eab742ed7cd9208aca276fc1b5b23915cd29b041b53c4f5d
city_out_Poland_Łódź,priority/seed-2,Poland/Łódź/Stoki-Sikawa-Podgórze,False,False,True,False,True,0.0,-3.642919299551295e-17,0.0,0.0,0.0,2c234012107eac30c807b55afef3f1cbfdc1f49e3d28e79346ebc9128386ef90,2c234012107eac30c807b55afef3f1cbfdc1f49e3d28e79346ebc9128386ef90
city_out_Poland_Łódź,priority/seed-2,Poland/Łódź/Teofilów-Wielkopolska,False,False,True,False,True,-1.1102230246251565e-16,-3.469446951953614e-18,0.0,0.0,0.0,bde80137cec518b39d3d28b0137a62dcf9da9bc55c84d06ec60eef97d2645c46,bde80137cec518b39d3d28b0137a62dcf9da9bc55c84d06ec60eef97d2645c46
city_out_Poland_Łódź,priority/seed-2,Poland/Łódź/Widzew-Wschód,False,False,True,False,True,2.3592239273284576e-16,-4.5102810375396984e-17,0.0,0.0,0.0,d48edb2b735948a0268977fa0823c81dcdca831cb2bef2d0f830079cbb9aabd7,d48edb2b735948a0268977fa0823c81dcdca831cb2bef2d0f830079cbb9aabd7
city_out_Poland_Łódź,priority/seed-2,Poland/Łódź/Wiskitno,False,False,True,False,True,0.0,1.5612511283791264e-17,0.0,0.0,0.0,3034e9895daafaa56836a7f46dc33cd672ad2cf58a4212da3302754bf7615e18,3034e9895daafaa56836a7f46dc33cd672ad2cf58a4212da3302754bf7615e18
city_out_Poland_Łódź,priority/seed-2,Poland/Łódź/Wzniesień Łódzkich,False,False,True,True,True,0.0,0.0,0.0,0.0,0.0,15e40bee0eccd634240ed0ef142335055128fc770ab653ff310fd309fc2cf1d0,15e40bee0eccd634240ed0ef142335055128fc770ab653ff310fd309fc2cf1d0
city_out_Poland_Łódź,priority/seed-2,Poland/Łódź/Zarzew,False,False,True,False,True,2.220446049250313e-16,4.336808689942018e-17,0.0,0.0,0.0,a5533b75b27f81b411935fe78ef1e80ac68b8a8a465393b54c9cc1564929af1e,a5533b75b27f81b411935fe78ef1e80ac68b8a8a465393b54c9cc1564929af1e
city_out_Poland_Łódź,priority/seed-2,Poland/Łódź/Zdrowie-Mania,False,False,True,False,True,0.0,3.8163916471489756e-17,0.0,0.0,0.0,f33f4cd10514f2e843f4476def5a7fe216221df4770c4be7b3eb3ac7663998ea,f33f4cd10514f2e843f4476def5a7fe216221df4770c4be7b3eb3ac7663998ea
city_out_Poland_Łódź,priority/seed-2,Poland/Łódź/Złotno,False,False,True,False,True,1.6653345369377348e-16,-4.163336342344337e-17,0.0,0.0,0.0,76fa6c98949dd337ba169e0e540c963e2a7fc39ea2a92b530e6890a941dcabaa,76fa6c98949dd337ba169e0e540c963e2a7fc39ea2a92b530e6890a941dcabaa
city_out_Poland_Łódź,priority/seed-2,Poland/Łódź/Łagiewniki,False,False,True,False,True,0.0,1.3877787807814457e-17,0.0,0.0,0.0,919a1bf2237947ea1e890a4ae84f484035ce5e7ad55807eb5f51aed6269f7d04,919a1bf2237947ea1e890a4ae84f484035ce5e7ad55807eb5f51aed6269f7d04
city_out_Poland_Łódź,priority/seed-2,Poland/Łódź/Śródmieście-Wschód,False,False,True,False,True,0.0,2.2551405187698492e-17,0.0,0.0,0.0,42db8639d16f47abae1d1d30a2084409e59644ab9d8f18bbd3e0528dc0a1170d,42db8639d16f47abae1d1d30a2084409e59644ab9d8f18bbd3e0528dc0a1170d
city_out_Poland_Łódź,priority/seed-42,Poland/Łódź/Andrzejów,False,False,True,False,True,1.1102230246251565e-16,1.734723475976807e-17,0.0,0.0,0.0,6aae6a1ebb50556c17733cf946b48acecae48f090b505bffb05be9cc45068af4,6aae6a1ebb50556c17733cf946b48acecae48f090b505bffb05be9cc45068af4
city_out_Poland_Łódź,priority/seed-42,Poland/Łódź/Bałuty Zachodnie,False,False,True,False,True,0.0,-1.3877787807814457e-17,0.0,0.0,0.0,96075c86d2f51dff133585152f338a9fed817f3feebf1d09e770e3cdedbcbadf,96075c86d2f51dff133585152f338a9fed817f3feebf1d09e770e3cdedbcbadf
city_out_Poland_Łódź,priority/seed-42,Poland/Łódź/Bałuty-Centrum,False,False,True,False,True,-1.942890293094024e-16,1.734723475976807e-17,0.0,0.0,0.0,908597ea9f84cec273e6e24eaea25a7f4de23fb8cd59a42c28c8a92bd73c0e06,908597ea9f84cec273e6e24eaea25a7f4de23fb8cd59a42c28c8a92bd73c0e06
city_out_Poland_Łódź,priority/seed-42,Poland/Łódź/Bałuty-Doły,False,False,True,False,True,0.0,-1.8214596497756474e-17,0.0,0.0,0.0,371f756b12ccd98ee63d358fbd16a6da342e1341aada7afd717f4d7cdb2bdfc9,371f756b12ccd98ee63d358fbd16a6da342e1341aada7afd717f4d7cdb2bdfc9
city_out_Poland_Łódź,priority/seed-42,Poland/Łódź/Chojny,False,False,True,False,True,0.0,1.734723475976807e-18,0.0,0.0,0.0,17566c2e7bcc562eff29ce10c0f468a0c07e140df42fe0bc633a4a4271c6a44c,17566c2e7bcc562eff29ce10c0f468a0c07e140df42fe0bc633a4a4271c6a44c
city_out_Poland_Łódź,priority/seed-42,Poland/Łódź/Chojny-Dąbrowa,False,False,True,False,True,1.6653345369377348e-16,6.938893903907228e-17,0.0,0.0,0.0,699bc6918dae32cd793696026fbb593de0647ebc6c667c447d61ad7bee4723d3,699bc6918dae32cd793696026fbb593de0647ebc6c667c447d61ad7bee4723d3
city_out_Poland_Łódź,priority/seed-42,Poland/Łódź/Dolina Łódki,False,False,True,False,True,5.551115123125783e-17,6.938893903907228e-18,0.0,0.0,0.0,ea82fdd65dd1d3757144f4ec12ae9325a27a044c34d6d17937d3eb9f5d246bad,ea82fdd65dd1d3757144f4ec12ae9325a27a044c34d6d17937d3eb9f5d246bad
city_out_Poland_Łódź,priority/seed-42,Poland/Łódź/Górniak,False,False,True,False,True,0.0,-1.9081958235744878e-17,0.0,0.0,0.0,9eb562841dbe1678212ccf834f4d8547eaee64efafc8dc3ad82559aa40d0c1a9,9eb562841dbe1678212ccf834f4d8547eaee64efafc8dc3ad82559aa40d0c1a9
city_out_Poland_Łódź,priority/seed-42,Poland/Łódź/Im. Józefa Montwiłła-Mireckiego,False,False,True,False,True,0.0,-2.0816681711721685e-17,0.0,0.0,0.0,47fef860b48e8f9e360e5a197f9a567241be5ccbf42a547050b4dbd8c7ac45d4,47fef860b48e8f9e360e5a197f9a567241be5ccbf42a547050b4dbd8c7ac45d4
city_out_Poland_Łódź,priority/seed-42,Poland/Łódź/Julianów-Marysin-Rogi,False,False,True,False,True,1.3877787807814457e-16,-2.6020852139652106e-17,0.0,0.0,0.0,63e79e614633d81c2840c961e9a6d81eece8512de7d76555d4074897e8357b3b,63e79e614633d81c2840c961e9a6d81eece8512de7d76555d4074897e8357b3b
city_out_Poland_Łódź,priority/seed-42,Poland/Łódź/Karolew-Retkinia Wschód,False,False,True,False,True,-1.249000902703301e-16,1.3010426069826053e-18,0.0,0.0,0.0,a9210bcbf14901fb0ffa5ec001023ef44f5e16ae737cd5092fad1e41a64bddd3,a9210bcbf14901fb0ffa5ec001023ef44f5e16ae737cd5092fad1e41a64bddd3
city_out_Poland_Łódź,priority/seed-42,Poland/Łódź/Katedralna,False,False,True,False,True,-3.885780586188048e-16,-8.847089727481716e-17,0.0,0.0,0.0,82145a3f5af85c0fb6b2f9e59110d7f7801367ccc94ac7986fba19f53e359bc8,82145a3f5af85c0fb6b2f9e59110d7f7801367ccc94ac7986fba19f53e359bc8
city_out_Poland_Łódź,priority/seed-42,Poland/Łódź/Koziny,False,False,True,False,True,1.249000902703301e-16,1.734723475976807e-17,0.0,0.0,0.0,cb81a7d366b807e5e400b87fef27c3ca9b266015096d66b68d4e625b4d97c83a,cb81a7d366b807e5e400b87fef27c3ca9b266015096d66b68d4e625b4d97c83a
city_out_Poland_Łódź,priority/seed-42,Poland/Łódź/Lublinek-Pienista,False,False,True,False,True,0.0,-2.6020852139652106e-17,0.0,0.0,0.0,08f4f044a0ad9f201869103e8347fe93511cffe71cd2b133410e3831cd682b2b,08f4f044a0ad9f201869103e8347fe93511cffe71cd2b133410e3831cd682b2b
city_out_Poland_Łódź,priority/seed-42,Poland/Łódź/Mileszki,False,False,True,False,True,0.0,-7.589415207398531e-17,0.0,0.0,0.0,eb81646f8fd624fccbf6d810552dab2e357392e89e0400e01beacfd184e8d734,eb81646f8fd624fccbf6d810552dab2e357392e89e0400e01beacfd184e8d734
city_out_Poland_Łódź,priority/seed-42,Poland/Łódź/Nad Nerem,False,False,True,False,True,0.0,-1.0408340855860843e-17,0.0,0.0,0.0,83696913e0a2adae07e5e78f00815cace48baebad2d550e13734cdaddca27263,83696913e0a2adae07e5e78f00815cace48baebad2d550e13734cdaddca27263
city_out_Poland_Łódź,priority/seed-42,Poland/Łódź/Nowosolna,False,False,True,False,True,0.0,2.168404344971009e-17,0.0,0.0,0.0,2877aa0235aa91db0e224c815a80a487d78fe00ea8501f32bfa1c5b1cc1ae789,2877aa0235aa91db0e224c815a80a487d78fe00ea8501f32bfa1c5b1cc1ae789
city_out_Poland_Łódź,priority/seed-42,Poland/Łódź/Nr 33,False,False,True,False,True,0.0,-6.938893903907228e-18,0.0,0.0,0.0,769efc9bc34cb09484ef86b45ed489bb0d5089d177176eb4eee39cf9dcef82e5,769efc9bc34cb09484ef86b45ed489bb0d5089d177176eb4eee39cf9dcef82e5
city_out_Poland_Łódź,priority/seed-42,Poland/Łódź/Olechów-Janów,False,False,True,False,True,1.3877787807814457e-16,3.122502256758253e-17,0.0,0.0,0.0,a1d4ca013ed29c775bcbd3b225ad26b4fbc70cd1d8484c2b944cd2ac65d661c0,a1d4ca013ed29c775bcbd3b225ad26b4fbc70cd1d8484c2b944cd2ac65d661c0
city_out_Poland_Łódź,priority/seed-42,Poland/Łódź/Piastów-Kurak,False,False,True,False,True,0.0,-4.336808689942018e-18,0.0,0.0,0.0,e4245f64f8d3834974da03200767a90ad56ca955fd0e885a32b6fb042d272491,e4245f64f8d3834974da03200767a90ad56ca955fd0e885a32b6fb042d272491
city_out_Poland_Łódź,priority/seed-42,Poland/Łódź/Radogoszcz,False,False,True,False,True,1.8735013540549517e-16,3.2959746043559335e-17,0.0,0.0,0.0,0b2559d409e63c20c280435f9296821f768ccde97bbde24c9f8fe8395d691247,0b2559d409e63c20c280435f9296821f768ccde97bbde24c9f8fe8395d691247
city_out_Poland_Łódź,priority/seed-42,Poland/Łódź/Retkinia Zachód-Smulsko,False,False,True,False,True,-1.3877787807814457e-16,1.919037845299343e-17,0.0,0.0,0.0,78ff313dcdd9c8d1e6ee8ed663fa0daa3ad4f54e8c39f7c67461d6ae43a3bb37,78ff313dcdd9c8d1e6ee8ed663fa0daa3ad4f54e8c39f7c67461d6ae43a3bb37
city_out_Poland_Łódź,priority/seed-42,Poland/Łódź/Rokicie,False,False,True,False,True,0.0,3.729655473350135e-17,0.0,0.0,0.0,a1ee2d432743d27fc35e4063189b2edae44082558777f51c96e692700a106abf,a1ee2d432743d27fc35e4063189b2edae44082558777f51c96e692700a106abf
city_out_Poland_Łódź,priority/seed-42,Poland/Łódź/Ruda,False,False,True,False,True,-1.3877787807814457e-16,-1.214306433183765e-17,0.0,0.0,0.0,5be1d5e57d9225813cabd5983319e0a83e3c77ad936df328bb88394cfa63042d,5be1d5e57d9225813cabd5983319e0a83e3c77ad936df328bb88394cfa63042d
city_out_Poland_Łódź,priority/seed-42,Poland/Łódź/Stare Polesie,False,False,True,False,True,-1.6653345369377348e-16,2.0816681711721685e-17,0.0,0.0,0.0,e0922796619595961276169c081c4a60256297843e55c03ec7b3ca9961f2033a,e0922796619595961276169c081c4a60256297843e55c03ec7b3ca9961f2033a
city_out_Poland_Łódź,priority/seed-42,Poland/Łódź/Stary Widzew,False,False,True,False,True,0.0,-9.367506770274758e-17,0.0,0.0,0.0,cd426d4df12cfe2c9a15da2b9896be8e6c4def90acaa300da9d5df121a4d661a,cd426d4df12cfe2c9a15da2b9896be8e6c4def90acaa300da9d5df121a4d661a
city_out_Poland_Łódź,priority/seed-42,Poland/Łódź/Stoki-Sikawa-Podgórze,False,False,True,False,True,0.0,4.5102810375396984e-17,0.0,0.0,0.0,2ba88a9bacd6111aaac13e10d6637f8f48658a4f39bb5e0e2cfb2b7695773db4,2ba88a9bacd6111aaac13e10d6637f8f48658a4f39bb5e0e2cfb2b7695773db4
city_out_Poland_Łódź,priority/seed-42,Poland/Łódź/Teofilów-Wielkopolska,False,False,True,False,True,-1.1102230246251565e-16,-3.469446951953614e-18,0.0,0.0,0.0,bde80137cec518b39d3d28b0137a62dcf9da9bc55c84d06ec60eef97d2645c46,bde80137cec518b39d3d28b0137a62dcf9da9bc55c84d06ec60eef97d2645c46
city_out_Poland_Łódź,priority/seed-42,Poland/Łódź/Widzew-Wschód,False,False,True,False,True,1.249000902703301e-16,-3.5561831257524545e-17,0.0,0.0,0.0,cb64ecfe77cbdf020dbb3a5d8df037d8f3b10705724c61e9c47bb107731b3726,cb64ecfe77cbdf020dbb3a5d8df037d8f3b10705724c61e9c47bb107731b3726
city_out_Poland_Łódź,priority/seed-42,Poland/Łódź/Wiskitno,False,False,True,False,True,0.0,1.5612511283791264e-17,0.0,0.0,0.0,3034e9895daafaa56836a7f46dc33cd672ad2cf58a4212da3302754bf7615e18,3034e9895daafaa56836a7f46dc33cd672ad2cf58a4212da3302754bf7615e18
city_out_Poland_Łódź,priority/seed-42,Poland/Łódź/Wzniesień Łódzkich,False,False,True,False,True,0.0,-2.0816681711721685e-17,0.0,0.0,0.0,15e40bee0eccd634240ed0ef142335055128fc770ab653ff310fd309fc2cf1d0,15e40bee0eccd634240ed0ef142335055128fc770ab653ff310fd309fc2cf1d0
city_out_Poland_Łódź,priority/seed-42,Poland/Łódź/Zarzew,False,False,True,False,True,2.220446049250313e-16,-5.204170427930421e-18,0.0,0.0,0.0,d5c87e9f5fbb1c25562276199771b1b0cb57e94332f44c5b37d0e205e349b0dc,d5c87e9f5fbb1c25562276199771b1b0cb57e94332f44c5b37d0e205e349b0dc
city_out_Poland_Łódź,priority/seed-42,Poland/Łódź/Zdrowie-Mania,False,False,True,False,True,0.0,3.8163916471489756e-17,0.0,0.0,0.0,f33f4cd10514f2e843f4476def5a7fe216221df4770c4be7b3eb3ac7663998ea,f33f4cd10514f2e843f4476def5a7fe216221df4770c4be7b3eb3ac7663998ea
city_out_Poland_Łódź,priority/seed-42,Poland/Łódź/Złotno,False,False,True,False,True,0.0,-5.724587470723463e-17,0.0,0.0,0.0,f4e5c8d588e4026e98f055ea7bb6e105102a3f2005b6aec7c1fec12fc9bb34cc,f4e5c8d588e4026e98f055ea7bb6e105102a3f2005b6aec7c1fec12fc9bb34cc
city_out_Poland_Łódź,priority/seed-42,Poland/Łódź/Łagiewniki,False,False,True,False,True,1.5265566588595902e-16,-3.4206578541917665e-17,0.0,0.0,0.0,f468758ac86f300d2e6d78968e6d442ddc0abff3e157e46e1787546f09761e3e,f468758ac86f300d2e6d78968e6d442ddc0abff3e157e46e1787546f09761e3e
city_out_Poland_Łódź,priority/seed-42,Poland/Łódź/Śródmieście-Wschód,False,False,True,False,True,0.0,3.8163916471489756e-17,0.0,0.0,0.0,9b1e5b608541a87a5b5a7ef508a56a663c3bbfb6dfc9b442175a79f8abd22fd0,9b1e5b608541a87a5b5a7ef508a56a663c3bbfb6dfc9b442175a79f8abd22fd0
city_out_Poland_Łódź,res-1.0,Poland/Łódź/Andrzejów,True,False,True,False,True,1.1102230246251565e-16,1.734723475976807e-17,0.0,0.0,0.0,6aae6a1ebb50556c17733cf946b48acecae48f090b505bffb05be9cc45068af4,6aae6a1ebb50556c17733cf946b48acecae48f090b505bffb05be9cc45068af4
city_out_Poland_Łódź,res-1.0,Poland/Łódź/Bałuty Zachodnie,True,False,True,False,True,-8.326672684688674e-17,-3.469446951953614e-17,0.0,0.0,0.0,0f16418586d11c549be01ab16c4590d7210e1934b8297b29836207fa923ce536,0f16418586d11c549be01ab16c4590d7210e1934b8297b29836207fa923ce536
city_out_Poland_Łódź,res-1.0,Poland/Łódź/Bałuty-Centrum,True,False,True,False,True,-3.7470027081099033e-16,1.214306433183765e-17,0.0,0.0,0.0,adc3d5900358505e1dad32b2cec402aa200f4a73d0392826e6cb3b0e9541febd,adc3d5900358505e1dad32b2cec402aa200f4a73d0392826e6cb3b0e9541febd
city_out_Poland_Łódź,res-1.0,Poland/Łódź/Bałuty-Doły,True,False,True,True,True,0.0,0.0,0.0,0.0,0.0,fc65b9d392a4e6429fc1215c6c878f69e6ebd71a5cd757205cd05d3460d93e26,fc65b9d392a4e6429fc1215c6c878f69e6ebd71a5cd757205cd05d3460d93e26
city_out_Poland_Łódź,res-1.0,Poland/Łódź/Chojny,True,False,True,False,True,0.0,-2.42861286636753e-17,0.0,0.0,0.0,36af3c36790ef8d0a42047f826d8890bba0bad0ac5d38cec407718ac7c327dbb,36af3c36790ef8d0a42047f826d8890bba0bad0ac5d38cec407718ac7c327dbb
city_out_Poland_Łódź,res-1.0,Poland/Łódź/Chojny-Dąbrowa,True,False,True,False,True,0.0,-2.6020852139652106e-17,0.0,0.0,0.0,740b83acac73d14499a500d879bd8b67e5e8af6f3186fec11d5f5e3ccf671464,740b83acac73d14499a500d879bd8b67e5e8af6f3186fec11d5f5e3ccf671464
city_out_Poland_Łódź,res-1.0,Poland/Łódź/Dolina Łódki,True,False,True,True,True,0.0,0.0,0.0,0.0,0.0,9e29cff8a2091b1e388e47348cd309f83d66e3ba102008414cfe0fba1f9f7395,9e29cff8a2091b1e388e47348cd309f83d66e3ba102008414cfe0fba1f9f7395
city_out_Poland_Łódź,res-1.0,Poland/Łódź/Górniak,True,False,True,False,True,0.0,-3.122502256758253e-17,0.0,0.0,0.0,67da4059f437cbef616b0edb765f8377812f6410ed19e4b6c62cb65792af0e15,67da4059f437cbef616b0edb765f8377812f6410ed19e4b6c62cb65792af0e15
city_out_Poland_Łódź,res-1.0,Poland/Łódź/Im. Józefa Montwiłła-Mireckiego,True,False,True,False,True,0.0,-1.3877787807814457e-17,0.0,0.0,0.0,cfe13a0e3e3709de17a2ccc1e9b7247b2c1ef3da11defb3e18dc257f433860ab,cfe13a0e3e3709de17a2ccc1e9b7247b2c1ef3da11defb3e18dc257f433860ab
city_out_Poland_Łódź,res-1.0,Poland/Łódź/Julianów-Marysin-Rogi,True,False,True,False,True,1.249000902703301e-16,-8.673617379884035e-18,0.0,0.0,0.0,28eaf7f484b9c484f70af7e3c30568b8b8bd1bab5ab715829926d782b4bc1fb5,28eaf7f484b9c484f70af7e3c30568b8b8bd1bab5ab715829926d782b4bc1fb5
city_out_Poland_Łódź,res-1.0,Poland/Łódź/Karolew-Retkinia Wschód,True,False,True,False,True,0.0,6.938893903907228e-18,0.0,0.0,0.0,8d33cc1498ecd54f0a4ec5bbf271bcc117923acea9d0e65819709e4ac80e67c4,8d33cc1498ecd54f0a4ec5bbf271bcc117923acea9d0e65819709e4ac80e67c4
city_out_Poland_Łódź,res-1.0,Poland/Łódź/Katedralna,True,False,True,False,True,0.0,-2.2551405187698492e-17,0.0,0.0,0.0,16b674949ed8d7853d9964989b4f786877d1f02f2bdbb7cf56101ffb5449fa68,16b674949ed8d7853d9964989b4f786877d1f02f2bdbb7cf56101ffb5449fa68
city_out_Poland_Łódź,res-1.0,Poland/Łódź/Koziny,True,False,True,False,True,0.0,3.122502256758253e-17,0.0,0.0,0.0,80b22ae93fb2e7baea446f3c7a30f23595ca21d25680a375a14cb9e325a22bc3,80b22ae93fb2e7baea446f3c7a30f23595ca21d25680a375a14cb9e325a22bc3
city_out_Poland_Łódź,res-1.0,Poland/Łódź/Lublinek-Pienista,True,False,True,False,True,0.0,4.683753385137379e-17,0.0,0.0,0.0,7028e3160512be44a6ec6249cb180e439c024c6118bf1798e277147c70fe122a,7028e3160512be44a6ec6249cb180e439c024c6118bf1798e277147c70fe122a
city_out_Poland_Łódź,res-1.0,Poland/Łódź/Mileszki,True,False,True,False,True,0.0,-3.5128150388530344e-17,0.0,0.0,0.0,eb81646f8fd624fccbf6d810552dab2e357392e89e0400e01beacfd184e8d734,eb81646f8fd624fccbf6d810552dab2e357392e89e0400e01beacfd184e8d734
city_out_Poland_Łódź,res-1.0,Poland/Łódź/Nad Nerem,True,False,True,False,True,-1.3877787807814457e-16,-1.734723475976807e-17,0.0,0.0,0.0,576c24439f4539b3d87a2d2a5599db6ea15c57ce8bdf7049791248664b2ef5e8,576c24439f4539b3d87a2d2a5599db6ea15c57ce8bdf7049791248664b2ef5e8
city_out_Poland_Łódź,res-1.0,Poland/Łódź/Nowosolna,True,False,True,False,True,-1.1102230246251565e-16,5.204170427930421e-18,0.0,0.0,0.0,ad963ef709c5c2ce32c0d6b8427d0ea21809bd564f1f488f154d72dc71fbe2b3,ad963ef709c5c2ce32c0d6b8427d0ea21809bd564f1f488f154d72dc71fbe2b3
city_out_Poland_Łódź,res-1.0,Poland/Łódź/Nr 33,True,False,True,False,True,0.0,-4.5102810375396984e-17,0.0,0.0,0.0,d72fc558b22f17f7eef574e3c60738631d6a6c86013bd0e4ed26be29cbc71320,d72fc558b22f17f7eef574e3c60738631d6a6c86013bd0e4ed26be29cbc71320
city_out_Poland_Łódź,res-1.0,Poland/Łódź/Olechów-Janów,True,False,True,False,True,0.0,-1.3877787807814457e-17,0.0,0.0,0.0,2a34f5c86acc8d5f789bed03fcedc141dd7307a442abd0728c64795a060c4012,2a34f5c86acc8d5f789bed03fcedc141dd7307a442abd0728c64795a060c4012
city_out_Poland_Łódź,res-1.0,Poland/Łódź/Piastów-Kurak,True,False,True,False,True,0.0,-4.336808689942018e-18,0.0,0.0,0.0,e4245f64f8d3834974da03200767a90ad56ca955fd0e885a32b6fb042d272491,e4245f64f8d3834974da03200767a90ad56ca955fd0e885a32b6fb042d272491
city_out_Poland_Łódź,res-1.0,Poland/Łódź/Radogoszcz,True,False,True,False,True,0.0,7.470152968425126e-17,0.0,0.0,0.0,69d755b807a099d3089f9b51290bc79690b7f1b2b16ebff649eaefd20f286888,69d755b807a099d3089f9b51290bc79690b7f1b2b16ebff649eaefd20f286888
city_out_Poland_Łódź,res-1.0,Poland/Łódź/Retkinia Zachód-Smulsko,True,False,True,False,True,0.0,-1.9949319973733282e-17,0.0,0.0,0.0,5712d224dd38b78f7d22647f3a421a19452347ee5c9c90208b7358e6df15147a,5712d224dd38b78f7d22647f3a421a19452347ee5c9c90208b7358e6df15147a
city_out_Poland_Łódź,res-1.0,Poland/Łódź/Rokicie,True,False,True,False,True,-9.71445146547012e-17,3.469446951953614e-18,0.0,0.0,0.0,a0134208c28d89104b704e107fb232f85ce5d119b9f1ad12a88e57bf6394f1b1,a0134208c28d89104b704e107fb232f85ce5d119b9f1ad12a88e57bf6394f1b1
city_out_Poland_Łódź,res-1.0,Poland/Łódź/Ruda,True,False,True,False,True,1.3877787807814457e-16,7.892991815694472e-17,0.0,0.0,0.0,673cb54ffba78367a2d2daec13a5bb42f4a3873226e269c48be97d802ad74c5b,673cb54ffba78367a2d2daec13a5bb42f4a3873226e269c48be97d802ad74c5b
city_out_Poland_Łódź,res-1.0,Poland/Łódź/Stare Polesie,True,False,True,False,True,-1.6653345369377348e-16,2.6020852139652106e-17,0.0,0.0,0.0,bbb633ef70865eb39355753c26875f4b32f81accad7a065b9e8af08aed0a0a00,bbb633ef70865eb39355753c26875f4b32f81accad7a065b9e8af08aed0a0a00
city_out_Poland_Łódź,res-1.0,Poland/Łódź/Stary Widzew,True,False,True,False,True,0.0,3.122502256758253e-17,0.0,0.0,0.0,cacb9a61aaa169f4c16571154676fd247e4ffb30cdb49664222a2b2341befca4,cacb9a61aaa169f4c16571154676fd247e4ffb30cdb49664222a2b2341befca4
city_out_Poland_Łódź,res-1.0,Poland/Łódź/Stoki-Sikawa-Podgórze,True,False,True,False,True,0.0,-3.642919299551295e-17,0.0,0.0,0.0,2c234012107eac30c807b55afef3f1cbfdc1f49e3d28e79346ebc9128386ef90,2c234012107eac30c807b55afef3f1cbfdc1f49e3d28e79346ebc9128386ef90
city_out_Poland_Łódź,res-1.0,Poland/Łódź/Teofilów-Wielkopolska,True,False,True,False,True,-1.1102230246251565e-16,-3.469446951953614e-18,0.0,0.0,0.0,bde80137cec518b39d3d28b0137a62dcf9da9bc55c84d06ec60eef97d2645c46,bde80137cec518b39d3d28b0137a62dcf9da9bc55c84d06ec60eef97d2645c46
city_out_Poland_Łódź,res-1.0,Poland/Łódź/Widzew-Wschód,True,False,True,False,True,2.3592239273284576e-16,-4.5102810375396984e-17,0.0,0.0,0.0,d48edb2b735948a0268977fa0823c81dcdca831cb2bef2d0f830079cbb9aabd7,d48edb2b735948a0268977fa0823c81dcdca831cb2bef2d0f830079cbb9aabd7
city_out_Poland_Łódź,res-1.0,Poland/Łódź/Wiskitno,True,False,True,False,True,0.0,1.5612511283791264e-17,0.0,0.0,0.0,3034e9895daafaa56836a7f46dc33cd672ad2cf58a4212da3302754bf7615e18,3034e9895daafaa56836a7f46dc33cd672ad2cf58a4212da3302754bf7615e18
city_out_Poland_Łódź,res-1.0,Poland/Łódź/Wzniesień Łódzkich,True,False,True,True,True,0.0,0.0,0.0,0.0,0.0,15e40bee0eccd634240ed0ef142335055128fc770ab653ff310fd309fc2cf1d0,15e40bee0eccd634240ed0ef142335055128fc770ab653ff310fd309fc2cf1d0
city_out_Poland_Łódź,res-1.0,Poland/Łódź/Zarzew,True,False,True,False,True,2.220446049250313e-16,-5.204170427930421e-18,0.0,0.0,0.0,d60053d2d2d41df116acb3cedf8ea4f5b3705f586ee0a240408385c87a6570b2,d60053d2d2d41df116acb3cedf8ea4f5b3705f586ee0a240408385c87a6570b2
city_out_Poland_Łódź,res-1.0,Poland/Łódź/Zdrowie-Mania,True,False,True,False,True,0.0,3.8163916471489756e-17,0.0,0.0,0.0,f33f4cd10514f2e843f4476def5a7fe216221df4770c4be7b3eb3ac7663998ea,f33f4cd10514f2e843f4476def5a7fe216221df4770c4be7b3eb3ac7663998ea
city_out_Poland_Łódź,res-1.0,Poland/Łódź/Złotno,True,False,True,False,True,1.6653345369377348e-16,-4.163336342344337e-17,0.0,0.0,0.0,76fa6c98949dd337ba169e0e540c963e2a7fc39ea2a92b530e6890a941dcabaa,76fa6c98949dd337ba169e0e540c963e2a7fc39ea2a92b530e6890a941dcabaa
city_out_Poland_Łódź,res-1.0,Poland/Łódź/Łagiewniki,True,False,True,False,True,0.0,1.3877787807814457e-17,0.0,0.0,0.0,919a1bf2237947ea1e890a4ae84f484035ce5e7ad55807eb5f51aed6269f7d04,919a1bf2237947ea1e890a4ae84f484035ce5e7ad55807eb5f51aed6269f7d04
city_out_Poland_Łódź,res-1.0,Poland/Łódź/Śródmieście-Wschód,True,False,True,False,True,0.0,1.734723475976807e-17,0.0,0.0,0.0,ff2d30b4bc779632e200f0737a9258cb0647e92cbb8074592780f6af1a445f9e,ff2d30b4bc779632e200f0737a9258cb0647e92cbb8074592780f6af1a445f9e
temporal_2022,endowment/seed-1,Poland/Gdynia/Babie Doły | large,False,False,True,True,True,0.0,0.0,0.0,0.0,0.0,57b44a448920b0bed9a81fea0d3e202070596f690f9e9068bb18757a41503661,57b44a448920b0bed9a81fea0d3e202070596f690f9e9068bb18757a41503661
temporal_2022,endowment/seed-1,Poland/Gdynia/Chwarzno-Wiczlino | large,False,False,True,False,True,0.0,-2.0816681711721685e-17,0.0,0.0,0.0,388c1afd4ba8307581336c0a322ca2da771197884efe700206dd0a0f6cbbf8fe,388c1afd4ba8307581336c0a322ca2da771197884efe700206dd0a0f6cbbf8fe
temporal_2022,endowment/seed-1,Poland/Gdynia/Chylonia | large,False,False,True,False,True,0.0,-1.5612511283791264e-17,0.0,0.0,0.0,c14a833feda6cbfb08596b93b47718954cadd591f3bb88a7dc238f3e743546d9,c14a833feda6cbfb08596b93b47718954cadd591f3bb88a7dc238f3e743546d9
temporal_2022,endowment/seed-1,Poland/Gdynia/Cisowa | large,False,False,True,False,True,0.0,4.163336342344337e-17,0.0,0.0,0.0,5ff5d249432a18c6e83fc9742d3507a32b33ec130991bc2513d2e2eab44bd1fe,5ff5d249432a18c6e83fc9742d3507a32b33ec130991bc2513d2e2eab44bd1fe
temporal_2022,endowment/seed-1,Poland/Gdynia/Działki Leśne | large,False,False,True,True,True,0.0,0.0,0.0,0.0,0.0,a33f187f4f15474374d320215a6625280771c9390ce0db3a58813e8bd30df574,a33f187f4f15474374d320215a6625280771c9390ce0db3a58813e8bd30df574
temporal_2022,endowment/seed-1,Poland/Gdynia/Dąbrowa | large,False,False,True,True,True,0.0,0.0,0.0,0.0,0.0,b51f3d912f43b977f8ae3a38a0580c56e82da0a6ee79dd177155b078a1722eb6,b51f3d912f43b977f8ae3a38a0580c56e82da0a6ee79dd177155b078a1722eb6
temporal_2022,endowment/seed-1,Poland/Gdynia/Grabówek | large,False,False,True,True,True,0.0,0.0,0.0,0.0,0.0,eb711f6a15debe63a6d3b9aaf5e75b8837b05f500714a9e9a24233b74484dfab,eb711f6a15debe63a6d3b9aaf5e75b8837b05f500714a9e9a24233b74484dfab
temporal_2022,endowment/seed-1,Poland/Gdynia/Kamienna Góra | large,False,False,True,True,True,0.0,0.0,0.0,0.0,0.0,3ccbc44775c57724a2e25f940290122a9f0ed4da67771e87e931942570df4588,3ccbc44775c57724a2e25f940290122a9f0ed4da67771e87e931942570df4588
temporal_2022,endowment/seed-1,Poland/Gdynia/Karwiny | large,False,False,True,True,True,0.0,0.0,0.0,0.0,0.0,39c9a88f60c12afdabf3d137ef2e54c48407eae645ae4d676b07a330968a1c94,39c9a88f60c12afdabf3d137ef2e54c48407eae645ae4d676b07a330968a1c94
temporal_2022,endowment/seed-1,Poland/Gdynia/Leszczynki | large,False,False,True,True,True,0.0,0.0,0.0,0.0,0.0,06312b27b138e8a0ffd26b30499450ada182d3bbf2fc14f897e12959976cb732,06312b27b138e8a0ffd26b30499450ada182d3bbf2fc14f897e12959976cb732
temporal_2022,endowment/seed-1,Poland/Gdynia/Mały Kack | large,False,False,True,False,True,0.0,-1.691355389077387e-17,0.0,0.0,0.0,21561928784d6d3321ba663dbc8b9b8ac3f9cadb489518cb99fbdd80fb05207a,21561928784d6d3321ba663dbc8b9b8ac3f9cadb489518cb99fbdd80fb05207a
temporal_2022,endowment/seed-1,Poland/Gdynia/Obłuże | large,False,False,True,True,True,0.0,0.0,0.0,0.0,0.0,2193bffd346de6e90a723875680b33c657316b211d4572373c346718cfd3d41d,2193bffd346de6e90a723875680b33c657316b211d4572373c346718cfd3d41d
temporal_2022,endowment/seed-1,Poland/Gdynia/Oksywie | large,False,False,True,True,True,0.0,0.0,0.0,0.0,0.0,11f77976e1425f90606e1ba360a21a2da0c72236280fe54dc9b3aee960b96131,11f77976e1425f90606e1ba360a21a2da0c72236280fe54dc9b3aee960b96131
temporal_2022,endowment/seed-1,Poland/Gdynia/Orłowo | large,False,False,True,True,True,0.0,0.0,0.0,0.0,0.0,2e99e101a4b0e206ba114570d1306617794ada44e7694e6f869c639f7d3da306,2e99e101a4b0e206ba114570d1306617794ada44e7694e6f869c639f7d3da306
temporal_2022,endowment/seed-1,Poland/Gdynia/Pogórze | large,False,False,True,True,True,0.0,0.0,0.0,0.0,0.0,3b87ca31251e004bfdf67e22eb1eb4a765e105af99cc99229734f621621221c6,3b87ca31251e004bfdf67e22eb1eb4a765e105af99cc99229734f621621221c6
temporal_2022,endowment/seed-1,Poland/Gdynia/Pustki Cisowskie-Demptowo | large,False,False,True,False,True,0.0,1.9081958235744878e-17,0.0,0.0,0.0,a8b68cd05c22331aab155aac2b02f728b4449cacc1c4f29fb9109eadd267388e,a8b68cd05c22331aab155aac2b02f728b4449cacc1c4f29fb9109eadd267388e
temporal_2022,endowment/seed-1,Poland/Gdynia/Redłowo | large,False,False,True,True,True,0.0,0.0,0.0,0.0,0.0,b2a7890b0bc7366092390e05841e3d7e67a284e4fcae737d3f995a9341cbcadc,b2a7890b0bc7366092390e05841e3d7e67a284e4fcae737d3f995a9341cbcadc
temporal_2022,endowment/seed-1,Poland/Gdynia/Wielki Kack | large,False,False,True,True,True,0.0,0.0,0.0,0.0,0.0,2bd308c18fb68f5d81b5246f2264216dd59c1277beb0a842d25549309ff63d54,2bd308c18fb68f5d81b5246f2264216dd59c1277beb0a842d25549309ff63d54
temporal_2022,endowment/seed-1,Poland/Gdynia/Witomino | large,False,False,True,False,True,0.0,1.734723475976807e-17,0.0,0.0,0.0,15183ba76a68430c37c5bd4b277ad5c073ebd0c804e7c9f201b54ee4f9dd726d,15183ba76a68430c37c5bd4b277ad5c073ebd0c804e7c9f201b54ee4f9dd726d
temporal_2022,endowment/seed-1,Poland/Gdynia/Wzgórze Św. Maksymiliana | large,False,False,True,True,True,0.0,0.0,0.0,0.0,0.0,80218bab76933d97f9421e7f85b7fa87b80ffe72e34dd46f88cf6b88cf6f691b,80218bab76933d97f9421e7f85b7fa87b80ffe72e34dd46f88cf6b88cf6f691b
temporal_2022,endowment/seed-1,Poland/Gdynia/Śródmieście | large,False,False,True,True,True,0.0,0.0,0.0,0.0,0.0,a0bcca1aecb628368aefea0e4d0f285bf0349d62beb63498356685c1aad3057d,a0bcca1aecb628368aefea0e4d0f285bf0349d62beb63498356685c1aad3057d
temporal_2022,endowment/seed-1,Poland/Warszawa/Bemowo,False,False,True,False,True,0.0,-5.551115123125783e-17,0.0,0.0,0.0,e3c852aea776bec6354943dbc3faeef4a6daad1e71432170b84b6a9b39b6b3fd,e3c852aea776bec6354943dbc3faeef4a6daad1e71432170b84b6a9b39b6b3fd
temporal_2022,endowment/seed-1,Poland/Warszawa/Białołęka,False,False,True,False,True,-1.3877787807814457e-16,3.469446951953614e-17,0.0,0.0,0.0,07044afd6e381986030a8eb4e512dfff7e6c83faa286b15b457c94eefe08bee5,07044afd6e381986030a8eb4e512dfff7e6c83faa286b15b457c94eefe08bee5
temporal_2022,endowment/seed-1,Poland/Warszawa/Bielany,False,False,True,False,True,2.0816681711721685e-16,-5.204170427930421e-17,0.0,0.0,0.0,f7dfcea66699a49707b785b239290545058a79a8a808d3bcb488591ed92ce581,f7dfcea66699a49707b785b239290545058a79a8a808d3bcb488591ed92ce581
temporal_2022,endowment/seed-1,Poland/Warszawa/Mokotów,False,False,True,False,True,0.0,-3.469446951953614e-17,0.0,0.0,0.0,bfff95ccda51276527ef95a572fe8788ec5e31db651f42263c1cc680af640004,bfff95ccda51276527ef95a572fe8788ec5e31db651f42263c1cc680af640004
temporal_2022,endowment/seed-1,Poland/Warszawa/Ochota,False,False,True,False,True,0.0,-3.469446951953614e-17,0.0,0.0,0.0,175d1f4f86b5a3ccc062e9eda2d7135e50061179b3e866492f9a4c658a680f8d,175d1f4f86b5a3ccc062e9eda2d7135e50061179b3e866492f9a4c658a680f8d
temporal_2022,endowment/seed-1,Poland/Warszawa/Praga-Południe,False,False,True,False,True,0.0,-2.0816681711721685e-17,0.0,0.0,0.0,34395db69b6fe000dceaf47d9dd73dc92582c7d646b439c340b948caa2665c65,34395db69b6fe000dceaf47d9dd73dc92582c7d646b439c340b948caa2665c65
temporal_2022,endowment/seed-1,Poland/Warszawa/Praga-Północ,False,False,True,False,True,0.0,-1.734723475976807e-17,0.0,0.0,0.0,b20023155005d7dcb857c671341bb4a7fc1e791f76c069dc49cc5a5a622ab7c2,b20023155005d7dcb857c671341bb4a7fc1e791f76c069dc49cc5a5a622ab7c2
temporal_2022,endowment/seed-1,Poland/Warszawa/Rembertów,False,False,True,False,True,-1.3877787807814457e-16,7.632783294297951e-17,0.0,0.0,0.0,cc52fa623157712d9e360f656b515d1caae6168a05b02fc0af833f72ef77f981,cc52fa623157712d9e360f656b515d1caae6168a05b02fc0af833f72ef77f981
temporal_2022,endowment/seed-1,Poland/Warszawa/Targówek,False,False,True,False,True,0.0,-6.938893903907228e-18,0.0,0.0,0.0,8dc1a2bbc7bb236f14f29e952b622bc846a9bd1c0bc76eb56df929917aa10ba7,8dc1a2bbc7bb236f14f29e952b622bc846a9bd1c0bc76eb56df929917aa10ba7
temporal_2022,endowment/seed-1,Poland/Warszawa/Ursus,False,False,True,True,True,0.0,0.0,0.0,0.0,0.0,e20386b2bdd91ae8b3e4d18adb339c7759c27cddac34a9858a6ae03cde12d19b,e20386b2bdd91ae8b3e4d18adb339c7759c27cddac34a9858a6ae03cde12d19b
temporal_2022,endowment/seed-1,Poland/Warszawa/Ursynów,False,False,True,False,True,0.0,-3.469446951953614e-18,0.0,0.0,0.0,025fda061298e75d315b746cd91c177c1d81be283fe95e6e0fb6af204c1a71a1,025fda061298e75d315b746cd91c177c1d81be283fe95e6e0fb6af204c1a71a1
temporal_2022,endowment/seed-1,Poland/Warszawa/Wawer,False,False,True,False,True,-1.8041124150158794e-16,-8.673617379884035e-17,0.0,0.0,0.0,8cf9e01ad2a54faf9ccea2e09d90ce258bb71bdd176d33c4e4af718881ebbb5b,8cf9e01ad2a54faf9ccea2e09d90ce258bb71bdd176d33c4e4af718881ebbb5b
temporal_2022,endowment/seed-1,Poland/Warszawa/Wesoła,False,False,True,False,True,1.6653345369377348e-16,5.551115123125783e-17,0.0,0.0,0.0,21c8d13523d41d8d4e5aa2836868fff417eb03b8e986998db6de419b93518a6a,21c8d13523d41d8d4e5aa2836868fff417eb03b8e986998db6de419b93518a6a
temporal_2022,endowment/seed-1,Poland/Warszawa/Wilanów,False,False,True,False,True,-1.1102230246251565e-16,2.7755575615628914e-17,0.0,0.0,0.0,db9ee89f129f6e40779c7761be54043fd6196568685cabff8b2a0b9c383a9f34,db9ee89f129f6e40779c7761be54043fd6196568685cabff8b2a0b9c383a9f34
temporal_2022,endowment/seed-1,Poland/Warszawa/Wola,False,True,True,False,True,1.1102230246251565e-16,1.3877787807814457e-17,0.0,0.0,0.0,57c774bc93c66f298a2516d72389a303d349ed3d5fe27ff0e7edfce9c6afbc58,57c774bc93c66f298a2516d72389a303d349ed3d5fe27ff0e7edfce9c6afbc58
temporal_2022,endowment/seed-1,Poland/Warszawa/Włochy,False,False,True,False,True,-1.5265566588595902e-16,-1.1449174941446927e-16,0.0,0.0,0.0,c79ad84dea54b444bee60758a13ccbafe1cdc3fef501b58193b2daed7a3a9027,c79ad84dea54b444bee60758a13ccbafe1cdc3fef501b58193b2daed7a3a9027
temporal_2022,endowment/seed-1,Poland/Warszawa/Śródmieście,False,False,True,False,True,0.0,-6.938893903907228e-18,0.0,0.0,0.0,7b61e240fab3c8e82159aa3b9e9f49d7a8820f1cebf145c6fa7adef7ab7bdf0f,7b61e240fab3c8e82159aa3b9e9f49d7a8820f1cebf145c6fa7adef7ab7bdf0f
temporal_2022,endowment/seed-1,Poland/Warszawa/Żoliborz,False,False,True,True,True,0.0,0.0,0.0,0.0,0.0,cccf8971fa7a8eabde874f4d8a4a7c4e0e8a9641c8a198d8f86c36252da2db03,cccf8971fa7a8eabde874f4d8a4a7c4e0e8a9641c8a198d8f86c36252da2db03
temporal_2022,endowment/seed-1,Poland/Łódź/Andrzejów,False,False,True,False,True,1.1102230246251565e-16,1.734723475976807e-17,0.0,0.0,0.0,6aae6a1ebb50556c17733cf946b48acecae48f090b505bffb05be9cc45068af4,6aae6a1ebb50556c17733cf946b48acecae48f090b505bffb05be9cc45068af4
temporal_2022,endowment/seed-1,Poland/Łódź/Bałuty Zachodnie,False,False,True,True,True,0.0,0.0,0.0,0.0,0.0,34b8a13beb0f51b19970e73dd0f2916210b9a64f96436fa81c4f42aafb88ad0c,34b8a13beb0f51b19970e73dd0f2916210b9a64f96436fa81c4f42aafb88ad0c
temporal_2022,endowment/seed-1,Poland/Łódź/Bałuty-Centrum,False,False,True,False,True,-1.8041124150158794e-16,-2.6020852139652106e-17,0.0,0.0,0.0,bce4f70048672c1708f0381c7d59179ba7dc0e7f48519984e6dab6f47d928f82,bce4f70048672c1708f0381c7d59179ba7dc0e7f48519984e6dab6f47d928f82
temporal_2022,endowment/seed-1,Poland/Łódź/Bałuty-Doły,False,False,True,True,True,0.0,0.0,0.0,0.0,0.0,fc65b9d392a4e6429fc1215c6c878f69e6ebd71a5cd757205cd05d3460d93e26,fc65b9d392a4e6429fc1215c6c878f69e6ebd71a5cd757205cd05d3460d93e26
temporal_2022,endowment/seed-1,Poland/Łódź/Chojny,False,False,True,False,True,2.0816681711721685e-16,9.020562075079397e-17,0.0,0.0,0.0,b0da8f96442507d5e7787668486010199e8a4f3518baf96d8d7aeff964223c75,b0da8f96442507d5e7787668486010199e8a4f3518baf96d8d7aeff964223c75
temporal_2022,endowment/seed-1,Poland/Łódź/Chojny-Dąbrowa,False,False,True,False,True,0.0,-3.2959746043559335e-17,0.0,0.0,0.0,59c4e36fec82e338c4353d77f63170d2b85dd5e0995ed73c82f9220d1df83ff6,59c4e36fec82e338c4353d77f63170d2b85dd5e0995ed73c82f9220d1df83ff6
temporal_2022,endowment/seed-1,Poland/Łódź/Dolina Łódki,False,False,True,True,True,0.0,0.0,0.0,0.0,0.0,65a6fa7b7e394fc089b8b690385f414840ace9a10ab31d2a1b678af63e19f021,65a6fa7b7e394fc089b8b690385f414840ace9a10ab31d2a1b678af63e19f021
temporal_2022,endowment/seed-1,Poland/Łódź/Górniak,False,False,True,False,True,0.0,-3.122502256758253e-17,0.0,0.0,0.0,67da4059f437cbef616b0edb765f8377812f6410ed19e4b6c62cb65792af0e15,67da4059f437cbef616b0edb765f8377812f6410ed19e4b6c62cb65792af0e15
temporal_2022,endowment/seed-1,Poland/Łódź/Im. Józefa Montwiłła-Mireckiego,False,False,True,False,True,0.0,5.204170427930421e-18,0.0,0.0,0.0,9869cfcc29109e207291c10288619c1a43e0999490cf04450c5ae3e6f8048c99,9869cfcc29109e207291c10288619c1a43e0999490cf04450c5ae3e6f8048c99
temporal_2022,endowment/seed-1,Poland/Łódź/Julianów-Marysin-Rogi,False,False,True,False,True,1.249000902703301e-16,-8.673617379884035e-18,0.0,0.0,0.0,28eaf7f484b9c484f70af7e3c30568b8b8bd1bab5ab715829926d782b4bc1fb5,28eaf7f484b9c484f70af7e3c30568b8b8bd1bab5ab715829926d782b4bc1fb5
temporal_2022,endowment/seed-1,Poland/Łódź/Karolew-Retkinia Wschód,False,False,True,False,True,0.0,-4.336808689942018e-18,0.0,0.0,0.0,42c1960d32df5d40db1951b60e9527a4210a2f3745a6d662aae4ec1909b64273,42c1960d32df5d40db1951b60e9527a4210a2f3745a6d662aae4ec1909b64273
temporal_2022,endowment/seed-1,Poland/Łódź/Katedralna,False,False,True,False,True,0.0,3.8163916471489756e-17,0.0,0.0,0.0,2bb66e9a18ca1db45b73fc60ccd8b4bff8fd5ccce34a8966b7426cf52dfa34a4,2bb66e9a18ca1db45b73fc60ccd8b4bff8fd5ccce34a8966b7426cf52dfa34a4
temporal_2022,endowment/seed-1,Poland/Łódź/Koziny,False,False,True,False,True,0.0,5.551115123125783e-17,0.0,0.0,0.0,80b22ae93fb2e7baea446f3c7a30f23595ca21d25680a375a14cb9e325a22bc3,80b22ae93fb2e7baea446f3c7a30f23595ca21d25680a375a14cb9e325a22bc3
temporal_2022,endowment/seed-1,Poland/Łódź/Lublinek-Pienista,False,False,True,False,True,0.0,4.683753385137379e-17,0.0,0.0,0.0,7028e3160512be44a6ec6249cb180e439c024c6118bf1798e277147c70fe122a,7028e3160512be44a6ec6249cb180e439c024c6118bf1798e277147c70fe122a
temporal_2022,endowment/seed-1,Poland/Łódź/Mileszki,False,False,True,False,True,0.0,-3.5128150388530344e-17,0.0,0.0,0.0,eb81646f8fd624fccbf6d810552dab2e357392e89e0400e01beacfd184e8d734,eb81646f8fd624fccbf6d810552dab2e357392e89e0400e01beacfd184e8d734
temporal_2022,endowment/seed-1,Poland/Łódź/Nad Nerem,False,False,True,False,True,-1.3877787807814457e-16,-1.734723475976807e-17,0.0,0.0,0.0,576c24439f4539b3d87a2d2a5599db6ea15c57ce8bdf7049791248664b2ef5e8,576c24439f4539b3d87a2d2a5599db6ea15c57ce8bdf7049791248664b2ef5e8
temporal_2022,endowment/seed-1,Poland/Łódź/Nowosolna,False,False,True,False,True,-1.1102230246251565e-16,5.204170427930421e-18,0.0,0.0,0.0,ad963ef709c5c2ce32c0d6b8427d0ea21809bd564f1f488f154d72dc71fbe2b3,ad963ef709c5c2ce32c0d6b8427d0ea21809bd564f1f488f154d72dc71fbe2b3
temporal_2022,endowment/seed-1,Poland/Łódź/Nr 33,False,False,True,False,True,0.0,-6.591949208711867e-17,0.0,0.0,0.0,ab79a2b0ae3684b777e200414458dbc4008c8ed13c0d04c1b8186330f644e025,ab79a2b0ae3684b777e200414458dbc4008c8ed13c0d04c1b8186330f644e025
temporal_2022,endowment/seed-1,Poland/Łódź/Olechów-Janów,False,False,True,False,True,1.3877787807814457e-16,-3.469446951953614e-17,0.0,0.0,0.0,a0c6b92ae0ba180797c5be3a937f59e1c785959eb3fd6372fdb600aae33aa82d,a0c6b92ae0ba180797c5be3a937f59e1c785959eb3fd6372fdb600aae33aa82d
temporal_2022,endowment/seed-1,Poland/Łódź/Piastów-Kurak,False,False,True,False,True,-1.3877787807814457e-16,-2.168404344971009e-17,0.0,0.0,0.0,e4245f64f8d3834974da03200767a90ad56ca955fd0e885a32b6fb042d272491,e4245f64f8d3834974da03200767a90ad56ca955fd0e885a32b6fb042d272491
temporal_2022,endowment/seed-1,Poland/Łódź/Radogoszcz,False,False,True,False,True,0.0,5.627009275199768e-17,0.0,0.0,0.0,ed850d8fbb94d2b3beda19f001c3091be318b8f836b2520039a18fc37d8848aa,ed850d8fbb94d2b3beda19f001c3091be318b8f836b2520039a18fc37d8848aa
temporal_2022,endowment/seed-1,Poland/Łódź/Retkinia Zachód-Smulsko,False,False,True,False,True,0.0,-1.9949319973733282e-17,0.0,0.0,0.0,5712d224dd38b78f7d22647f3a421a19452347ee5c9c90208b7358e6df15147a,5712d224dd38b78f7d22647f3a421a19452347ee5c9c90208b7358e6df15147a
temporal_2022,endowment/seed-1,Poland/Łódź/Rokicie,False,False,True,False,True,-9.71445146547012e-17,3.469446951953614e-18,0.0,0.0,0.0,a0134208c28d89104b704e107fb232f85ce5d119b9f1ad12a88e57bf6394f1b1,a0134208c28d89104b704e107fb232f85ce5d119b9f1ad12a88e57bf6394f1b1
temporal_2022,endowment/seed-1,Poland/Łódź/Ruda,False,False,True,False,True,-1.3877787807814457e-16,1.9949319973733282e-17,0.0,0.0,0.0,5be1d5e57d9225813cabd5983319e0a83e3c77ad936df328bb88394cfa63042d,5be1d5e57d9225813cabd5983319e0a83e3c77ad936df328bb88394cfa63042d
temporal_2022,endowment/seed-1,Poland/Łódź/Stare Polesie,False,False,True,False,True,-1.6653345369377348e-16,1.734723475976807e-18,0.0,0.0,0.0,0e2721ca68ede4368a9034d6bee119b90955af230d8bebd769351d99442bec1a,0e2721ca68ede4368a9034d6bee119b90955af230d8bebd769351d99442bec1a
temporal_2022,endowment/seed-1,Poland/Łódź/Stary Widzew,False,False,True,True,True,0.0,0.0,0.0,0.0,0.0,bb3fca4a248b70a7eab742ed7cd9208aca276fc1b5b23915cd29b041b53c4f5d,bb3fca4a248b70a7eab742ed7cd9208aca276fc1b5b23915cd29b041b53c4f5d
temporal_2022,endowment/seed-1,Poland/Łódź/Stoki-Sikawa-Podgórze,False,False,True,False,True,0.0,-1.1709383462843448e-16,0.0,0.0,0.0,d5785415366602cfb3ef821fb81f88191d01a93e276bce016306b533a0ba6638,d5785415366602cfb3ef821fb81f88191d01a93e276bce016306b533a0ba6638
temporal_2022,endowment/seed-1,Poland/Łódź/Teofilów-Wielkopolska,False,False,True,False,True,-8.326672684688674e-17,6.938893903907228e-18,0.0,0.0,0.0,2f05a784e3f76f9138ef65b2367558a059c9a34f8530f499e42bdb2aa5ad2c46,2f05a784e3f76f9138ef65b2367558a059c9a34f8530f499e42bdb2aa5ad2c46
temporal_2022,endowment/seed-1,Poland/Łódź/Widzew-Wschód,False,False,True,False,True,2.498001805406602e-16,7.806255641895632e-18,0.0,0.0,0.0,ecf8df32b21f3b708840207d9e4f6173f42af0a614cc3f5b6c111dfe18ace87d,ecf8df32b21f3b708840207d9e4f6173f42af0a614cc3f5b6c111dfe18ace87d
temporal_2022,endowment/seed-1,Poland/Łódź/Wiskitno,False,False,True,False,True,0.0,1.5612511283791264e-17,0.0,0.0,0.0,3034e9895daafaa56836a7f46dc33cd672ad2cf58a4212da3302754bf7615e18,3034e9895daafaa56836a7f46dc33cd672ad2cf58a4212da3302754bf7615e18
temporal_2022,endowment/seed-1,Poland/Łódź/Wzniesień Łódzkich,False,False,True,True,True,0.0,0.0,0.0,0.0,0.0,15e40bee0eccd634240ed0ef142335055128fc770ab653ff310fd309fc2cf1d0,15e40bee0eccd634240ed0ef142335055128fc770ab653ff310fd309fc2cf1d0
temporal_2022,endowment/seed-1,Poland/Łódź/Zarzew,False,False,True,False,True,2.220446049250313e-16,5.204170427930421e-17,0.0,0.0,0.0,ad18e89c3ee88c213914f3ea81b6986739ff19e4a9cc09a96772319d03e3acba,ad18e89c3ee88c213914f3ea81b6986739ff19e4a9cc09a96772319d03e3acba
temporal_2022,endowment/seed-1,Poland/Łódź/Zdrowie-Mania,False,False,True,False,True,0.0,7.112366251504909e-17,0.0,0.0,0.0,6f350e84c3fe498e224de5162208a8a0642c5b77c50f2d4a3fe1efa2c5a41abe,6f350e84c3fe498e224de5162208a8a0642c5b77c50f2d4a3fe1efa2c5a41abe
temporal_2022,endowment/seed-1,Poland/Łódź/Złotno,False,False,True,False,True,0.0,-1.734723475976807e-17,0.0,0.0,0.0,4cc2218b66201ecf06f0471211b4f2bc1f9546044f2dbf3814ba9daa69d0efa0,4cc2218b66201ecf06f0471211b4f2bc1f9546044f2dbf3814ba9daa69d0efa0
temporal_2022,endowment/seed-1,Poland/Łódź/Łagiewniki,False,False,True,False,True,0.0,1.3877787807814457e-17,0.0,0.0,0.0,919a1bf2237947ea1e890a4ae84f484035ce5e7ad55807eb5f51aed6269f7d04,919a1bf2237947ea1e890a4ae84f484035ce5e7ad55807eb5f51aed6269f7d04
temporal_2022,endowment/seed-1,Poland/Łódź/Śródmieście-Wschód,False,False,True,False,True,0.0,1.1275702593849246e-17,0.0,0.0,0.0,7d540fdbe136a1f9e10909324683e4f340614f24726d1f1247217b5e1ee334af,7d540fdbe136a1f9e10909324683e4f340614f24726d1f1247217b5e1ee334af
temporal_2022,endowment/seed-2,Poland/Gdynia/Babie Doły | large,False,False,True,True,True,0.0,0.0,0.0,0.0,0.0,b1ead5fb43bd23866b30ee577465fd4c8d40dd7e5eed9088e2e73244225b9a66,b1ead5fb43bd23866b30ee577465fd4c8d40dd7e5eed9088e2e73244225b9a66
temporal_2022,endowment/seed-2,Poland/Gdynia/Chwarzno-Wiczlino | large,False,False,True,True,True,0.0,0.0,0.0,0.0,0.0,74e661addbada410d3217d9b69b90dbc2a01fff60dec28d692fcb4e9c7bbc167,74e661addbada410d3217d9b69b90dbc2a01fff60dec28d692fcb4e9c7bbc167
temporal_2022,endowment/seed-2,Poland/Gdynia/Chylonia | large,False,False,True,False,True,0.0,-1.5612511283791264e-17,0.0,0.0,0.0,c14a833feda6cbfb08596b93b47718954cadd591f3bb88a7dc238f3e743546d9,c14a833feda6cbfb08596b93b47718954cadd591f3bb88a7dc238f3e743546d9
temporal_2022,endowment/seed-2,Poland/Gdynia/Cisowa | large,False,False,True,False,True,0.0,4.163336342344337e-17,0.0,0.0,0.0,5ff5d249432a18c6e83fc9742d3507a32b33ec130991bc2513d2e2eab44bd1fe,5ff5d249432a18c6e83fc9742d3507a32b33ec130991bc2513d2e2eab44bd1fe
temporal_2022,endowment/seed-2,Poland/Gdynia/Działki Leśne | large,False,False,True,True,True,0.0,0.0,0.0,0.0,0.0,a33f187f4f15474374d320215a6625280771c9390ce0db3a58813e8bd30df574,a33f187f4f15474374d320215a6625280771c9390ce0db3a58813e8bd30df574
temporal_2022,endowment/seed-2,Poland/Gdynia/Dąbrowa | large,False,False,True,True,True,0.0,0.0,0.0,0.0,0.0,b51f3d912f43b977f8ae3a38a0580c56e82da0a6ee79dd177155b078a1722eb6,b51f3d912f43b977f8ae3a38a0580c56e82da0a6ee79dd177155b078a1722eb6
temporal_2022,endowment/seed-2,Poland/Gdynia/Grabówek | large,False,False,True,True,True,0.0,0.0,0.0,0.0,0.0,eb711f6a15debe63a6d3b9aaf5e75b8837b05f500714a9e9a24233b74484dfab,eb711f6a15debe63a6d3b9aaf5e75b8837b05f500714a9e9a24233b74484dfab
temporal_2022,endowment/seed-2,Poland/Gdynia/Kamienna Góra | large,False,False,True,True,True,0.0,0.0,0.0,0.0,0.0,3ccbc44775c57724a2e25f940290122a9f0ed4da67771e87e931942570df4588,3ccbc44775c57724a2e25f940290122a9f0ed4da67771e87e931942570df4588
temporal_2022,endowment/seed-2,Poland/Gdynia/Karwiny | large,False,False,True,True,True,0.0,0.0,0.0,0.0,0.0,39c9a88f60c12afdabf3d137ef2e54c48407eae645ae4d676b07a330968a1c94,39c9a88f60c12afdabf3d137ef2e54c48407eae645ae4d676b07a330968a1c94
temporal_2022,endowment/seed-2,Poland/Gdynia/Leszczynki | large,False,False,True,True,True,0.0,0.0,0.0,0.0,0.0,06312b27b138e8a0ffd26b30499450ada182d3bbf2fc14f897e12959976cb732,06312b27b138e8a0ffd26b30499450ada182d3bbf2fc14f897e12959976cb732
temporal_2022,endowment/seed-2,Poland/Gdynia/Mały Kack | large,False,False,True,False,True,0.0,1.0842021724855044e-17,0.0,0.0,0.0,21561928784d6d3321ba663dbc8b9b8ac3f9cadb489518cb99fbdd80fb05207a,21561928784d6d3321ba663dbc8b9b8ac3f9cadb489518cb99fbdd80fb05207a
temporal_2022,endowment/seed-2,Poland/Gdynia/Obłuże | large,False,False,True,True,True,0.0,0.0,0.0,0.0,0.0,2193bffd346de6e90a723875680b33c657316b211d4572373c346718cfd3d41d,2193bffd346de6e90a723875680b33c657316b211d4572373c346718cfd3d41d
temporal_2022,endowment/seed-2,Poland/Gdynia/Oksywie | large,False,False,True,True,True,0.0,0.0,0.0,0.0,0.0,11f77976e1425f90606e1ba360a21a2da0c72236280fe54dc9b3aee960b96131,11f77976e1425f90606e1ba360a21a2da0c72236280fe54dc9b3aee960b96131
temporal_2022,endowment/seed-2,Poland/Gdynia/Orłowo | large,False,False,True,True,True,0.0,0.0,0.0,0.0,0.0,2e99e101a4b0e206ba114570d1306617794ada44e7694e6f869c639f7d3da306,2e99e101a4b0e206ba114570d1306617794ada44e7694e6f869c639f7d3da306
temporal_2022,endowment/seed-2,Poland/Gdynia/Pogórze | large,False,False,True,True,True,0.0,0.0,0.0,0.0,0.0,3b87ca31251e004bfdf67e22eb1eb4a765e105af99cc99229734f621621221c6,3b87ca31251e004bfdf67e22eb1eb4a765e105af99cc99229734f621621221c6
temporal_2022,endowment/seed-2,Poland/Gdynia/Pustki Cisowskie-Demptowo | large,False,False,True,False,True,0.0,1.9081958235744878e-17,0.0,0.0,0.0,a8b68cd05c22331aab155aac2b02f728b4449cacc1c4f29fb9109eadd267388e,a8b68cd05c22331aab155aac2b02f728b4449cacc1c4f29fb9109eadd267388e
temporal_2022,endowment/seed-2,Poland/Gdynia/Redłowo | large,False,False,True,True,True,0.0,0.0,0.0,0.0,0.0,b2a7890b0bc7366092390e05841e3d7e67a284e4fcae737d3f995a9341cbcadc,b2a7890b0bc7366092390e05841e3d7e67a284e4fcae737d3f995a9341cbcadc
temporal_2022,endowment/seed-2,Poland/Gdynia/Wielki Kack | large,False,False,True,True,True,0.0,0.0,0.0,0.0,0.0,2bd308c18fb68f5d81b5246f2264216dd59c1277beb0a842d25549309ff63d54,2bd308c18fb68f5d81b5246f2264216dd59c1277beb0a842d25549309ff63d54
temporal_2022,endowment/seed-2,Poland/Gdynia/Witomino | large,False,False,True,False,True,0.0,1.734723475976807e-17,0.0,0.0,0.0,15183ba76a68430c37c5bd4b277ad5c073ebd0c804e7c9f201b54ee4f9dd726d,15183ba76a68430c37c5bd4b277ad5c073ebd0c804e7c9f201b54ee4f9dd726d
temporal_2022,endowment/seed-2,Poland/Gdynia/Wzgórze Św. Maksymiliana | large,False,False,True,True,True,0.0,0.0,0.0,0.0,0.0,80218bab76933d97f9421e7f85b7fa87b80ffe72e34dd46f88cf6b88cf6f691b,80218bab76933d97f9421e7f85b7fa87b80ffe72e34dd46f88cf6b88cf6f691b
temporal_2022,endowment/seed-2,Poland/Gdynia/Śródmieście | large,False,False,True,True,True,0.0,0.0,0.0,0.0,0.0,a0bcca1aecb628368aefea0e4d0f285bf0349d62beb63498356685c1aad3057d,a0bcca1aecb628368aefea0e4d0f285bf0349d62beb63498356685c1aad3057d
temporal_2022,endowment/seed-2,Poland/Warszawa/Bemowo,False,False,True,False,True,0.0,3.469446951953614e-17,0.0,0.0,0.0,61c9d18fa5287f7944251d2723012b6ac31caaff0bb97827bdf95df0eaf9a7e7,61c9d18fa5287f7944251d2723012b6ac31caaff0bb97827bdf95df0eaf9a7e7
temporal_2022,endowment/seed-2,Poland/Warszawa/Białołęka,False,False,True,False,True,0.0,-3.469446951953614e-17,0.0,0.0,0.0,9b3c1510a7369aaa55090d63902fd8195604ba80ede2e5382397515495c81ff6,9b3c1510a7369aaa55090d63902fd8195604ba80ede2e5382397515495c81ff6
temporal_2022,endowment/seed-2,Poland/Warszawa/Bielany,False,False,True,False,True,0.0,-7.632783294297951e-17,0.0,0.0,0.0,790572de984a89373883689b9e9e79eaef210a693b81129abdf5558b3d3b0685,790572de984a89373883689b9e9e79eaef210a693b81129abdf5558b3d3b0685
temporal_2022,endowment/seed-2,Poland/Warszawa/Mokotów,False,False,True,False,True,1.1102230246251565e-16,6.245004513516506e-17,0.0,0.0,0.0,b286d1de69e313486bd627546e6ecf24aca9fadcd01cfe0bb62c8b7127aa45a1,b286d1de69e313486bd627546e6ecf24aca9fadcd01cfe0bb62c8b7127aa45a1
temporal_2022,endowment/seed-2,Poland/Warszawa/Ochota,False,False,True,False,True,-1.1102230246251565e-16,-5.551115123125783e-17,0.0,0.0,0.0,71200540a3290fc73b01a9bde4afd3d8f4f5531247638164a1f0332ff11c3f6b,71200540a3290fc73b01a9bde4afd3d8f4f5531247638164a1f0332ff11c3f6b
temporal_2022,endowment/seed-2,Poland/Warszawa/Praga-Południe,False,False,True,False,True,1.1102230246251565e-16,4.163336342344337e-17,0.0,0.0,0.0,6b09f4705a8573e5b19bc84842302a051deeba8eedb173c3c5eb8076d4bb29a0,6b09f4705a8573e5b19bc84842302a051deeba8eedb173c3c5eb8076d4bb29a0
temporal_2022,endowment/seed-2,Poland/Warszawa/Praga-Północ,False,False,True,False,True,0.0,2.0816681711721685e-17,0.0,0.0,0.0,1a9edfbe154c7477287a7ff96f1f8ff28106a9e3bfb1d19161617d1bb1fe41cd,1a9edfbe154c7477287a7ff96f1f8ff28106a9e3bfb1d19161617d1bb1fe41cd
temporal_2022,endowment/seed-2,Poland/Warszawa/Rembertów,False,False,True,False,True,-1.3877787807814457e-16,7.632783294297951e-17,0.0,0.0,0.0,cc52fa623157712d9e360f656b515d1caae6168a05b02fc0af833f72ef77f981,cc52fa623157712d9e360f656b515d1caae6168a05b02fc0af833f72ef77f981
temporal_2022,endowment/seed-2,Poland/Warszawa/Targówek,False,False,True,False,True,0.0,4.85722573273506e-17,0.0,0.0,0.0,a3ef6265319fb170d12dc410ac667e59c5c26eda2b881c2508ecb5eaedb5b05b,a3ef6265319fb170d12dc410ac667e59c5c26eda2b881c2508ecb5eaedb5b05b
temporal_2022,endowment/seed-2,Poland/Warszawa/Ursus,False,False,True,False,True,0.0,6.938893903907228e-18,0.0,0.0,0.0,cec4a68a54f2349e71fd06b8e10bfdfa04d5d1b75b0fd29286f625a793a108de,cec4a68a54f2349e71fd06b8e10bfdfa04d5d1b75b0fd29286f625a793a108de
temporal_2022,endowment/seed-2,Poland/Warszawa/Ursynów,False,False,True,False,True,0.0,5.2909066017292616e-17,0.0,0.0,0.0,370f2a1287fe03b72cf630217c724cde86c9b435fdbc59b616f59f5d8fef5406,370f2a1287fe03b72cf630217c724cde86c9b435fdbc59b616f59f5d8fef5406
temporal_2022,endowment/seed-2,Poland/Warszawa/Wawer,False,False,True,False,True,0.0,-6.938893903907228e-18,0.0,0.0,0.0,6a365f1bf4b11edec258e8dbce40e992664008df06367dc4f202e16f7e379aac,6a365f1bf4b11edec258e8dbce40e992664008df06367dc4f202e16f7e379aac
temporal_2022,endowment/seed-2,Poland/Warszawa/Wesoła,False,False,True,False,True,0.0,-9.71445146547012e-17,0.0,0.0,0.0,2c2196866304c40a91b6b14b21f9a44d4d19161828ac337cb2761d10eae4ef04,2c2196866304c40a91b6b14b21f9a44d4d19161828ac337cb2761d10eae4ef04
temporal_2022,endowment/seed-2,Poland/Warszawa/Wilanów,False,False,True,False,True,-1.1102230246251565e-16,2.0816681711721685e-17,0.0,0.0,0.0,95e3b294889638d351845078d7354d2f350d44cf87cc045bbfbedc8e6f5d4968,95e3b294889638d351845078d7354d2f350d44cf87cc045bbfbedc8e6f5d4968
temporal_2022,endowment/seed-2,Poland/Warszawa/Wola,False,True,True,False,True,1.3877787807814457e-16,6.938893903907228e-17,0.0,0.0,0.0,e0205b47c73de60f5a7aecb464eb2348137f79eeb13ced0310f478b5801ad25a,e0205b47c73de60f5a7aecb464eb2348137f79eeb13ced0310f478b5801ad25a
temporal_2022,endowment/seed-2,Poland/Warszawa/Włochy,False,False,True,False,True,0.0,-1.457167719820518e-16,0.0,0.0,0.0,6dfc207c82fbcfc3d4ee3326c79d4ceb3de1c576454f340bdf9c60a5bf3f070c,6dfc207c82fbcfc3d4ee3326c79d4ceb3de1c576454f340bdf9c60a5bf3f070c
temporal_2022,endowment/seed-2,Poland/Warszawa/Śródmieście,False,False,True,False,True,0.0,-6.938893903907228e-18,0.0,0.0,0.0,7b61e240fab3c8e82159aa3b9e9f49d7a8820f1cebf145c6fa7adef7ab7bdf0f,7b61e240fab3c8e82159aa3b9e9f49d7a8820f1cebf145c6fa7adef7ab7bdf0f
temporal_2022,endowment/seed-2,Poland/Warszawa/Żoliborz,False,False,True,False,True,1.1102230246251565e-16,-3.469446951953614e-17,0.0,0.0,0.0,2e480dd4a4bce83061367b36005b7d39210aa768c49881a04664661754b02bff,2e480dd4a4bce83061367b36005b7d39210aa768c49881a04664661754b02bff
temporal_2022,endowment/seed-2,Poland/Łódź/Andrzejów,False,False,True,False,True,1.1102230246251565e-16,1.734723475976807e-17,0.0,0.0,0.0,6aae6a1ebb50556c17733cf946b48acecae48f090b505bffb05be9cc45068af4,6aae6a1ebb50556c17733cf946b48acecae48f090b505bffb05be9cc45068af4
temporal_2022,endowment/seed-2,Poland/Łódź/Bałuty Zachodnie,False,False,True,False,True,-8.326672684688674e-17,-3.469446951953614e-17,0.0,0.0,0.0,0f16418586d11c549be01ab16c4590d7210e1934b8297b29836207fa923ce536,0f16418586d11c549be01ab16c4590d7210e1934b8297b29836207fa923ce536
temporal_2022,endowment/seed-2,Poland/Łódź/Bałuty-Centrum,False,False,True,False,True,-3.7470027081099033e-16,1.214306433183765e-17,0.0,0.0,0.0,adc3d5900358505e1dad32b2cec402aa200f4a73d0392826e6cb3b0e9541febd,adc3d5900358505e1dad32b2cec402aa200f4a73d0392826e6cb3b0e9541febd
temporal_2022,endowment/seed-2,Poland/Łódź/Bałuty-Doły,False,False,True,True,True,0.0,0.0,0.0,0.0,0.0,fc65b9d392a4e6429fc1215c6c878f69e6ebd71a5cd757205cd05d3460d93e26,fc65b9d392a4e6429fc1215c6c878f69e6ebd71a5cd757205cd05d3460d93e26
temporal_2022,endowment/seed-2,Poland/Łódź/Chojny,False,False,True,False,True,0.0,-2.42861286636753e-17,0.0,0.0,0.0,36af3c36790ef8d0a42047f826d8890bba0bad0ac5d38cec407718ac7c327dbb,36af3c36790ef8d0a42047f826d8890bba0bad0ac5d38cec407718ac7c327dbb
temporal_2022,endowment/seed-2,Poland/Łódź/Chojny-Dąbrowa,False,False,True,False,True,0.0,-3.2959746043559335e-17,0.0,0.0,0.0,59c4e36fec82e338c4353d77f63170d2b85dd5e0995ed73c82f9220d1df83ff6,59c4e36fec82e338c4353d77f63170d2b85dd5e0995ed73c82f9220d1df83ff6
temporal_2022,endowment/seed-2,Poland/Łódź/Dolina Łódki,False,False,True,True,True,0.0,0.0,0.0,0.0,0.0,9e29cff8a2091b1e388e47348cd309f83d66e3ba102008414cfe0fba1f9f7395,9e29cff8a2091b1e388e47348cd309f83d66e3ba102008414cfe0fba1f9f7395
temporal_2022,endowment/seed-2,Poland/Łódź/Górniak,False,False,True,False,True,0.0,-3.122502256758253e-17,0.0,0.0,0.0,67da4059f437cbef616b0edb765f8377812f6410ed19e4b6c62cb65792af0e15,67da4059f437cbef616b0edb765f8377812f6410ed19e4b6c62cb65792af0e15
temporal_2022,endowment/seed-2,Poland/Łódź/Im. Józefa Montwiłła-Mireckiego,False,False,True,False,True,0.0,5.204170427930421e-18,0.0,0.0,0.0,9869cfcc29109e207291c10288619c1a43e0999490cf04450c5ae3e6f8048c99,9869cfcc29109e207291c10288619c1a43e0999490cf04450c5ae3e6f8048c99
temporal_2022,endowment/seed-2,Poland/Łódź/Julianów-Marysin-Rogi,False,False,True,False,True,1.249000902703301e-16,-8.673617379884035e-18,0.0,0.0,0.0,28eaf7f484b9c484f70af7e3c30568b8b8bd1bab5ab715829926d782b4bc1fb5,28eaf7f484b9c484f70af7e3c30568b8b8bd1bab5ab715829926d782b4bc1fb5
temporal_2022,endowment/seed-2,Poland/Łódź/Karolew-Retkinia Wschód,False,False,True,False,True,0.0,6.938893903907228e-18,0.0,0.0,0.0,8d33cc1498ecd54f0a4ec5bbf271bcc117923acea9d0e65819709e4ac80e67c4,8d33cc1498ecd54f0a4ec5bbf271bcc117923acea9d0e65819709e4ac80e67c4
temporal_2022,endowment/seed-2,Poland/Łódź/Katedralna,False,False,True,False,True,0.0,5.204170427930421e-18,0.0,0.0,0.0,21c980f1af58ff8947fbc63df1cf0707985de8b993a6899b55437a3ee8e4aed2,21c980f1af58ff8947fbc63df1cf0707985de8b993a6899b55437a3ee8e4aed2
temporal_2022,endowment/seed-2,Poland/Łódź/Koziny,False,False,True,False,True,0.0,3.122502256758253e-17,0.0,0.0,0.0,80b22ae93fb2e7baea446f3c7a30f23595ca21d25680a375a14cb9e325a22bc3,80b22ae93fb2e7baea446f3c7a30f23595ca21d25680a375a14cb9e325a22bc3
temporal_2022,endowment/seed-2,Poland/Łódź/Lublinek-Pienista,False,False,True,False,True,0.0,6.071532165918825e-17,0.0,0.0,0.0,fde2b78daaa70c2b47bbcf12597294630202dbea82a3eba0b4e4477d7673a790,fde2b78daaa70c2b47bbcf12597294630202dbea82a3eba0b4e4477d7673a790
temporal_2022,endowment/seed-2,Poland/Łódź/Mileszki,False,False,True,False,True,0.0,-3.5128150388530344e-17,0.0,0.0,0.0,eb81646f8fd624fccbf6d810552dab2e357392e89e0400e01beacfd184e8d734,eb81646f8fd624fccbf6d810552dab2e357392e89e0400e01beacfd184e8d734
temporal_2022,endowment/seed-2,Poland/Łódź/Nad Nerem,False,False,True,False,True,-1.3877787807814457e-16,-1.734723475976807e-17,0.0,0.0,0.0,576c24439f4539b3d87a2d2a5599db6ea15c57ce8bdf7049791248664b2ef5e8,576c24439f4539b3d87a2d2a5599db6ea15c57ce8bdf7049791248664b2ef5e8
temporal_2022,endowment/seed-2,Poland/Łódź/Nowosolna,False,False,True,False,True,-1.1102230246251565e-16,5.204170427930421e-18,0.0,0.0,0.0,ad963ef709c5c2ce32c0d6b8427d0ea21809bd564f1f488f154d72dc71fbe2b3,ad963ef709c5c2ce32c0d6b8427d0ea21809bd564f1f488f154d72dc71fbe2b3
temporal_2022,endowment/seed-2,Poland/Łódź/Nr 33,False,False,True,False,True,0.0,-7.632783294297951e-17,0.0,0.0,0.0,e1f0d1e1d2756262bf73059c12416223ec24d5296245fd2255a813616e1f874a,e1f0d1e1d2756262bf73059c12416223ec24d5296245fd2255a813616e1f874a
temporal_2022,endowment/seed-2,Poland/Łódź/Olechów-Janów,False,False,True,False,True,0.0,-1.3877787807814457e-17,0.0,0.0,0.0,2a34f5c86acc8d5f789bed03fcedc141dd7307a442abd0728c64795a060c4012,2a34f5c86acc8d5f789bed03fcedc141dd7307a442abd0728c64795a060c4012
temporal_2022,endowment/seed-2,Poland/Łódź/Piastów-Kurak,False,False,True,False,True,0.0,-4.336808689942018e-18,0.0,0.0,0.0,e4245f64f8d3834974da03200767a90ad56ca955fd0e885a32b6fb042d272491,e4245f64f8d3834974da03200767a90ad56ca955fd0e885a32b6fb042d272491
temporal_2022,endowment/seed-2,Poland/Łódź/Radogoszcz,False,False,True,False,True,0.0,7.470152968425126e-17,0.0,0.0,0.0,69d755b807a099d3089f9b51290bc79690b7f1b2b16ebff649eaefd20f286888,69d755b807a099d3089f9b51290bc79690b7f1b2b16ebff649eaefd20f286888
temporal_2022,endowment/seed-2,Poland/Łódź/Retkinia Zachód-Smulsko,False,False,True,False,True,0.0,-1.9949319973733282e-17,0.0,0.0,0.0,5712d224dd38b78f7d22647f3a421a19452347ee5c9c90208b7358e6df15147a,5712d224dd38b78f7d22647f3a421a19452347ee5c9c90208b7358e6df15147a
temporal_2022,endowment/seed-2,Poland/Łódź/Rokicie,False,False,True,False,True,-9.71445146547012e-17,3.469446951953614e-18,0.0,0.0,0.0,a0134208c28d89104b704e107fb232f85ce5d119b9f1ad12a88e57bf6394f1b1,a0134208c28d89104b704e107fb232f85ce5d119b9f1ad12a88e57bf6394f1b1
temporal_2022,endowment/seed-2,Poland/Łódź/Ruda,False,False,True,False,True,1.3877787807814457e-16,7.892991815694472e-17,0.0,0.0,0.0,673cb54ffba78367a2d2daec13a5bb42f4a3873226e269c48be97d802ad74c5b,673cb54ffba78367a2d2daec13a5bb42f4a3873226e269c48be97d802ad74c5b
temporal_2022,endowment/seed-2,Poland/Łódź/Stare Polesie,False,False,True,False,True,0.0,-8.673617379884035e-18,0.0,0.0,0.0,a6d4ad9950da047e5393ec749387df93f2dd9d9d273d83591840694324345623,a6d4ad9950da047e5393ec749387df93f2dd9d9d273d83591840694324345623
temporal_2022,endowment/seed-2,Poland/Łódź/Stary Widzew,False,False,True,True,True,0.0,0.0,0.0,0.0,0.0,bb3fca4a248b70a7eab742ed7cd9208aca276fc1b5b23915cd29b041b53c4f5d,bb3fca4a248b70a7eab742ed7cd9208aca276fc1b5b23915cd29b041b53c4f5d
temporal_2022,endowment/seed-2,Poland/Łódź/Stoki-Sikawa-Podgórze,False,False,True,False,True,0.0,3.469446951953614e-18,0.0,0.0,0.0,daa7387b6e7d247064b525fce9d7f88245781b913243c1e6b696c092635d6853,daa7387b6e7d247064b525fce9d7f88245781b913243c1e6b696c092635d6853
temporal_2022,endowment/seed-2,Poland/Łódź/Teofilów-Wielkopolska,False,False,True,False,True,-1.1102230246251565e-16,-3.469446951953614e-18,0.0,0.0,0.0,bde80137cec518b39d3d28b0137a62dcf9da9bc55c84d06ec60eef97d2645c46,bde80137cec518b39d3d28b0137a62dcf9da9bc55c84d06ec60eef97d2645c46
temporal_2022,endowment/seed-2,Poland/Łódź/Widzew-Wschód,False,False,True,False,True,2.3592239273284576e-16,-4.5102810375396984e-17,0.0,0.0,0.0,d48edb2b735948a0268977fa0823c81dcdca831cb2bef2d0f830079cbb9aabd7,d48edb2b735948a0268977fa0823c81dcdca831cb2bef2d0f830079cbb9aabd7
temporal_2022,endowment/seed-2,Poland/Łódź/Wiskitno,False,False,True,False,True,0.0,1.5612511283791264e-17,0.0,0.0,0.0,3034e9895daafaa56836a7f46dc33cd672ad2cf58a4212da3302754bf7615e18,3034e9895daafaa56836a7f46dc33cd672ad2cf58a4212da3302754bf7615e18
temporal_2022,endowment/seed-2,Poland/Łódź/Wzniesień Łódzkich,False,False,True,True,True,0.0,0.0,0.0,0.0,0.0,15e40bee0eccd634240ed0ef142335055128fc770ab653ff310fd309fc2cf1d0,15e40bee0eccd634240ed0ef142335055128fc770ab653ff310fd309fc2cf1d0
temporal_2022,endowment/seed-2,Poland/Łódź/Zarzew,False,False,True,False,True,0.0,3.9898639947466563e-17,0.0,0.0,0.0,e54026b0d5e90281d031ae9a4f907494f24a2b2f7c8bb7ee656e1204b960677c,e54026b0d5e90281d031ae9a4f907494f24a2b2f7c8bb7ee656e1204b960677c
temporal_2022,endowment/seed-2,Poland/Łódź/Zdrowie-Mania,False,False,True,False,True,0.0,3.8163916471489756e-17,0.0,0.0,0.0,f33f4cd10514f2e843f4476def5a7fe216221df4770c4be7b3eb3ac7663998ea,f33f4cd10514f2e843f4476def5a7fe216221df4770c4be7b3eb3ac7663998ea
temporal_2022,endowment/seed-2,Poland/Łódź/Złotno,False,False,True,False,True,1.6653345369377348e-16,-4.163336342344337e-17,0.0,0.0,0.0,76fa6c98949dd337ba169e0e540c963e2a7fc39ea2a92b530e6890a941dcabaa,76fa6c98949dd337ba169e0e540c963e2a7fc39ea2a92b530e6890a941dcabaa
temporal_2022,endowment/seed-2,Poland/Łódź/Łagiewniki,False,False,True,False,True,0.0,1.3877787807814457e-17,0.0,0.0,0.0,919a1bf2237947ea1e890a4ae84f484035ce5e7ad55807eb5f51aed6269f7d04,919a1bf2237947ea1e890a4ae84f484035ce5e7ad55807eb5f51aed6269f7d04
temporal_2022,endowment/seed-2,Poland/Łódź/Śródmieście-Wschód,False,False,True,False,True,0.0,5.637851296924623e-17,0.0,0.0,0.0,2832947f8784e0d9dc00aa10b5fd10aaf2e82b17c18b52c9df202745bb9cfd67,2832947f8784e0d9dc00aa10b5fd10aaf2e82b17c18b52c9df202745bb9cfd67
temporal_2022,endowment/seed-42,Poland/Gdynia/Babie Doły | large,False,False,True,True,True,0.0,0.0,0.0,0.0,0.0,57b44a448920b0bed9a81fea0d3e202070596f690f9e9068bb18757a41503661,57b44a448920b0bed9a81fea0d3e202070596f690f9e9068bb18757a41503661
temporal_2022,endowment/seed-42,Poland/Gdynia/Chwarzno-Wiczlino | large,False,False,True,True,True,0.0,0.0,0.0,0.0,0.0,74e661addbada410d3217d9b69b90dbc2a01fff60dec28d692fcb4e9c7bbc167,74e661addbada410d3217d9b69b90dbc2a01fff60dec28d692fcb4e9c7bbc167
temporal_2022,endowment/seed-42,Poland/Gdynia/Chylonia | large,False,False,True,False,True,0.0,-1.5612511283791264e-17,0.0,0.0,0.0,c14a833feda6cbfb08596b93b47718954cadd591f3bb88a7dc238f3e743546d9,c14a833feda6cbfb08596b93b47718954cadd591f3bb88a7dc238f3e743546d9
temporal_2022,endowment/seed-42,Poland/Gdynia/Cisowa | large,False,False,True,False,True,0.0,4.163336342344337e-17,0.0,0.0,0.0,5ff5d249432a18c6e83fc9742d3507a32b33ec130991bc2513d2e2eab44bd1fe,5ff5d249432a18c6e83fc9742d3507a32b33ec130991bc2513d2e2eab44bd1fe
temporal_2022,endowment/seed-42,Poland/Gdynia/Działki Leśne | large,False,False,True,True,True,0.0,0.0,0.0,0.0,0.0,a33f187f4f15474374d320215a6625280771c9390ce0db3a58813e8bd30df574,a33f187f4f15474374d320215a6625280771c9390ce0db3a58813e8bd30df574
temporal_2022,endowment/seed-42,Poland/Gdynia/Dąbrowa | large,False,False,True,True,True,0.0,0.0,0.0,0.0,0.0,b51f3d912f43b977f8ae3a38a0580c56e82da0a6ee79dd177155b078a1722eb6,b51f3d912f43b977f8ae3a38a0580c56e82da0a6ee79dd177155b078a1722eb6
temporal_2022,endowment/seed-42,Poland/Gdynia/Grabówek | large,False,False,True,True,True,0.0,0.0,0.0,0.0,0.0,eb711f6a15debe63a6d3b9aaf5e75b8837b05f500714a9e9a24233b74484dfab,eb711f6a15debe63a6d3b9aaf5e75b8837b05f500714a9e9a24233b74484dfab
temporal_2022,endowment/seed-42,Poland/Gdynia/Kamienna Góra | large,False,False,True,True,True,0.0,0.0,0.0,0.0,0.0,3ccbc44775c57724a2e25f940290122a9f0ed4da67771e87e931942570df4588,3ccbc44775c57724a2e25f940290122a9f0ed4da67771e87e931942570df4588
temporal_2022,endowment/seed-42,Poland/Gdynia/Karwiny | large,False,False,True,True,True,0.0,0.0,0.0,0.0,0.0,39c9a88f60c12afdabf3d137ef2e54c48407eae645ae4d676b07a330968a1c94,39c9a88f60c12afdabf3d137ef2e54c48407eae645ae4d676b07a330968a1c94
temporal_2022,endowment/seed-42,Poland/Gdynia/Leszczynki | large,False,False,True,True,True,0.0,0.0,0.0,0.0,0.0,06312b27b138e8a0ffd26b30499450ada182d3bbf2fc14f897e12959976cb732,06312b27b138e8a0ffd26b30499450ada182d3bbf2fc14f897e12959976cb732
temporal_2022,endowment/seed-42,Poland/Gdynia/Mały Kack | large,False,False,True,False,True,0.0,1.0842021724855044e-17,0.0,0.0,0.0,21561928784d6d3321ba663dbc8b9b8ac3f9cadb489518cb99fbdd80fb05207a,21561928784d6d3321ba663dbc8b9b8ac3f9cadb489518cb99fbdd80fb05207a
temporal_2022,endowment/seed-42,Poland/Gdynia/Obłuże | large,False,False,True,True,True,0.0,0.0,0.0,0.0,0.0,2193bffd346de6e90a723875680b33c657316b211d4572373c346718cfd3d41d,2193bffd346de6e90a723875680b33c657316b211d4572373c346718cfd3d41d
temporal_2022,endowment/seed-42,Poland/Gdynia/Oksywie | large,False,False,True,True,True,0.0,0.0,0.0,0.0,0.0,bdcc84009dafcc4792da64abb5efc481ac0c30230dbe5db8c2f41a45bc59ae29,bdcc84009dafcc4792da64abb5efc481ac0c30230dbe5db8c2f41a45bc59ae29
temporal_2022,endowment/seed-42,Poland/Gdynia/Orłowo | large,False,False,True,True,True,0.0,0.0,0.0,0.0,0.0,2e99e101a4b0e206ba114570d1306617794ada44e7694e6f869c639f7d3da306,2e99e101a4b0e206ba114570d1306617794ada44e7694e6f869c639f7d3da306
temporal_2022,endowment/seed-42,Poland/Gdynia/Pogórze | large,False,False,True,True,True,0.0,0.0,0.0,0.0,0.0,3b87ca31251e004bfdf67e22eb1eb4a765e105af99cc99229734f621621221c6,3b87ca31251e004bfdf67e22eb1eb4a765e105af99cc99229734f621621221c6
temporal_2022,endowment/seed-42,Poland/Gdynia/Pustki Cisowskie-Demptowo | large,False,False,True,False,True,0.0,1.9081958235744878e-17,0.0,0.0,0.0,a8b68cd05c22331aab155aac2b02f728b4449cacc1c4f29fb9109eadd267388e,a8b68cd05c22331aab155aac2b02f728b4449cacc1c4f29fb9109eadd267388e
temporal_2022,endowment/seed-42,Poland/Gdynia/Redłowo | large,False,False,True,True,True,0.0,0.0,0.0,0.0,0.0,b2a7890b0bc7366092390e05841e3d7e67a284e4fcae737d3f995a9341cbcadc,b2a7890b0bc7366092390e05841e3d7e67a284e4fcae737d3f995a9341cbcadc
temporal_2022,endowment/seed-42,Poland/Gdynia/Wielki Kack | large,False,False,True,True,True,0.0,0.0,0.0,0.0,0.0,2bd308c18fb68f5d81b5246f2264216dd59c1277beb0a842d25549309ff63d54,2bd308c18fb68f5d81b5246f2264216dd59c1277beb0a842d25549309ff63d54
temporal_2022,endowment/seed-42,Poland/Gdynia/Witomino | large,False,False,True,False,True,0.0,1.734723475976807e-17,0.0,0.0,0.0,15183ba76a68430c37c5bd4b277ad5c073ebd0c804e7c9f201b54ee4f9dd726d,15183ba76a68430c37c5bd4b277ad5c073ebd0c804e7c9f201b54ee4f9dd726d
temporal_2022,endowment/seed-42,Poland/Gdynia/Wzgórze Św. Maksymiliana | large,False,False,True,True,True,0.0,0.0,0.0,0.0,0.0,80218bab76933d97f9421e7f85b7fa87b80ffe72e34dd46f88cf6b88cf6f691b,80218bab76933d97f9421e7f85b7fa87b80ffe72e34dd46f88cf6b88cf6f691b
temporal_2022,endowment/seed-42,Poland/Gdynia/Śródmieście | large,False,False,True,True,True,0.0,0.0,0.0,0.0,0.0,a0bcca1aecb628368aefea0e4d0f285bf0349d62beb63498356685c1aad3057d,a0bcca1aecb628368aefea0e4d0f285bf0349d62beb63498356685c1aad3057d
temporal_2022,endowment/seed-42,Poland/Warszawa/Bemowo,False,False,True,False,True,0.0,1.0408340855860843e-17,0.0,0.0,0.0,6f01e6e20025be0af5c65c0352e8596ec0a19a298ad8ee2fe50eeacb91842975,6f01e6e20025be0af5c65c0352e8596ec0a19a298ad8ee2fe50eeacb91842975
temporal_2022,endowment/seed-42,Poland/Warszawa/Białołęka,False,False,True,False,True,0.0,-3.469446951953614e-17,0.0,0.0,0.0,9b3c1510a7369aaa55090d63902fd8195604ba80ede2e5382397515495c81ff6,9b3c1510a7369aaa55090d63902fd8195604ba80ede2e5382397515495c81ff6
temporal_2022,endowment/seed-42,Poland/Warszawa/Bielany,False,False,True,False,True,2.220446049250313e-16,-1.0755285551056204e-16,0.0,0.0,0.0,bf1bbf9c4706dbc85cdec9d6c67453621de58092f6bc619b3d2d9b07ac3ad3e9,bf1bbf9c4706dbc85cdec9d6c67453621de58092f6bc619b3d2d9b07ac3ad3e9
temporal_2022,endowment/seed-42,Poland/Warszawa/Mokotów,False,False,True,False,True,2.220446049250313e-16,2.7755575615628914e-17,0.0,0.0,0.0,04d196622719aa835a722aebb673f2f30ac66be1a2281c366f3a9aa89030ac93,04d196622719aa835a722aebb673f2f30ac66be1a2281c366f3a9aa89030ac93
temporal_2022,endowment/seed-42,Poland/Warszawa/Ochota,False,False,True,False,True,-1.3877787807814457e-16,-3.469446951953614e-17,0.0,0.0,0.0,cb2e2caccc24683d0e3fdc415c5cd77a9ca7849d3f7e67868429f95a3936178d,cb2e2caccc24683d0e3fdc415c5cd77a9ca7849d3f7e67868429f95a3936178d
temporal_2022,endowment/seed-42,Poland/Warszawa/Praga-Południe,False,False,True,False,True,0.0,1.3877787807814457e-17,0.0,0.0,0.0,11bbacc6b9866b4cd905704f439e496a78cf1f57746e2a7a7da1f1711d3fdf4b,11bbacc6b9866b4cd905704f439e496a78cf1f57746e2a7a7da1f1711d3fdf4b
temporal_2022,endowment/seed-42,Poland/Warszawa/Praga-Północ,False,False,True,False,True,0.0,3.469446951953614e-18,0.0,0.0,0.0,50bbf8c9f787eb192633d326af47cd5da7a09d4e6634875babf13717b8bb2c8d,50bbf8c9f787eb192633d326af47cd5da7a09d4e6634875babf13717b8bb2c8d
temporal_2022,endowment/seed-42,Poland/Warszawa/Rembertów,False,False,True,False,True,-1.3877787807814457e-16,7.632783294297951e-17,0.0,0.0,0.0,cc52fa623157712d9e360f656b515d1caae6168a05b02fc0af833f72ef77f981,cc52fa623157712d9e360f656b515d1caae6168a05b02fc0af833f72ef77f981
temporal_2022,endowment/seed-42,Poland/Warszawa/Targówek,False,False,True,False,True,0.0,-2.7755575615628914e-17,0.0,0.0,0.0,8b24979940a267f6709648d5eace7e61b97c0b780fff41d564e5c424ccfb08ba,8b24979940a267f6709648d5eace7e61b97c0b780fff41d564e5c424ccfb08ba
temporal_2022,endowment/seed-42,Poland/Warszawa/Ursus,False,False,True,False,True,-1.3877787807814457e-16,0.0,0.0,0.0,0.0,73a8e354093ae84cc6805176407e173f0e15ea9354ddeb101a8ac43174f3f711,73a8e354093ae84cc6805176407e173f0e15ea9354ddeb101a8ac43174f3f711
temporal_2022,endowment/seed-42,Poland/Warszawa/Ursynów,False,False,True,False,True,0.0,3.122502256758253e-17,0.0,0.0,0.0,c12fe2f6df153756b07964db38890de929da93cb1ea9b7be14a4d1fa6ae35a1a,c12fe2f6df153756b07964db38890de929da93cb1ea9b7be14a4d1fa6ae35a1a
temporal_2022,endowment/seed-42,Poland/Warszawa/Wawer,False,False,True,False,True,1.1102230246251565e-16,2.0816681711721685e-17,0.0,0.0,0.0,1c2094be849f4d8c11bdfeaa0fc1ca99d2486e5b0bc33917fce705d335efa94c,1c2094be849f4d8c11bdfeaa0fc1ca99d2486e5b0bc33917fce705d335efa94c
temporal_2022,endowment/seed-42,Poland/Warszawa/Wesoła,False,False,True,False,True,0.0,-9.71445146547012e-17,0.0,0.0,0.0,2c2196866304c40a91b6b14b21f9a44d4d19161828ac337cb2761d10eae4ef04,2c2196866304c40a91b6b14b21f9a44d4d19161828ac337cb2761d10eae4ef04
temporal_2022,endowment/seed-42,Poland/Warszawa/Wilanów,False,False,True,False,True,-1.1102230246251565e-16,2.0816681711721685e-17,0.0,0.0,0.0,95e3b294889638d351845078d7354d2f350d44cf87cc045bbfbedc8e6f5d4968,95e3b294889638d351845078d7354d2f350d44cf87cc045bbfbedc8e6f5d4968
temporal_2022,endowment/seed-42,Poland/Warszawa/Wola,False,True,True,False,True,1.3877787807814457e-16,6.938893903907228e-17,0.0,0.0,0.0,e0205b47c73de60f5a7aecb464eb2348137f79eeb13ced0310f478b5801ad25a,e0205b47c73de60f5a7aecb464eb2348137f79eeb13ced0310f478b5801ad25a
temporal_2022,endowment/seed-42,Poland/Warszawa/Włochy,False,False,True,False,True,-2.3592239273284576e-16,-1.249000902703301e-16,0.0,0.0,0.0,0d9875e3dd662b26dba7870a3830f8301e7ecd2463507fd98a1bccf26c784ffd,0d9875e3dd662b26dba7870a3830f8301e7ecd2463507fd98a1bccf26c784ffd
temporal_2022,endowment/seed-42,Poland/Warszawa/Śródmieście,False,False,True,False,True,0.0,-6.938893903907228e-18,0.0,0.0,0.0,7b61e240fab3c8e82159aa3b9e9f49d7a8820f1cebf145c6fa7adef7ab7bdf0f,7b61e240fab3c8e82159aa3b9e9f49d7a8820f1cebf145c6fa7adef7ab7bdf0f
temporal_2022,endowment/seed-42,Poland/Warszawa/Żoliborz,False,False,True,False,True,5.551115123125783e-17,1.3877787807814457e-17,0.0,0.0,0.0,dcfefa08c9daff202dd7af6cd25d49c4f2f2bc031b48767007d8e1fd66150ba7,dcfefa08c9daff202dd7af6cd25d49c4f2f2bc031b48767007d8e1fd66150ba7
temporal_2022,endowment/seed-42,Poland/Łódź/Andrzejów,False,False,True,False,True,1.1102230246251565e-16,1.734723475976807e-17,0.0,0.0,0.0,6aae6a1ebb50556c17733cf946b48acecae48f090b505bffb05be9cc45068af4,6aae6a1ebb50556c17733cf946b48acecae48f090b505bffb05be9cc45068af4
temporal_2022,endowment/seed-42,Poland/Łódź/Bałuty Zachodnie,False,False,True,False,True,-8.326672684688674e-17,-3.469446951953614e-17,0.0,0.0,0.0,0f16418586d11c549be01ab16c4590d7210e1934b8297b29836207fa923ce536,0f16418586d11c549be01ab16c4590d7210e1934b8297b29836207fa923ce536
temporal_2022,endowment/seed-42,Poland/Łódź/Bałuty-Centrum,False,False,True,False,True,-1.942890293094024e-16,-1.5612511283791264e-17,0.0,0.0,0.0,65221e403f5d6e402b6be4999fb5c176476f10d757b6a9c455c7eb1ff6e3e312,65221e403f5d6e402b6be4999fb5c176476f10d757b6a9c455c7eb1ff6e3e312
temporal_2022,endowment/seed-42,Poland/Łódź/Bałuty-Doły,False,False,True,True,True,0.0,0.0,0.0,0.0,0.0,fc65b9d392a4e6429fc1215c6c878f69e6ebd71a5cd757205cd05d3460d93e26,fc65b9d392a4e6429fc1215c6c878f69e6ebd71a5cd757205cd05d3460d93e26
temporal_2022,endowment/seed-42,Poland/Łódź/Chojny,False,False,True,False,True,0.0,-6.938893903907228e-18,0.0,0.0,0.0,05de0de76acb3ef8b88d2aec7000cea7ce16aa1edb3323d581a83b43176b3382,05de0de76acb3ef8b88d2aec7000cea7ce16aa1edb3323d581a83b43176b3382
temporal_2022,endowment/seed-42,Poland/Łódź/Chojny-Dąbrowa,False,False,True,False,True,0.0,-3.2959746043559335e-17,0.0,0.0,0.0,59c4e36fec82e338c4353d77f63170d2b85dd5e0995ed73c82f9220d1df83ff6,59c4e36fec82e338c4353d77f63170d2b85dd5e0995ed73c82f9220d1df83ff6
temporal_2022,endowment/seed-42,Poland/Łódź/Dolina Łódki,False,False,True,False,True,5.551115123125783e-17,6.938893903907228e-18,0.0,0.0,0.0,ea82fdd65dd1d3757144f4ec12ae9325a27a044c34d6d17937d3eb9f5d246bad,ea82fdd65dd1d3757144f4ec12ae9325a27a044c34d6d17937d3eb9f5d246bad
temporal_2022,endowment/seed-42,Poland/Łódź/Górniak,False,False,True,False,True,0.0,-3.122502256758253e-17,0.0,0.0,0.0,67da4059f437cbef616b0edb765f8377812f6410ed19e4b6c62cb65792af0e15,67da4059f437cbef616b0edb765f8377812f6410ed19e4b6c62cb65792af0e15
temporal_2022,endowment/seed-42,Poland/Łódź/Im. Józefa Montwiłła-Mireckiego,False,False,True,False,True,0.0,-2.7755575615628914e-17,0.0,0.0,0.0,a3d8797a884dcec624b0403b95bfc303955bcb1983b658c4e54d1b1673910843,a3d8797a884dcec624b0403b95bfc303955bcb1983b658c4e54d1b1673910843
temporal_2022,endowment/seed-42,Poland/Łódź/Julianów-Marysin-Rogi,False,False,True,False,True,1.249000902703301e-16,-8.673617379884035e-18,0.0,0.0,0.0,28eaf7f484b9c484f70af7e3c30568b8b8bd1bab5ab715829926d782b4bc1fb5,28eaf7f484b9c484f70af7e3c30568b8b8bd1bab5ab715829926d782b4bc1fb5
temporal_2022,endowment/seed-42,Poland/Łódź/Karolew-Retkinia Wschód,False,False,True,False,True,0.0,6.938893903907228e-18,0.0,0.0,0.0,8d33cc1498ecd54f0a4ec5bbf271bcc117923acea9d0e65819709e4ac80e67c4,8d33cc1498ecd54f0a4ec5bbf271bcc117923acea9d0e65819709e4ac80e67c4
temporal_2022,endowment/seed-42,Poland/Łódź/Katedralna,False,False,True,False,True,0.0,5.204170427930421e-18,0.0,0.0,0.0,21c980f1af58ff8947fbc63df1cf0707985de8b993a6899b55437a3ee8e4aed2,21c980f1af58ff8947fbc63df1cf0707985de8b993a6899b55437a3ee8e4aed2
temporal_2022,endowment/seed-42,Poland/Łódź/Koziny,False,False,True,False,True,0.0,3.122502256758253e-17,0.0,0.0,0.0,80b22ae93fb2e7baea446f3c7a30f23595ca21d25680a375a14cb9e325a22bc3,80b22ae93fb2e7baea446f3c7a30f23595ca21d25680a375a14cb9e325a22bc3
temporal_2022,endowment/seed-42,Poland/Łódź/Lublinek-Pienista,False,False,True,False,True,0.0,6.071532165918825e-17,0.0,0.0,0.0,fde2b78daaa70c2b47bbcf12597294630202dbea82a3eba0b4e4477d7673a790,fde2b78daaa70c2b47bbcf12597294630202dbea82a3eba0b4e4477d7673a790
temporal_2022,endowment/seed-42,Poland/Łódź/Mileszki,False,False,True,False,True,0.0,-3.5128150388530344e-17,0.0,0.0,0.0,eb81646f8fd624fccbf6d810552dab2e357392e89e0400e01beacfd184e8d734,eb81646f8fd624fccbf6d810552dab2e357392e89e0400e01beacfd184e8d734
temporal_2022,endowment/seed-42,Poland/Łódź/Nad Nerem,False,False,True,False,True,-1.3877787807814457e-16,-1.734723475976807e-17,0.0,0.0,0.0,576c24439f4539b3d87a2d2a5599db6ea15c57ce8bdf7049791248664b2ef5e8,576c24439f4539b3d87a2d2a5599db6ea15c57ce8bdf7049791248664b2ef5e8
temporal_2022,endowment/seed-42,Poland/Łódź/Nowosolna,False,False,True,False,True,-1.1102230246251565e-16,5.204170427930421e-18,0.0,0.0,0.0,ad963ef709c5c2ce32c0d6b8427d0ea21809bd564f1f488f154d72dc71fbe2b3,ad963ef709c5c2ce32c0d6b8427d0ea21809bd564f1f488f154d72dc71fbe2b3
temporal_2022,endowment/seed-42,Poland/Łódź/Nr 33,False,False,True,False,True,0.0,-4.5102810375396984e-17,0.0,0.0,0.0,d72fc558b22f17f7eef574e3c60738631d6a6c86013bd0e4ed26be29cbc71320,d72fc558b22f17f7eef574e3c60738631d6a6c86013bd0e4ed26be29cbc71320
temporal_2022,endowment/seed-42,Poland/Łódź/Olechów-Janów,False,False,True,False,True,0.0,-1.3877787807814457e-17,0.0,0.0,0.0,2a34f5c86acc8d5f789bed03fcedc141dd7307a442abd0728c64795a060c4012,2a34f5c86acc8d5f789bed03fcedc141dd7307a442abd0728c64795a060c4012
temporal_2022,endowment/seed-42,Poland/Łódź/Piastów-Kurak,False,False,True,False,True,0.0,-4.336808689942018e-18,0.0,0.0,0.0,e4245f64f8d3834974da03200767a90ad56ca955fd0e885a32b6fb042d272491,e4245f64f8d3834974da03200767a90ad56ca955fd0e885a32b6fb042d272491
temporal_2022,endowment/seed-42,Poland/Łódź/Radogoszcz,False,False,True,False,True,0.0,7.470152968425126e-17,0.0,0.0,0.0,69d755b807a099d3089f9b51290bc79690b7f1b2b16ebff649eaefd20f286888,69d755b807a099d3089f9b51290bc79690b7f1b2b16ebff649eaefd20f286888
temporal_2022,endowment/seed-42,Poland/Łódź/Retkinia Zachód-Smulsko,False,False,True,False,True,0.0,-1.9949319973733282e-17,0.0,0.0,0.0,5712d224dd38b78f7d22647f3a421a19452347ee5c9c90208b7358e6df15147a,5712d224dd38b78f7d22647f3a421a19452347ee5c9c90208b7358e6df15147a
temporal_2022,endowment/seed-42,Poland/Łódź/Rokicie,False,False,True,False,True,-9.71445146547012e-17,3.469446951953614e-18,0.0,0.0,0.0,a0134208c28d89104b704e107fb232f85ce5d119b9f1ad12a88e57bf6394f1b1,a0134208c28d89104b704e107fb232f85ce5d119b9f1ad12a88e57bf6394f1b1
temporal_2022,endowment/seed-42,Poland/Łódź/Ruda,False,False,True,False,True,1.3877787807814457e-16,7.892991815694472e-17,0.0,0.0,0.0,673cb54ffba78367a2d2daec13a5bb42f4a3873226e269c48be97d802ad74c5b,673cb54ffba78367a2d2daec13a5bb42f4a3873226e269c48be97d802ad74c5b
temporal_2022,endowment/seed-42,Poland/Łódź/Stare Polesie,False,False,True,False,True,-1.3877787807814457e-16,-2.6020852139652106e-17,0.0,0.0,0.0,a460e1a06eb73a488792a0b790bb1d4d45535a3991e56be855ba69c97aeb17cc,a460e1a06eb73a488792a0b790bb1d4d45535a3991e56be855ba69c97aeb17cc
temporal_2022,endowment/seed-42,Poland/Łódź/Stary Widzew,False,False,True,True,True,0.0,0.0,0.0,0.0,0.0,bb3fca4a248b70a7eab742ed7cd9208aca276fc1b5b23915cd29b041b53c4f5d,bb3fca4a248b70a7eab742ed7cd9208aca276fc1b5b23915cd29b041b53c4f5d
temporal_2022,endowment/seed-42,Poland/Łódź/Stoki-Sikawa-Podgórze,False,False,True,False,True,0.0,3.469446951953614e-18,0.0,0.0,0.0,daa7387b6e7d247064b525fce9d7f88245781b913243c1e6b696c092635d6853,daa7387b6e7d247064b525fce9d7f88245781b913243c1e6b696c092635d6853
temporal_2022,endowment/seed-42,Poland/Łódź/Teofilów-Wielkopolska,False,False,True,False,True,-1.1102230246251565e-16,-3.469446951953614e-18,0.0,0.0,0.0,bde80137cec518b39d3d28b0137a62dcf9da9bc55c84d06ec60eef97d2645c46,bde80137cec518b39d3d28b0137a62dcf9da9bc55c84d06ec60eef97d2645c46
temporal_2022,endowment/seed-42,Poland/Łódź/Widzew-Wschód,False,False,True,False,True,2.3592239273284576e-16,-4.5102810375396984e-17,0.0,0.0,0.0,d48edb2b735948a0268977fa0823c81dcdca831cb2bef2d0f830079cbb9aabd7,d48edb2b735948a0268977fa0823c81dcdca831cb2bef2d0f830079cbb9aabd7
temporal_2022,endowment/seed-42,Poland/Łódź/Wiskitno,False,False,True,False,True,0.0,1.5612511283791264e-17,0.0,0.0,0.0,3034e9895daafaa56836a7f46dc33cd672ad2cf58a4212da3302754bf7615e18,3034e9895daafaa56836a7f46dc33cd672ad2cf58a4212da3302754bf7615e18
temporal_2022,endowment/seed-42,Poland/Łódź/Wzniesień Łódzkich,False,False,True,True,True,0.0,0.0,0.0,0.0,0.0,15e40bee0eccd634240ed0ef142335055128fc770ab653ff310fd309fc2cf1d0,15e40bee0eccd634240ed0ef142335055128fc770ab653ff310fd309fc2cf1d0
temporal_2022,endowment/seed-42,Poland/Łódź/Zarzew,False,False,True,False,True,0.0,3.9898639947466563e-17,0.0,0.0,0.0,e54026b0d5e90281d031ae9a4f907494f24a2b2f7c8bb7ee656e1204b960677c,e54026b0d5e90281d031ae9a4f907494f24a2b2f7c8bb7ee656e1204b960677c
temporal_2022,endowment/seed-42,Poland/Łódź/Zdrowie-Mania,False,False,True,False,True,0.0,7.37257477290143e-17,0.0,0.0,0.0,6f350e84c3fe498e224de5162208a8a0642c5b77c50f2d4a3fe1efa2c5a41abe,6f350e84c3fe498e224de5162208a8a0642c5b77c50f2d4a3fe1efa2c5a41abe
temporal_2022,endowment/seed-42,Poland/Łódź/Złotno,False,False,True,False,True,1.6653345369377348e-16,-4.163336342344337e-17,0.0,0.0,0.0,76fa6c98949dd337ba169e0e540c963e2a7fc39ea2a92b530e6890a941dcabaa,76fa6c98949dd337ba169e0e540c963e2a7fc39ea2a92b530e6890a941dcabaa
temporal_2022,endowment/seed-42,Poland/Łódź/Łagiewniki,False,False,True,False,True,0.0,1.3877787807814457e-17,0.0,0.0,0.0,919a1bf2237947ea1e890a4ae84f484035ce5e7ad55807eb5f51aed6269f7d04,919a1bf2237947ea1e890a4ae84f484035ce5e7ad55807eb5f51aed6269f7d04
temporal_2022,endowment/seed-42,Poland/Łódź/Śródmieście-Wschód,False,False,True,False,True,0.0,5.637851296924623e-17,0.0,0.0,0.0,2832947f8784e0d9dc00aa10b5fd10aaf2e82b17c18b52c9df202745bb9cfd67,2832947f8784e0d9dc00aa10b5fd10aaf2e82b17c18b52c9df202745bb9cfd67
temporal_2022,greedy-cost,Poland/Gdynia/Babie Doły | large,True,False,True,True,True,0.0,0.0,0.0,0.0,0.0,78a4070621fdf5050c4acdd3218a4134d379da84d0293c8d4f1e3a16f2a7bf98,78a4070621fdf5050c4acdd3218a4134d379da84d0293c8d4f1e3a16f2a7bf98
temporal_2022,greedy-cost,Poland/Gdynia/Chwarzno-Wiczlino | large,True,False,True,True,True,0.0,0.0,0.0,0.0,0.0,af156998184fa0e47daac47bb0dd0ff4d2fca7d81195bfcfc33e5e951f04805a,af156998184fa0e47daac47bb0dd0ff4d2fca7d81195bfcfc33e5e951f04805a
temporal_2022,greedy-cost,Poland/Gdynia/Chylonia | large,True,False,True,True,True,0.0,0.0,0.0,0.0,0.0,4ac6436df548a6a76aeb09adc9421125d46b144b3161a9435ee5858edde7896a,4ac6436df548a6a76aeb09adc9421125d46b144b3161a9435ee5858edde7896a
temporal_2022,greedy-cost,Poland/Gdynia/Cisowa | large,True,False,True,False,True,0.0,4.163336342344337e-17,0.0,0.0,0.0,5ff5d249432a18c6e83fc9742d3507a32b33ec130991bc2513d2e2eab44bd1fe,5ff5d249432a18c6e83fc9742d3507a32b33ec130991bc2513d2e2eab44bd1fe
temporal_2022,greedy-cost,Poland/Gdynia/Działki Leśne | large,True,False,True,True,True,0.0,0.0,0.0,0.0,0.0,a33f187f4f15474374d320215a6625280771c9390ce0db3a58813e8bd30df574,a33f187f4f15474374d320215a6625280771c9390ce0db3a58813e8bd30df574
temporal_2022,greedy-cost,Poland/Gdynia/Dąbrowa | large,True,False,True,True,True,0.0,0.0,0.0,0.0,0.0,a80c39d657c334a415197af5348265788f742313d7391899aa68f117dcf03620,a80c39d657c334a415197af5348265788f742313d7391899aa68f117dcf03620
temporal_2022,greedy-cost,Poland/Gdynia/Grabówek | large,True,False,True,True,True,0.0,0.0,0.0,0.0,0.0,eb711f6a15debe63a6d3b9aaf5e75b8837b05f500714a9e9a24233b74484dfab,eb711f6a15debe63a6d3b9aaf5e75b8837b05f500714a9e9a24233b74484dfab
temporal_2022,greedy-cost,Poland/Gdynia/Kamienna Góra | large,True,False,True,True,True,0.0,0.0,0.0,0.0,0.0,3ccbc44775c57724a2e25f940290122a9f0ed4da67771e87e931942570df4588,3ccbc44775c57724a2e25f940290122a9f0ed4da67771e87e931942570df4588
temporal_2022,greedy-cost,Poland/Gdynia/Karwiny | large,True,False,True,True,True,0.0,0.0,0.0,0.0,0.0,39c9a88f60c12afdabf3d137ef2e54c48407eae645ae4d676b07a330968a1c94,39c9a88f60c12afdabf3d137ef2e54c48407eae645ae4d676b07a330968a1c94
temporal_2022,greedy-cost,Poland/Gdynia/Leszczynki | large,True,False,True,True,True,0.0,0.0,0.0,0.0,0.0,06312b27b138e8a0ffd26b30499450ada182d3bbf2fc14f897e12959976cb732,06312b27b138e8a0ffd26b30499450ada182d3bbf2fc14f897e12959976cb732
temporal_2022,greedy-cost,Poland/Gdynia/Mały Kack | large,True,False,True,False,True,0.0,1.0842021724855044e-17,0.0,0.0,0.0,21561928784d6d3321ba663dbc8b9b8ac3f9cadb489518cb99fbdd80fb05207a,21561928784d6d3321ba663dbc8b9b8ac3f9cadb489518cb99fbdd80fb05207a
temporal_2022,greedy-cost,Poland/Gdynia/Obłuże | large,True,False,True,True,True,0.0,0.0,0.0,0.0,0.0,2193bffd346de6e90a723875680b33c657316b211d4572373c346718cfd3d41d,2193bffd346de6e90a723875680b33c657316b211d4572373c346718cfd3d41d
temporal_2022,greedy-cost,Poland/Gdynia/Oksywie | large,True,False,True,True,True,0.0,0.0,0.0,0.0,0.0,bdcc84009dafcc4792da64abb5efc481ac0c30230dbe5db8c2f41a45bc59ae29,bdcc84009dafcc4792da64abb5efc481ac0c30230dbe5db8c2f41a45bc59ae29
temporal_2022,greedy-cost,Poland/Gdynia/Orłowo | large,True,False,True,True,True,0.0,0.0,0.0,0.0,0.0,2e99e101a4b0e206ba114570d1306617794ada44e7694e6f869c639f7d3da306,2e99e101a4b0e206ba114570d1306617794ada44e7694e6f869c639f7d3da306
temporal_2022,greedy-cost,Poland/Gdynia/Pogórze | large,True,False,True,True,True,0.0,0.0,0.0,0.0,0.0,3b87ca31251e004bfdf67e22eb1eb4a765e105af99cc99229734f621621221c6,3b87ca31251e004bfdf67e22eb1eb4a765e105af99cc99229734f621621221c6
temporal_2022,greedy-cost,Poland/Gdynia/Pustki Cisowskie-Demptowo | large,True,False,True,False,True,0.0,1.9081958235744878e-17,0.0,0.0,0.0,2d989909a4bac13307b131c8ad572835649f7b2d3a9077cb72c4d53fde609ace,2d989909a4bac13307b131c8ad572835649f7b2d3a9077cb72c4d53fde609ace
temporal_2022,greedy-cost,Poland/Gdynia/Redłowo | large,True,False,True,False,True,0.0,2.0816681711721685e-17,0.0,0.0,0.0,10195ba202f07b434e1fe0d383d64bf92dbb699e9281458f2fe0025c5e4cc1c8,10195ba202f07b434e1fe0d383d64bf92dbb699e9281458f2fe0025c5e4cc1c8
temporal_2022,greedy-cost,Poland/Gdynia/Wielki Kack | large,True,False,True,True,True,0.0,0.0,0.0,0.0,0.0,8c94cc289aa9f933b27a276cca865c8de8e378e5a9c827aef0b7a818f9c505db,8c94cc289aa9f933b27a276cca865c8de8e378e5a9c827aef0b7a818f9c505db
temporal_2022,greedy-cost,Poland/Gdynia/Witomino | large,True,False,True,False,True,0.0,1.734723475976807e-17,0.0,0.0,0.0,15183ba76a68430c37c5bd4b277ad5c073ebd0c804e7c9f201b54ee4f9dd726d,15183ba76a68430c37c5bd4b277ad5c073ebd0c804e7c9f201b54ee4f9dd726d
temporal_2022,greedy-cost,Poland/Gdynia/Wzgórze Św. Maksymiliana | large,True,False,True,True,True,0.0,0.0,0.0,0.0,0.0,67caaf9b7d5f0c553659935c7532409eef8a740674e43c26165cd0bb520b2536,67caaf9b7d5f0c553659935c7532409eef8a740674e43c26165cd0bb520b2536
temporal_2022,greedy-cost,Poland/Gdynia/Śródmieście | large,True,False,True,True,True,0.0,0.0,0.0,0.0,0.0,820978cee273d9ef2ecd3168e27eeb3422abc1bc24fb76dd1852f2bfab7785d4,820978cee273d9ef2ecd3168e27eeb3422abc1bc24fb76dd1852f2bfab7785d4
temporal_2022,greedy-cost,Poland/Warszawa/Bemowo,True,False,True,False,True,1.942890293094024e-16,6.245004513516506e-17,0.0,0.0,0.0,2762273de03763f1def07243ac8e56301866f9bf8eba4bd494cc9f25bef69ac8,2762273de03763f1def07243ac8e56301866f9bf8eba4bd494cc9f25bef69ac8
temporal_2022,greedy-cost,Poland/Warszawa/Białołęka,True,False,True,True,True,0.0,0.0,0.0,0.0,0.0,e2167d55a81fbce853f850ecb920aaba82a7855ff74f86590ab9cd16c531dc24,e2167d55a81fbce853f850ecb920aaba82a7855ff74f86590ab9cd16c531dc24
temporal_2022,greedy-cost,Poland/Warszawa/Bielany,True,False,True,False,True,-2.914335439641036e-16,-2.7755575615628914e-17,0.0,0.0,0.0,eb10a352ebde67ffce56d90a408b44921f851a856e69543f036f93e82df685ec,eb10a352ebde67ffce56d90a408b44921f851a856e69543f036f93e82df685ec
temporal_2022,greedy-cost,Poland/Warszawa/Mokotów,True,False,True,False,True,-5.551115123125783e-17,-6.245004513516506e-17,0.0,0.0,0.0,8176527d9296930656c4491e0f4afb1a867b201f5789fed48a01938ec6a400b8,8176527d9296930656c4491e0f4afb1a867b201f5789fed48a01938ec6a400b8
temporal_2022,greedy-cost,Poland/Warszawa/Ochota,True,False,True,False,True,-1.3877787807814457e-16,-6.938893903907228e-17,0.0,0.0,0.0,1489243c1d4c9572553dfa1f5b275f77e8f6b88fe3130604fedc2db5db79b874,1489243c1d4c9572553dfa1f5b275f77e8f6b88fe3130604fedc2db5db79b874
temporal_2022,greedy-cost,Poland/Warszawa/Praga-Południe,True,False,True,False,True,-1.3877787807814457e-16,-2.0816681711721685e-17,0.0,0.0,0.0,fae68d0de1b3061b189294dab13f6d79a94280154c050b8a5fa721045c5ffc7a,fae68d0de1b3061b189294dab13f6d79a94280154c050b8a5fa721045c5ffc7a
temporal_2022,greedy-cost,Poland/Warszawa/Praga-Północ,True,False,True,False,True,8.326672684688674e-17,-2.7755575615628914e-17,0.0,0.0,0.0,a3a913907c9ceee257044c64d1c32e605e8ba4353d93618ae32b5597da3956e8,a3a913907c9ceee257044c64d1c32e605e8ba4353d93618ae32b5597da3956e8
temporal_2022,greedy-cost,Poland/Warszawa/Rembertów,True,False,True,False,True,0.0,5.551115123125783e-17,0.0,0.0,0.0,db16307ea594e85609ee382eec65f6c2d85ffd888504250312b344e5c56b3f4d,db16307ea594e85609ee382eec65f6c2d85ffd888504250312b344e5c56b3f4d
temporal_2022,greedy-cost,Poland/Warszawa/Targówek,True,False,True,False,True,1.1102230246251565e-16,6.938893903907228e-18,0.0,0.0,0.0,b11602f150597a6b282966b02508b324a3ffc06ab097ddced0ecc70d76e6767e,b11602f150597a6b282966b02508b324a3ffc06ab097ddced0ecc70d76e6767e
temporal_2022,greedy-cost,Poland/Warszawa/Ursus,True,False,True,False,True,0.0,5.551115123125783e-17,0.0,0.0,0.0,bf8ed5830762185a504c2c7e08fd05f59e904ca1f2ab6d8582e4ea2f0f92ceb4,bf8ed5830762185a504c2c7e08fd05f59e904ca1f2ab6d8582e4ea2f0f92ceb4
temporal_2022,greedy-cost,Poland/Warszawa/Ursynów,True,False,True,False,True,3.0531133177191805e-16,1.0928757898653885e-16,0.0,0.0,0.0,c5bcc664519fc7f0e970c45b6fa4a8a54e85b8725c337bd34d149d894a9e9ced,c5bcc664519fc7f0e970c45b6fa4a8a54e85b8725c337bd34d149d894a9e9ced
temporal_2022,greedy-cost,Poland/Warszawa/Wawer,True,False,True,False,True,-1.3877787807814457e-16,-2.0816681711721685e-17,0.0,0.0,0.0,29a66b71bdff53eccbb5da34519194e76584a8f43e04bb7ff56cd6e99c0487ee,29a66b71bdff53eccbb5da34519194e76584a8f43e04bb7ff56cd6e99c0487ee
temporal_2022,greedy-cost,Poland/Warszawa/Wesoła,True,False,True,False,True,0.0,4.163336342344337e-17,0.0,0.0,0.0,7a8c1ea907fb30aba2790768601d26e9ca730052614bf337fa98c64fe5be4ec5,7a8c1ea907fb30aba2790768601d26e9ca730052614bf337fa98c64fe5be4ec5
temporal_2022,greedy-cost,Poland/Warszawa/Wilanów,True,False,True,False,True,-5.551115123125783e-17,4.85722573273506e-17,0.0,0.0,0.0,a1efb4e1880f7f12a4611842a1a6eafcc6a088002164409c0fb5c781b5c1a591,a1efb4e1880f7f12a4611842a1a6eafcc6a088002164409c0fb5c781b5c1a591
temporal_2022,greedy-cost,Poland/Warszawa/Wola,True,True,True,False,True,1.3877787807814457e-16,1.3183898417423734e-16,0.0,0.0,0.0,af35b031e264416db2074009f0a9bfc1ba52f717523b38596586f1ee59264355,af35b031e264416db2074009f0a9bfc1ba52f717523b38596586f1ee59264355
temporal_2022,greedy-cost,Poland/Warszawa/Włochy,True,False,True,False,True,-3.0531133177191805e-16,-1.3877787807814457e-16,0.0,0.0,0.0,3fae356de7c27713bbb134da5e484c63d02f8ae2ebb3b8606a73ecabc38578fe,3fae356de7c27713bbb134da5e484c63d02f8ae2ebb3b8606a73ecabc38578fe
temporal_2022,greedy-cost,Poland/Warszawa/Śródmieście,True,False,True,False,True,-1.1102230246251565e-16,-6.938893903907228e-18,0.0,0.0,0.0,63e8c7d73b5ba9228cffc617720799a62ce3a1d8bea3910bd58e97dd7bb62007,63e8c7d73b5ba9228cffc617720799a62ce3a1d8bea3910bd58e97dd7bb62007
temporal_2022,greedy-cost,Poland/Warszawa/Żoliborz,True,False,True,False,True,2.220446049250313e-16,-4.85722573273506e-17,0.0,0.0,0.0,3409cbef0273c7f7902eee0cbdc0a2df8bed3e2103d37651013f9cf9a148ca3a,3409cbef0273c7f7902eee0cbdc0a2df8bed3e2103d37651013f9cf9a148ca3a
temporal_2022,greedy-cost,Poland/Łódź/Andrzejów,True,False,True,False,True,1.1102230246251565e-16,1.734723475976807e-17,0.0,0.0,0.0,6aae6a1ebb50556c17733cf946b48acecae48f090b505bffb05be9cc45068af4,6aae6a1ebb50556c17733cf946b48acecae48f090b505bffb05be9cc45068af4
temporal_2022,greedy-cost,Poland/Łódź/Bałuty Zachodnie,True,False,True,True,True,0.0,0.0,0.0,0.0,0.0,dea0ef09803252d8a08ca6bfa2ca86029b46bb90a12d84b0f8e37ff52d61423b,dea0ef09803252d8a08ca6bfa2ca86029b46bb90a12d84b0f8e37ff52d61423b
temporal_2022,greedy-cost,Poland/Łódź/Bałuty-Centrum,True,False,True,False,True,0.0,-2.0816681711721685e-17,0.0,0.0,0.0,50b4d680938964a826c8537d8bb64409bea869fb3e527e6800d553414ac60892,50b4d680938964a826c8537d8bb64409bea869fb3e527e6800d553414ac60892
temporal_2022,greedy-cost,Poland/Łódź/Bałuty-Doły,True,False,True,False,True,0.0,2.6020852139652106e-17,0.0,0.0,0.0,70c2ed5b8eaefd6947b27d3bc0b2b1eb5840e7c14825dad967685c058c5225ea,70c2ed5b8eaefd6947b27d3bc0b2b1eb5840e7c14825dad967685c058c5225ea
temporal_2022,greedy-cost,Poland/Łódź/Chojny,True,False,True,False,True,-2.1510571102112408e-16,-4.9439619065339e-17,0.0,0.0,0.0,c1d444fdb972904cbacefd88d95854d0f4c0a613d92071276b47c444c1d08e9d,c1d444fdb972904cbacefd88d95854d0f4c0a613d92071276b47c444c1d08e9d
temporal_2022,greedy-cost,Poland/Łódź/Chojny-Dąbrowa,True,False,True,False,True,-1.6653345369377348e-16,8.326672684688674e-17,0.0,0.0,0.0,c046bdeb52af65f8940aea4c8b3e741e819b081afbb174011681514a929d3b00,c046bdeb52af65f8940aea4c8b3e741e819b081afbb174011681514a929d3b00
temporal_2022,greedy-cost,Poland/Łódź/Dolina Łódki,True,False,True,False,True,0.0,1.734723475976807e-17,0.0,0.0,0.0,2197aa57f4dba46356b62623d944669e502539e5e41ce841745e783051443498,2197aa57f4dba46356b62623d944669e502539e5e41ce841745e783051443498
temporal_2022,greedy-cost,Poland/Łódź/Górniak,True,False,True,False,True,0.0,-1.9081958235744878e-17,0.0,0.0,0.0,9eb562841dbe1678212ccf834f4d8547eaee64efafc8dc3ad82559aa40d0c1a9,9eb562841dbe1678212ccf834f4d8547eaee64efafc8dc3ad82559aa40d0c1a9
temporal_2022,greedy-cost,Poland/Łódź/Im. Józefa Montwiłła-Mireckiego,True,False,True,False,True,0.0,-1.0408340855860843e-17,0.0,0.0,0.0,2ec3d9a904998d32958b473681bc4f4ed19b1ade7707f315e8115558ab996515,2ec3d9a904998d32958b473681bc4f4ed19b1ade7707f315e8115558ab996515
temporal_2022,greedy-cost,Poland/Łódź/Julianów-Marysin-Rogi,True,False,True,False,True,-1.1102230246251565e-16,5.5077470362263625e-17,0.0,0.0,0.0,c696290c435937657f5f971b575adf52ddce7f0a326100f26a74773e4f803631,c696290c435937657f5f971b575adf52ddce7f0a326100f26a74773e4f803631
temporal_2022,greedy-cost,Poland/Łódź/Karolew-Retkinia Wschód,True,False,True,False,True,0.0,5.572799166575493e-17,0.0,0.0,0.0,0db63cfeb6d02b5e97dbffae63bd91379f92763fb3a9a513c390a09b42daa45f,0db63cfeb6d02b5e97dbffae63bd91379f92763fb3a9a513c390a09b42daa45f
temporal_2022,greedy-cost,Poland/Łódź/Katedralna,True,False,True,False,True,-1.3877787807814457e-16,-1.3877787807814457e-17,0.0,0.0,0.0,afc66c4f1812a06882576531e6c3957e41fe4bd443b4060ae380b1b6488c129c,afc66c4f1812a06882576531e6c3957e41fe4bd443b4060ae380b1b6488c129c
temporal_2022,greedy-cost,Poland/Łódź/Koziny,True,False,True,False,True,-1.8041124150158794e-16,-6.938893903907228e-18,0.0,0.0,0.0,2192969e31dd89ce91c58670a7c595cc5cf0a7c54da4878a4f244390dc7dd652,2192969e31dd89ce91c58670a7c595cc5cf0a7c54da4878a4f244390dc7dd652
temporal_2022,greedy-cost,Poland/Łódź/Lublinek-Pienista,True,False,True,False,True,0.0,1.734723475976807e-17,0.0,0.0,0.0,35ce05349033a7f4a250b684963824177d0692c2343fbf6b2126f646e9e63a1e,35ce05349033a7f4a250b684963824177d0692c2343fbf6b2126f646e9e63a1e
temporal_2022,greedy-cost,Poland/Łódź/Mileszki,True,False,True,False,True,0.0,-3.5128150388530344e-17,0.0,0.0,0.0,eb81646f8fd624fccbf6d810552dab2e357392e89e0400e01beacfd184e8d734,eb81646f8fd624fccbf6d810552dab2e357392e89e0400e01beacfd184e8d734
temporal_2022,greedy-cost,Poland/Łódź/Nad Nerem,True,False,True,False,True,0.0,1.5612511283791264e-17,0.0,0.0,0.0,6ea42bdf2557b7051c7731431a4e6e05f4ed0a815e7d5d44d1c3c10e79db57eb,6ea42bdf2557b7051c7731431a4e6e05f4ed0a815e7d5d44d1c3c10e79db57eb
temporal_2022,greedy-cost,Poland/Łódź/Nowosolna,True,False,True,False,True,0.0,3.469446951953614e-18,0.0,0.0,0.0,2877aa0235aa91db0e224c815a80a487d78fe00ea8501f32bfa1c5b1cc1ae789,2877aa0235aa91db0e224c815a80a487d78fe00ea8501f32bfa1c5b1cc1ae789
temporal_2022,greedy-cost,Poland/Łódź/Nr 33,True,False,True,False,True,0.0,-6.938893903907228e-18,0.0,0.0,0.0,769efc9bc34cb09484ef86b45ed489bb0d5089d177176eb4eee39cf9dcef82e5,769efc9bc34cb09484ef86b45ed489bb0d5089d177176eb4eee39cf9dcef82e5
temporal_2022,greedy-cost,Poland/Łódź/Olechów-Janów,True,False,True,False,True,-2.498001805406602e-16,-8.326672684688674e-17,0.0,0.0,0.0,67ca033cc9375271aa2eda576ce4f352b233e02c80113e3e47a57a7dab314016,67ca033cc9375271aa2eda576ce4f352b233e02c80113e3e47a57a7dab314016
temporal_2022,greedy-cost,Poland/Łódź/Piastów-Kurak,True,False,True,False,True,1.1102230246251565e-16,1.0408340855860843e-17,0.0,0.0,0.0,bf50222f6fcb6a4308979eb2dee7fa950627fb74e3da2f6e69aa31e2ffae2a82,bf50222f6fcb6a4308979eb2dee7fa950627fb74e3da2f6e69aa31e2ffae2a82
temporal_2022,greedy-cost,Poland/Łódź/Radogoszcz,True,False,True,False,True,0.0,2.42861286636753e-17,0.0,0.0,0.0,6c04067308c684b7487c668dbb9617265c1d7c8eca2f2c51bb7c59e68ff809fd,6c04067308c684b7487c668dbb9617265c1d7c8eca2f2c51bb7c59e68ff809fd
temporal_2022,greedy-cost,Poland/Łódź/Retkinia Zachód-Smulsko,True,False,True,False,True,0.0,-2.2551405187698492e-17,0.0,0.0,0.0,de68a7f75d0b8681db14775e9255e103b7e0ee65866ff8b822378c34215a2c4c,de68a7f75d0b8681db14775e9255e103b7e0ee65866ff8b822378c34215a2c4c
temporal_2022,greedy-cost,Poland/Łódź/Rokicie,True,False,True,False,True,1.1102230246251565e-16,2.0816681711721685e-17,0.0,0.0,0.0,66f5ad7cbf93ed6679529f3c9c91ed6307718020eba0e670fe08e13b1eeb1629,66f5ad7cbf93ed6679529f3c9c91ed6307718020eba0e670fe08e13b1eeb1629
temporal_2022,greedy-cost,Poland/Łódź/Ruda,True,False,True,False,True,0.0,-1.6479873021779667e-17,0.0,0.0,0.0,02be784f6a5053b33513080e9cc9d6f5dac5fdf7c423c0d8ec8fc4571e8e88f6,02be784f6a5053b33513080e9cc9d6f5dac5fdf7c423c0d8ec8fc4571e8e88f6
temporal_2022,greedy-cost,Poland/Łódź/Stare Polesie,True,False,True,False,True,-1.6653345369377348e-16,2.7755575615628914e-17,0.0,0.0,0.0,5ce0198985b612fc7fae403b86e8ce2e6c639e13d1282bb43617095b93cbe72c,5ce0198985b612fc7fae403b86e8ce2e6c639e13d1282bb43617095b93cbe72c
temporal_2022,greedy-cost,Poland/Łódź/Stary Widzew,True,False,True,False,True,0.0,-3.469446951953614e-17,0.0,0.0,0.0,a7d1dfa6eacc03e0cd4c425038f67bdf53577809becbb322357a2e81adca6e6b,a7d1dfa6eacc03e0cd4c425038f67bdf53577809becbb322357a2e81adca6e6b
temporal_2022,greedy-cost,Poland/Łódź/Stoki-Sikawa-Podgórze,True,False,True,False,True,1.6653345369377348e-16,-3.642919299551295e-17,0.0,0.0,0.0,7e8fb28725429e716788d3c9b94d6d4fae45bd3cca6fc6177a6549353962c853,7e8fb28725429e716788d3c9b94d6d4fae45bd3cca6fc6177a6549353962c853
temporal_2022,greedy-cost,Poland/Łódź/Teofilów-Wielkopolska,True,False,True,False,True,-2.220446049250313e-16,-3.9898639947466563e-17,0.0,0.0,0.0,9d5bcb1844b1e38bf256f84f0ee6e7f9b5c9aa5690c86fa6bf9e7e109c4de152,9d5bcb1844b1e38bf256f84f0ee6e7f9b5c9aa5690c86fa6bf9e7e109c4de152
temporal_2022,greedy-cost,Poland/Łódź/Widzew-Wschód,True,False,True,False,True,0.0,2.7755575615628914e-17,0.0,0.0,0.0,844aef2e4e9115be093b546baf8178a717a4435e646ba896d89b9c11921b8377,844aef2e4e9115be093b546baf8178a717a4435e646ba896d89b9c11921b8377
temporal_2022,greedy-cost,Poland/Łódź/Wiskitno,True,False,True,False,True,0.0,1.5612511283791264e-17,0.0,0.0,0.0,926f101b3090f0f41d82b69e8877ff5121a61e7ed327de16b69f033702229c06,926f101b3090f0f41d82b69e8877ff5121a61e7ed327de16b69f033702229c06
temporal_2022,greedy-cost,Poland/Łódź/Wzniesień Łódzkich,True,False,True,True,True,0.0,0.0,0.0,0.0,0.0,15e40bee0eccd634240ed0ef142335055128fc770ab653ff310fd309fc2cf1d0,15e40bee0eccd634240ed0ef142335055128fc770ab653ff310fd309fc2cf1d0
temporal_2022,greedy-cost,Poland/Łódź/Zarzew,True,False,True,False,True,0.0,5.724587470723463e-17,0.0,0.0,0.0,3b4ffc13645730a6732ce99b52a51618e2d787e11a155a84ef98b89b1b64e090,3b4ffc13645730a6732ce99b52a51618e2d787e11a155a84ef98b89b1b64e090
temporal_2022,greedy-cost,Poland/Łódź/Zdrowie-Mania,True,False,True,False,True,0.0,4.683753385137379e-17,0.0,0.0,0.0,b32222e9d19cd598019d4b95537715b6469f01035cd780872e5a1960a3437972,b32222e9d19cd598019d4b95537715b6469f01035cd780872e5a1960a3437972
temporal_2022,greedy-cost,Poland/Łódź/Złotno,True,False,True,False,True,0.0,-4.5102810375396984e-17,0.0,0.0,0.0,0f1d7870da216deacdc7eb351a52dcbca3930716a7fb731b3a469759054c6b0a,0f1d7870da216deacdc7eb351a52dcbca3930716a7fb731b3a469759054c6b0a
temporal_2022,greedy-cost,Poland/Łódź/Łagiewniki,True,False,True,False,True,0.0,-5.204170427930421e-17,0.0,0.0,0.0,dae9c5383dcb26fb65f45de4512f3335dda9db55ba7bfd0f7178497dc3b08395,dae9c5383dcb26fb65f45de4512f3335dda9db55ba7bfd0f7178497dc3b08395
temporal_2022,greedy-cost,Poland/Łódź/Śródmieście-Wschód,True,False,True,False,True,-1.3877787807814457e-16,-1.2576745200831851e-17,0.0,0.0,0.0,b1c83d5c8117c12978aaf41fa7c6b8195bd95b29f27784ca2a665d135035b0cc,b1c83d5c8117c12978aaf41fa7c6b8195bd95b29f27784ca2a665d135035b0cc
temporal_2022,greedy-count,Poland/Gdynia/Babie Doły | large,True,False,True,True,True,0.0,0.0,0.0,0.0,0.0,8f7ba487b94350c2d60858e8dd4bdb0444c379bf06461f94b2cef6c6376cf620,8f7ba487b94350c2d60858e8dd4bdb0444c379bf06461f94b2cef6c6376cf620
temporal_2022,greedy-count,Poland/Gdynia/Chwarzno-Wiczlino | large,True,False,True,False,True,0.0,-2.0816681711721685e-17,0.0,0.0,0.0,388c1afd4ba8307581336c0a322ca2da771197884efe700206dd0a0f6cbbf8fe,388c1afd4ba8307581336c0a322ca2da771197884efe700206dd0a0f6cbbf8fe
temporal_2022,greedy-count,Poland/Gdynia/Chylonia | large,True,False,True,False,True,0.0,-2.7755575615628914e-17,0.0,0.0,0.0,17244379e11b53d1143c16e1e1b2d3b86c4b7fd9e316689b554597f698d45d5c,17244379e11b53d1143c16e1e1b2d3b86c4b7fd9e316689b554597f698d45d5c
temporal_2022,greedy-count,Poland/Gdynia/Cisowa | large,True,False,True,True,True,0.0,0.0,0.0,0.0,0.0,2830483ed65667a01f857aa9f29ae3554d8a90577ce0ab2788012745086fe552,2830483ed65667a01f857aa9f29ae3554d8a90577ce0ab2788012745086fe552
temporal_2022,greedy-count,Poland/Gdynia/Działki Leśne | large,True,False,True,True,True,0.0,0.0,0.0,0.0,0.0,2f180093466b1e7b462bfdc11dd214e86fb21b12cdaa3c5b64d93aac21e0756a,2f180093466b1e7b462bfdc11dd214e86fb21b12cdaa3c5b64d93aac21e0756a
temporal_2022,greedy-count,Poland/Gdynia/Dąbrowa | large,True,False,True,True,True,0.0,0.0,0.0,0.0,0.0,90a9ac8afe11d6342b87a0792587b06bcdce1906f3b4ed1312fc263f0645b771,90a9ac8afe11d6342b87a0792587b06bcdce1906f3b4ed1312fc263f0645b771
temporal_2022,greedy-count,Poland/Gdynia/Grabówek | large,True,False,True,True,True,0.0,0.0,0.0,0.0,0.0,f5c0aced7b16323c0c91030b3973f94f76c255f6e3b4c457e51cb7a440766d26,f5c0aced7b16323c0c91030b3973f94f76c255f6e3b4c457e51cb7a440766d26
temporal_2022,greedy-count,Poland/Gdynia/Kamienna Góra | large,True,False,True,True,True,0.0,0.0,0.0,0.0,0.0,488a542718da720946534e25bd6ec8eada5e0c9ee9137c9a4f3f502c99987f91,488a542718da720946534e25bd6ec8eada5e0c9ee9137c9a4f3f502c99987f91
temporal_2022,greedy-count,Poland/Gdynia/Karwiny | large,True,False,True,True,True,0.0,0.0,0.0,0.0,0.0,3e2d3ca6f5afb232d7501c6bfa25d241e2ea92de3f36ed82e700cc85c39c2005,3e2d3ca6f5afb232d7501c6bfa25d241e2ea92de3f36ed82e700cc85c39c2005
temporal_2022,greedy-count,Poland/Gdynia/Leszczynki | large,True,False,True,True,True,0.0,0.0,0.0,0.0,0.0,06312b27b138e8a0ffd26b30499450ada182d3bbf2fc14f897e12959976cb732,06312b27b138e8a0ffd26b30499450ada182d3bbf2fc14f897e12959976cb732
temporal_2022,greedy-count,Poland/Gdynia/Mały Kack | large,True,False,True,False,True,0.0,-1.691355389077387e-17,0.0,0.0,0.0,21561928784d6d3321ba663dbc8b9b8ac3f9cadb489518cb99fbdd80fb05207a,21561928784d6d3321ba663dbc8b9b8ac3f9cadb489518cb99fbdd80fb05207a
temporal_2022,greedy-count,Poland/Gdynia/Obłuże | large,True,False,True,True,True,0.0,0.0,0.0,0.0,0.0,2193bffd346de6e90a723875680b33c657316b211d4572373c346718cfd3d41d,2193bffd346de6e90a723875680b33c657316b211d4572373c346718cfd3d41d
temporal_2022,greedy-count,Poland/Gdynia/Oksywie | large,True,False,True,True,True,0.0,0.0,0.0,0.0,0.0,305384e9f8a7d78996cfb033f3fca7b59112fe3b742be00800d475746d51916d,305384e9f8a7d78996cfb033f3fca7b59112fe3b742be00800d475746d51916d
temporal_2022,greedy-count,Poland/Gdynia/Orłowo | large,True,False,True,True,True,0.0,0.0,0.0,0.0,0.0,2c2710a40f1d4054aea60e37cd45f087fa79be121efa3ada9877bdb4231eb2bf,2c2710a40f1d4054aea60e37cd45f087fa79be121efa3ada9877bdb4231eb2bf
temporal_2022,greedy-count,Poland/Gdynia/Pogórze | large,True,False,True,True,True,0.0,0.0,0.0,0.0,0.0,3b87ca31251e004bfdf67e22eb1eb4a765e105af99cc99229734f621621221c6,3b87ca31251e004bfdf67e22eb1eb4a765e105af99cc99229734f621621221c6
temporal_2022,greedy-count,Poland/Gdynia/Pustki Cisowskie-Demptowo | large,True,False,True,False,True,0.0,1.8214596497756474e-17,0.0,0.0,0.0,eb8dc6d0946b210e46d83b019195189153211fdece8c8d11f712289efc170764,eb8dc6d0946b210e46d83b019195189153211fdece8c8d11f712289efc170764
temporal_2022,greedy-count,Poland/Gdynia/Redłowo | large,True,False,True,True,True,0.0,0.0,0.0,0.0,0.0,b62dc98a3fe51e5d3cf10b9deba446b864f468ce2177f6abb337e83a01da19f3,b62dc98a3fe51e5d3cf10b9deba446b864f468ce2177f6abb337e83a01da19f3
temporal_2022,greedy-count,Poland/Gdynia/Wielki Kack | large,True,False,True,True,True,0.0,0.0,0.0,0.0,0.0,2bfb1bfb3baaed9ba2aa07b388e375e17cb0ffb34d09a14bd1b96b3da94e84e5,2bfb1bfb3baaed9ba2aa07b388e375e17cb0ffb34d09a14bd1b96b3da94e84e5
temporal_2022,greedy-count,Poland/Gdynia/Witomino | large,True,False,True,True,True,0.0,0.0,0.0,0.0,0.0,d1c54e12e28ba2ba9e4f18ef6b94451020a2d5546890c50adca884ca6f0fd842,d1c54e12e28ba2ba9e4f18ef6b94451020a2d5546890c50adca884ca6f0fd842
temporal_2022,greedy-count,Poland/Gdynia/Wzgórze Św. Maksymiliana | large,True,False,True,True,True,0.0,0.0,0.0,0.0,0.0,14cb5e2c911e0d9ffe8e3f51efe019399720eb2b46a36d9f11f820681a398c82,14cb5e2c911e0d9ffe8e3f51efe019399720eb2b46a36d9f11f820681a398c82
temporal_2022,greedy-count,Poland/Gdynia/Śródmieście | large,True,False,True,True,True,0.0,0.0,0.0,0.0,0.0,88e9c883bfd9f817666f99cdf254da82320a856a8e73a05c4213473083c3e54d,88e9c883bfd9f817666f99cdf254da82320a856a8e73a05c4213473083c3e54d
temporal_2022,greedy-count,Poland/Warszawa/Bemowo,True,False,True,False,True,0.0,-6.938893903907228e-17,0.0,0.0,0.0,69c67b937609fdfc88217bc39bd1351adce8509cd088420cef17ebad3c352d5a,69c67b937609fdfc88217bc39bd1351adce8509cd088420cef17ebad3c352d5a
temporal_2022,greedy-count,Poland/Warszawa/Białołęka,True,False,True,False,True,0.0,-3.469446951953614e-17,0.0,0.0,0.0,e641542c2df6582d8a99ea12549687f383aca0234f9c534b79cd21c19e1d89f8,e641542c2df6582d8a99ea12549687f383aca0234f9c534b79cd21c19e1d89f8
temporal_2022,greedy-count,Poland/Warszawa/Bielany,True,False,True,False,True,-1.1102230246251565e-16,-1.3877787807814457e-17,0.0,0.0,0.0,778f8cfed181bb961458947fe41efe457adcc9154e0a0dd04f1f5f5277065255,778f8cfed181bb961458947fe41efe457adcc9154e0a0dd04f1f5f5277065255
temporal_2022,greedy-count,Poland/Warszawa/Mokotów,True,False,True,False,True,0.0,-7.632783294297951e-17,0.0,0.0,0.0,02bef7133dc7f3d1cb843aaffd50be5fb8ce7e0c61e33e3caab860d05bf704aa,02bef7133dc7f3d1cb843aaffd50be5fb8ce7e0c61e33e3caab860d05bf704aa
temporal_2022,greedy-count,Poland/Warszawa/Ochota,True,False,True,False,True,1.3877787807814457e-16,2.0816681711721685e-17,0.0,0.0,0.0,36482eb2783136b76e1b05ca62c8253f088f98dfd4258c3e7215706ef450482b,36482eb2783136b76e1b05ca62c8253f088f98dfd4258c3e7215706ef450482b
temporal_2022,greedy-count,Poland/Warszawa/Praga-Południe,True,False,True,False,True,1.1102230246251565e-16,1.3877787807814457e-17,0.0,0.0,0.0,34a351aec7610e11473102bd82863e1bec97dc7c286fda6b47c357ce0ef56fac,34a351aec7610e11473102bd82863e1bec97dc7c286fda6b47c357ce0ef56fac
temporal_2022,greedy-count,Poland/Warszawa/Praga-Północ,True,False,True,False,True,5.551115123125783e-17,2.7755575615628914e-17,0.0,0.0,0.0,3a344f01bc8967af868ae487ce2c4407311dd8ccd44d3b31501435bf7ac15507,3a344f01bc8967af868ae487ce2c4407311dd8ccd44d3b31501435bf7ac15507
temporal_2022,greedy-count,Poland/Warszawa/Rembertów,True,False,True,False,True,0.0,-6.938893903907228e-18,0.0,0.0,0.0,ccb8607b0299bd04daf11dd1a10179d9a66fa90d2fe24e8d0e317305229a15fe,ccb8607b0299bd04daf11dd1a10179d9a66fa90d2fe24e8d0e317305229a15fe
temporal_2022,greedy-count,Poland/Warszawa/Targówek,True,False,True,False,True,-1.3877787807814457e-16,4.85722573273506e-17,0.0,0.0,0.0,4aedb76b87ef0de48093418c574627fd97782f2395393d7991dc51698b7f7e7a,4aedb76b87ef0de48093418c574627fd97782f2395393d7991dc51698b7f7e7a
temporal_2022,greedy-count,Poland/Warszawa/Ursus,True,False,True,False,True,0.0,4.163336342344337e-17,0.0,0.0,0.0,19dc4d3a39193b67c5d54ca3f68c31735f71391d57dff5f094b7b5717e71eff7,19dc4d3a39193b67c5d54ca3f68c31735f71391d57dff5f094b7b5717e71eff7
temporal_2022,greedy-count,Poland/Warszawa/Ursynów,True,False,True,False,True,-2.0816681711721685e-16,-2.5153490401663703e-17,0.0,0.0,0.0,da4574e9fa04a8fdedef839d0d8c75f6f474107e48f0b9ec86877a80d34079cb,da4574e9fa04a8fdedef839d0d8c75f6f474107e48f0b9ec86877a80d34079cb
temporal_2022,greedy-count,Poland/Warszawa/Wawer,True,False,True,False,True,0.0,-4.163336342344337e-17,0.0,0.0,0.0,12f30552692a93f7c587c6b12b18bcdf2ad11ce268f8cf32ce80b4545e697501,12f30552692a93f7c587c6b12b18bcdf2ad11ce268f8cf32ce80b4545e697501
temporal_2022,greedy-count,Poland/Warszawa/Wesoła,True,False,True,False,True,1.1102230246251565e-16,8.326672684688674e-17,0.0,0.0,0.0,8625edec3210d9d57aea79ad8bc5fd7257d24f7099c4b44fcd8a1da21316a262,8625edec3210d9d57aea79ad8bc5fd7257d24f7099c4b44fcd8a1da21316a262
temporal_2022,greedy-count,Poland/Warszawa/Wilanów,True,False,True,False,True,-1.1102230246251565e-16,-6.938893903907228e-18,0.0,0.0,0.0,50a361d9f812b0d8316889af42fa33d206bd144913fbea2fa52fcdf7d93b36f1,50a361d9f812b0d8316889af42fa33d206bd144913fbea2fa52fcdf7d93b36f1
temporal_2022,greedy-count,Poland/Warszawa/Wola,True,True,True,False,True,0.0,2.7755575615628914e-17,0.0,0.0,0.0,a07574cae169f59fcf0703884c4634f32c3c6e2be39bbaa6298a3d9979c07791,a07574cae169f59fcf0703884c4634f32c3c6e2be39bbaa6298a3d9979c07791
temporal_2022,greedy-count,Poland/Warszawa/Włochy,True,False,True,False,True,-1.5265566588595902e-16,-6.938893903907228e-18,0.0,0.0,0.0,f04a52296cd4bc4f5d51db3323c01a0eca181c411bfa8388b16b94054be1489c,f04a52296cd4bc4f5d51db3323c01a0eca181c411bfa8388b16b94054be1489c
temporal_2022,greedy-count,Poland/Warszawa/Śródmieście,True,False,True,False,True,0.0,4.163336342344337e-17,0.0,0.0,0.0,6b634c1cb402e686f45849c5fe36efa2f79c3ef61d92cb729084ac5b63364fa2,6b634c1cb402e686f45849c5fe36efa2f79c3ef61d92cb729084ac5b63364fa2
temporal_2022,greedy-count,Poland/Warszawa/Żoliborz,True,False,True,False,True,0.0,-5.551115123125783e-17,0.0,0.0,0.0,2883d6f31331365ec6433788de257a8e95fbb288cdbfb1710887640ec4ba06a7,2883d6f31331365ec6433788de257a8e95fbb288cdbfb1710887640ec4ba06a7
temporal_2022,greedy-count,Poland/Łódź/Andrzejów,True,False,True,False,True,0.0,1.734723475976807e-17,0.0,0.0,0.0,1dc6657e4a1e45aa50cfb17c6df472e716d702d4382b0eccff346668867a15a9,1dc6657e4a1e45aa50cfb17c6df472e716d702d4382b0eccff346668867a15a9
temporal_2022,greedy-count,Poland/Łódź/Bałuty Zachodnie,True,False,True,False,True,-8.326672684688674e-17,-5.898059818321144e-17,0.0,0.0,0.0,064019d92f91f656dcc2152702920336b3bc8ba2c107725f1159227dceffcd50,064019d92f91f656dcc2152702920336b3bc8ba2c107725f1159227dceffcd50
temporal_2022,greedy-count,Poland/Łódź/Bałuty-Centrum,True,False,True,False,True,-1.1102230246251565e-16,5.204170427930421e-18,0.0,0.0,0.0,a490e2d2947c631308b45b1fc197045973e6a4fb40b8d48e5910134367618339,a490e2d2947c631308b45b1fc197045973e6a4fb40b8d48e5910134367618339
temporal_2022,greedy-count,Poland/Łódź/Bałuty-Doły,True,False,True,False,True,0.0,-1.734723475976807e-17,0.0,0.0,0.0,cda3c6a430b3c0ca4aaaed3e438d0a0db9659ce2229d6506ddb386a65e50cd6c,cda3c6a430b3c0ca4aaaed3e438d0a0db9659ce2229d6506ddb386a65e50cd6c
temporal_2022,greedy-count,Poland/Łódź/Chojny,True,False,True,False,True,0.0,-5.204170427930421e-18,0.0,0.0,0.0,d46008343d3a76375fabdc2cda2d2778082192eb0eb5f3b89e466b8bd06e5c53,d46008343d3a76375fabdc2cda2d2778082192eb0eb5f3b89e466b8bd06e5c53
temporal_2022,greedy-count,Poland/Łódź/Chojny-Dąbrowa,True,False,True,True,True,0.0,0.0,0.0,0.0,0.0,7f36fe46e1d80aa33153913d9757e1181ef9241ff83f440db5d32c0911c7f8cb,7f36fe46e1d80aa33153913d9757e1181ef9241ff83f440db5d32c0911c7f8cb
temporal_2022,greedy-count,Poland/Łódź/Dolina Łódki,True,False,True,True,True,0.0,0.0,0.0,0.0,0.0,381b6f9a569306f29be36974f96e85021c8dd4cab46b046c97b9a2277c97702b,381b6f9a569306f29be36974f96e85021c8dd4cab46b046c97b9a2277c97702b
temporal_2022,greedy-count,Poland/Łódź/Górniak,True,False,True,False,True,0.0,-3.122502256758253e-17,0.0,0.0,0.0,67da4059f437cbef616b0edb765f8377812f6410ed19e4b6c62cb65792af0e15,67da4059f437cbef616b0edb765f8377812f6410ed19e4b6c62cb65792af0e15
temporal_2022,greedy-count,Poland/Łódź/Im. Józefa Montwiłła-Mireckiego,True,False,True,False,True,0.0,2.7755575615628914e-17,0.0,0.0,0.0,c1b65bc48303e35552eeaeafa65a91a6b240bda8f435fa6e179a516d2ca878cf,c1b65bc48303e35552eeaeafa65a91a6b240bda8f435fa6e179a516d2ca878cf
temporal_2022,greedy-count,Poland/Łódź/Julianów-Marysin-Rogi,True,False,True,False,True,0.0,5.0306980803327406e-17,0.0,0.0,0.0,f3680db52d71f8648b95da045a7d9eb18a84615882b8836c2f36d16fa69fe06b,f3680db52d71f8648b95da045a7d9eb18a84615882b8836c2f36d16fa69fe06b
temporal_2022,greedy-count,Poland/Łódź/Karolew-Retkinia Wschód,True,False,True,False,True,1.1102230246251565e-16,7.979727989493313e-17,0.0,0.0,0.0,c9d064cf2ef18bf2db6ea357358719aa5faa3daacca826bd6504fb48712b3429,c9d064cf2ef18bf2db6ea357358719aa5faa3daacca826bd6504fb48712b3429
temporal_2022,greedy-count,Poland/Łódź/Katedralna,True,False,True,False,True,-1.249000902703301e-16,-6.722053469410127e-17,0.0,0.0,0.0,90b41d7f6fe706078e6c21e70864d1cddd7a011a9bda2ef2842644d9a1e97f28,90b41d7f6fe706078e6c21e70864d1cddd7a011a9bda2ef2842644d9a1e97f28
temporal_2022,greedy-count,Poland/Łódź/Koziny,True,False,True,False,True,0.0,6.938893903907228e-18,0.0,0.0,0.0,ed34af571b82c595bfa59a708ec1241da2643e426accb2e79c9ea0e5a7e399ea,ed34af571b82c595bfa59a708ec1241da2643e426accb2e79c9ea0e5a7e399ea
temporal_2022,greedy-count,Poland/Łódź/Lublinek-Pienista,True,False,True,False,True,0.0,-3.469446951953614e-18,0.0,0.0,0.0,08fb9251ff4b07a331ceadc100646a1f4560fd741afbd4a1b2f7eb8e2249b6b1,08fb9251ff4b07a331ceadc100646a1f4560fd741afbd4a1b2f7eb8e2249b6b1
temporal_2022,greedy-count,Poland/Łódź/Mileszki,True,False,True,False,True,-1.1796119636642288e-16,-1.474514954580286e-17,0.0,0.0,0.0,57836aa713d62d0f0a6315ba55ad2d0fd0de81396b2f29fd2f4d835a54bfaae9,57836aa713d62d0f0a6315ba55ad2d0fd0de81396b2f29fd2f4d835a54bfaae9
temporal_2022,greedy-count,Poland/Łódź/Nad Nerem,True,False,True,False,True,0.0,-3.469446951953614e-17,0.0,0.0,0.0,189180fb67afa5da8a3419f29ab9b4c5bf3edce5e8c35670256195e900bc2c31,189180fb67afa5da8a3419f29ab9b4c5bf3edce5e8c35670256195e900bc2c31
temporal_2022,greedy-count,Poland/Łódź/Nowosolna,True,False,True,False,True,0.0,-1.734723475976807e-17,0.0,0.0,0.0,bcf4bc67beb9a8d619d785602cebf6596809a43de4b22061f07fc5334d9e17b0,bcf4bc67beb9a8d619d785602cebf6596809a43de4b22061f07fc5334d9e17b0
temporal_2022,greedy-count,Poland/Łódź/Nr 33,True,False,True,False,True,0.0,-4.5102810375396984e-17,0.0,0.0,0.0,f39891324fe10970073ff75f3a14c2cdc9567dba06e77967962b3a12f7b9100b,f39891324fe10970073ff75f3a14c2cdc9567dba06e77967962b3a12f7b9100b
temporal_2022,greedy-count,Poland/Łódź/Olechów-Janów,True,False,True,False,True,1.3877787807814457e-16,1.734723475976807e-17,0.0,0.0,0.0,7c3e9c43e2923478c63f32d676834c3526719977c9e1c23338ecf992b5288024,7c3e9c43e2923478c63f32d676834c3526719977c9e1c23338ecf992b5288024
temporal_2022,greedy-count,Poland/Łódź/Piastów-Kurak,True,False,True,False,True,0.0,1.734723475976807e-17,0.0,0.0,0.0,b842dc48b602af288e5e39a9c46e36c8d3a8bf2732973c463c892c3917f2941b,b842dc48b602af288e5e39a9c46e36c8d3a8bf2732973c463c892c3917f2941b
temporal_2022,greedy-count,Poland/Łódź/Radogoszcz,True,False,True,False,True,1.457167719820518e-16,6.938893903907228e-18,0.0,0.0,0.0,f68905ea1099b9494f7cc48e886696636b5f15a2eada1dc3c41b4896991f98ca,f68905ea1099b9494f7cc48e886696636b5f15a2eada1dc3c41b4896991f98ca
temporal_2022,greedy-count,Poland/Łódź/Retkinia Zachód-Smulsko,True,False,True,False,True,1.249000902703301e-16,-2.2985086056692694e-17,0.0,0.0,0.0,04d4daf5b95c52eee2998e59c7731075d41d4f15cab7df2a43ae6159e0f971ed,04d4daf5b95c52eee2998e59c7731075d41d4f15cab7df2a43ae6159e0f971ed
temporal_2022,greedy-count,Poland/Łódź/Rokicie,True,False,True,False,True,0.0,1.5612511283791264e-17,0.0,0.0,0.0,7959ec80118e9701ab9a9f1a57bada006b37a0bff41dece72799c829ef0226cf,7959ec80118e9701ab9a9f1a57bada006b37a0bff41dece72799c829ef0226cf
temporal_2022,greedy-count,Poland/Łódź/Ruda,True,False,True,False,True,0.0,-1.0408340855860843e-17,0.0,0.0,0.0,ec285e5da4b571c64ea2ad7057df3cdc755a27e5ee0334b017fd43636858dfd1,ec285e5da4b571c64ea2ad7057df3cdc755a27e5ee0334b017fd43636858dfd1
temporal_2022,greedy-count,Poland/Łódź/Stare Polesie,True,False,True,True,True,0.0,0.0,0.0,0.0,0.0,ae5adb424d58f8cfb52cecf4305203ab66fd55dcfb038c350edab46fbbcc0844,ae5adb424d58f8cfb52cecf4305203ab66fd55dcfb038c350edab46fbbcc0844
temporal_2022,greedy-count,Poland/Łódź/Stary Widzew,True,False,True,False,True,0.0,4.5102810375396984e-17,0.0,0.0,0.0,a8dc3e7179d58670865050542979a55007147327001a43fdfdac77ba787e60b4,a8dc3e7179d58670865050542979a55007147327001a43fdfdac77ba787e60b4
temporal_2022,greedy-count,Poland/Łódź/Stoki-Sikawa-Podgórze,True,False,True,False,True,0.0,1.6479873021779667e-17,0.0,0.0,0.0,40fb8783b2dcfdecaa0d3e19e64135ddaa816ff76bf35f5ebe4caa6442a2e07b,40fb8783b2dcfdecaa0d3e19e64135ddaa816ff76bf35f5ebe4caa6442a2e07b
temporal_2022,greedy-count,Poland/Łódź/Teofilów-Wielkopolska,True,False,True,True,True,0.0,0.0,0.0,0.0,0.0,e24b433f8bbae13f78fd91f8bd076d148e43628be507b5fd026c5f1ee27df66c,e24b433f8bbae13f78fd91f8bd076d148e43628be507b5fd026c5f1ee27df66c
temporal_2022,greedy-count,Poland/Łódź/Widzew-Wschód,True,False,True,False,True,1.1102230246251565e-16,-3.209238430557093e-17,0.0,0.0,0.0,8ba3c050c9c47d3bee383425c6a5647193352f9e57be4d9a2c66957c4d7a9b58,8ba3c050c9c47d3bee383425c6a5647193352f9e57be4d9a2c66957c4d7a9b58
temporal_2022,greedy-count,Poland/Łódź/Wiskitno,True,False,True,False,True,0.0,-2.873135757086587e-17,0.0,0.0,0.0,c299023227d41f615809b1c0a8c4b802799327017679dff2aa04e42d7d03c6a5,c299023227d41f615809b1c0a8c4b802799327017679dff2aa04e42d7d03c6a5
temporal_2022,greedy-count,Poland/Łódź/Wzniesień Łódzkich,True,False,True,False,True,0.0,1.3877787807814457e-17,0.0,0.0,0.0,e9a0b285000da0b3bd051aa955fb53910c113e9fca59a454f8d74d35b4a95b94,e9a0b285000da0b3bd051aa955fb53910c113e9fca59a454f8d74d35b4a95b94
temporal_2022,greedy-count,Poland/Łódź/Zarzew,True,False,True,False,True,0.0,-1.0408340855860843e-17,0.0,0.0,0.0,df8c92f18d5ac9fff042a41eef1a2f5bb66e434f8618a1d39a7fe802c965d42b,df8c92f18d5ac9fff042a41eef1a2f5bb66e434f8618a1d39a7fe802c965d42b
temporal_2022,greedy-count,Poland/Łódź/Zdrowie-Mania,True,False,True,False,True,0.0,6.071532165918825e-17,0.0,0.0,0.0,05c475882f58085da1a5c303816158a8a5382bf90198e439980f3d7d64e34a8d,05c475882f58085da1a5c303816158a8a5382bf90198e439980f3d7d64e34a8d
temporal_2022,greedy-count,Poland/Łódź/Złotno,True,False,True,False,True,0.0,-1.5178830414797062e-17,0.0,0.0,0.0,5b62d7563cb29c9042eee368c2cabb49105f2cfd736df990259f9c4a6b3eb054,5b62d7563cb29c9042eee368c2cabb49105f2cfd736df990259f9c4a6b3eb054
temporal_2022,greedy-count,Poland/Łódź/Łagiewniki,True,False,True,False,True,0.0,3.2959746043559335e-17,0.0,0.0,0.0,0b2f640b21158d364ae3aff6848441005a86c22b8b9a16756088c59e941faad2,0b2f640b21158d364ae3aff6848441005a86c22b8b9a16756088c59e941faad2
temporal_2022,greedy-count,Poland/Łódź/Śródmieście-Wschód,True,False,True,False,True,0.0,-2.6020852139652106e-18,0.0,0.0,0.0,a7515401f57e6363548d3d42ea7eb1d4736cf91e02d30d9200c19fcfdf9b9da4,a7515401f57e6363548d3d42ea7eb1d4736cf91e02d30d9200c19fcfdf9b9da4
temporal_2022,mes,Poland/Gdynia/Babie Doły | large,True,False,True,True,True,0.0,0.0,0.0,0.0,0.0,b1ead5fb43bd23866b30ee577465fd4c8d40dd7e5eed9088e2e73244225b9a66,b1ead5fb43bd23866b30ee577465fd4c8d40dd7e5eed9088e2e73244225b9a66
temporal_2022,mes,Poland/Gdynia/Chwarzno-Wiczlino | large,True,False,True,True,True,0.0,0.0,0.0,0.0,0.0,74e661addbada410d3217d9b69b90dbc2a01fff60dec28d692fcb4e9c7bbc167,74e661addbada410d3217d9b69b90dbc2a01fff60dec28d692fcb4e9c7bbc167
temporal_2022,mes,Poland/Gdynia/Chylonia | large,True,False,True,False,True,0.0,-1.5612511283791264e-17,0.0,0.0,0.0,c14a833feda6cbfb08596b93b47718954cadd591f3bb88a7dc238f3e743546d9,c14a833feda6cbfb08596b93b47718954cadd591f3bb88a7dc238f3e743546d9
temporal_2022,mes,Poland/Gdynia/Cisowa | large,True,False,True,False,True,0.0,4.163336342344337e-17,0.0,0.0,0.0,5ff5d249432a18c6e83fc9742d3507a32b33ec130991bc2513d2e2eab44bd1fe,5ff5d249432a18c6e83fc9742d3507a32b33ec130991bc2513d2e2eab44bd1fe
temporal_2022,mes,Poland/Gdynia/Działki Leśne | large,True,False,True,True,True,0.0,0.0,0.0,0.0,0.0,a33f187f4f15474374d320215a6625280771c9390ce0db3a58813e8bd30df574,a33f187f4f15474374d320215a6625280771c9390ce0db3a58813e8bd30df574
temporal_2022,mes,Poland/Gdynia/Dąbrowa | large,True,False,True,True,True,0.0,0.0,0.0,0.0,0.0,b51f3d912f43b977f8ae3a38a0580c56e82da0a6ee79dd177155b078a1722eb6,b51f3d912f43b977f8ae3a38a0580c56e82da0a6ee79dd177155b078a1722eb6
temporal_2022,mes,Poland/Gdynia/Grabówek | large,True,False,True,True,True,0.0,0.0,0.0,0.0,0.0,eb711f6a15debe63a6d3b9aaf5e75b8837b05f500714a9e9a24233b74484dfab,eb711f6a15debe63a6d3b9aaf5e75b8837b05f500714a9e9a24233b74484dfab
temporal_2022,mes,Poland/Gdynia/Kamienna Góra | large,True,False,True,True,True,0.0,0.0,0.0,0.0,0.0,3ccbc44775c57724a2e25f940290122a9f0ed4da67771e87e931942570df4588,3ccbc44775c57724a2e25f940290122a9f0ed4da67771e87e931942570df4588
temporal_2022,mes,Poland/Gdynia/Karwiny | large,True,False,True,True,True,0.0,0.0,0.0,0.0,0.0,39c9a88f60c12afdabf3d137ef2e54c48407eae645ae4d676b07a330968a1c94,39c9a88f60c12afdabf3d137ef2e54c48407eae645ae4d676b07a330968a1c94
temporal_2022,mes,Poland/Gdynia/Leszczynki | large,True,False,True,True,True,0.0,0.0,0.0,0.0,0.0,06312b27b138e8a0ffd26b30499450ada182d3bbf2fc14f897e12959976cb732,06312b27b138e8a0ffd26b30499450ada182d3bbf2fc14f897e12959976cb732
temporal_2022,mes,Poland/Gdynia/Mały Kack | large,True,False,True,False,True,0.0,1.0842021724855044e-17,0.0,0.0,0.0,21561928784d6d3321ba663dbc8b9b8ac3f9cadb489518cb99fbdd80fb05207a,21561928784d6d3321ba663dbc8b9b8ac3f9cadb489518cb99fbdd80fb05207a
temporal_2022,mes,Poland/Gdynia/Obłuże | large,True,False,True,True,True,0.0,0.0,0.0,0.0,0.0,2193bffd346de6e90a723875680b33c657316b211d4572373c346718cfd3d41d,2193bffd346de6e90a723875680b33c657316b211d4572373c346718cfd3d41d
temporal_2022,mes,Poland/Gdynia/Oksywie | large,True,False,True,True,True,0.0,0.0,0.0,0.0,0.0,11f77976e1425f90606e1ba360a21a2da0c72236280fe54dc9b3aee960b96131,11f77976e1425f90606e1ba360a21a2da0c72236280fe54dc9b3aee960b96131
temporal_2022,mes,Poland/Gdynia/Orłowo | large,True,False,True,True,True,0.0,0.0,0.0,0.0,0.0,2e99e101a4b0e206ba114570d1306617794ada44e7694e6f869c639f7d3da306,2e99e101a4b0e206ba114570d1306617794ada44e7694e6f869c639f7d3da306
temporal_2022,mes,Poland/Gdynia/Pogórze | large,True,False,True,True,True,0.0,0.0,0.0,0.0,0.0,3b87ca31251e004bfdf67e22eb1eb4a765e105af99cc99229734f621621221c6,3b87ca31251e004bfdf67e22eb1eb4a765e105af99cc99229734f621621221c6
temporal_2022,mes,Poland/Gdynia/Pustki Cisowskie-Demptowo | large,True,False,True,False,True,-8.326672684688674e-17,8.673617379884035e-18,0.0,0.0,0.0,72ef43d778d2f2df94878e1a2b12d1b0172bc95dea2ef51b23703849d7f1d6a7,72ef43d778d2f2df94878e1a2b12d1b0172bc95dea2ef51b23703849d7f1d6a7
temporal_2022,mes,Poland/Gdynia/Redłowo | large,True,False,True,True,True,0.0,0.0,0.0,0.0,0.0,b2a7890b0bc7366092390e05841e3d7e67a284e4fcae737d3f995a9341cbcadc,b2a7890b0bc7366092390e05841e3d7e67a284e4fcae737d3f995a9341cbcadc
temporal_2022,mes,Poland/Gdynia/Wielki Kack | large,True,False,True,True,True,0.0,0.0,0.0,0.0,0.0,2bd308c18fb68f5d81b5246f2264216dd59c1277beb0a842d25549309ff63d54,2bd308c18fb68f5d81b5246f2264216dd59c1277beb0a842d25549309ff63d54
temporal_2022,mes,Poland/Gdynia/Witomino | large,True,False,True,False,True,0.0,1.734723475976807e-17,0.0,0.0,0.0,15183ba76a68430c37c5bd4b277ad5c073ebd0c804e7c9f201b54ee4f9dd726d,15183ba76a68430c37c5bd4b277ad5c073ebd0c804e7c9f201b54ee4f9dd726d
temporal_2022,mes,Poland/Gdynia/Wzgórze Św. Maksymiliana | large,True,False,True,True,True,0.0,0.0,0.0,0.0,0.0,80218bab76933d97f9421e7f85b7fa87b80ffe72e34dd46f88cf6b88cf6f691b,80218bab76933d97f9421e7f85b7fa87b80ffe72e34dd46f88cf6b88cf6f691b
temporal_2022,mes,Poland/Gdynia/Śródmieście | large,True,False,True,True,True,0.0,0.0,0.0,0.0,0.0,a0bcca1aecb628368aefea0e4d0f285bf0349d62beb63498356685c1aad3057d,a0bcca1aecb628368aefea0e4d0f285bf0349d62beb63498356685c1aad3057d
temporal_2022,mes,Poland/Warszawa/Bemowo,True,False,True,False,True,0.0,5.551115123125783e-17,0.0,0.0,0.0,c121f0f7836f12c9ca472443f36781ab32719a343401e2c3b52ca85ad3768094,c121f0f7836f12c9ca472443f36781ab32719a343401e2c3b52ca85ad3768094
temporal_2022,mes,Poland/Warszawa/Białołęka,True,False,True,False,True,-1.3877787807814457e-16,3.469446951953614e-17,0.0,0.0,0.0,786b06934e7a94ec6bb21cb763cea0ca1f5c6b7e62351ac464e6d404727a4ad9,786b06934e7a94ec6bb21cb763cea0ca1f5c6b7e62351ac464e6d404727a4ad9
temporal_2022,mes,Poland/Warszawa/Bielany,True,False,True,False,True,1.1102230246251565e-16,-4.5102810375396984e-17,0.0,0.0,0.0,eec79ff16b29a2fe9d95d4692c3e9bc04e26f1e7724f6a3253b34bdfd22f5469,eec79ff16b29a2fe9d95d4692c3e9bc04e26f1e7724f6a3253b34bdfd22f5469
temporal_2022,mes,Poland/Warszawa/Mokotów,True,False,True,True,True,0.0,0.0,0.0,0.0,0.0,7ee9db3adca17889743cd2d914cebfde9d3755ebfe325c6bb84e21f91f44d2e1,7ee9db3adca17889743cd2d914cebfde9d3755ebfe325c6bb84e21f91f44d2e1
temporal_2022,mes,Poland/Warszawa/Ochota,True,False,True,False,True,-1.3877787807814457e-16,-4.85722573273506e-17,0.0,0.0,0.0,b1f632da713a1f230e9f70d8646230c30547374f02b3dda5496be6f9073abf29,b1f632da713a1f230e9f70d8646230c30547374f02b3dda5496be6f9073abf29
temporal_2022,mes,Poland/Warszawa/Praga-Południe,True,False,True,False,True,0.0,5.551115123125783e-17,0.0,0.0,0.0,dd2f589236dde54f61b391cc924f8f326d670f84dc7ed65e61bed78771f47eae,dd2f589236dde54f61b391cc924f8f326d670f84dc7ed65e61bed78771f47eae
temporal_2022,mes,Poland/Warszawa/Praga-Północ,True,False,True,False,True,1.1102230246251565e-16,3.469446951953614e-17,0.0,0.0,0.0,fcd0fdfd85ab4a4bcbffe08431c1c5b7849997369556afa587bac9b934c3f1a1,fcd0fdfd85ab4a4bcbffe08431c1c5b7849997369556afa587bac9b934c3f1a1
temporal_2022,mes,Poland/Warszawa/Rembertów,True,False,True,False,True,0.0,4.5102810375396984e-17,0.0,0.0,0.0,4b999af49287aa82a481c25752f6840383473c225923255fc32c61e4ea3bf60d,4b999af49287aa82a481c25752f6840383473c225923255fc32c61e4ea3bf60d
temporal_2022,mes,Poland/Warszawa/Targówek,True,False,True,False,True,0.0,7.632783294297951e-17,0.0,0.0,0.0,36b030b6e57fde5346c04eaa8b3a32dec42df61c0eef06bba229125da0418660,36b030b6e57fde5346c04eaa8b3a32dec42df61c0eef06bba229125da0418660
temporal_2022,mes,Poland/Warszawa/Ursus,True,False,True,False,True,0.0,6.938893903907228e-18,0.0,0.0,0.0,cec4a68a54f2349e71fd06b8e10bfdfa04d5d1b75b0fd29286f625a793a108de,cec4a68a54f2349e71fd06b8e10bfdfa04d5d1b75b0fd29286f625a793a108de
temporal_2022,mes,Poland/Warszawa/Ursynów,True,False,True,False,True,0.0,5.2909066017292616e-17,0.0,0.0,0.0,370f2a1287fe03b72cf630217c724cde86c9b435fdbc59b616f59f5d8fef5406,370f2a1287fe03b72cf630217c724cde86c9b435fdbc59b616f59f5d8fef5406
temporal_2022,mes,Poland/Warszawa/Wawer,True,False,True,False,True,-2.220446049250313e-16,-4.85722573273506e-17,0.0,0.0,0.0,f579d50115b2386f80fc26ff197f9e7223810519bed04256b3248ba29daac848,f579d50115b2386f80fc26ff197f9e7223810519bed04256b3248ba29daac848
temporal_2022,mes,Poland/Warszawa/Wesoła,True,False,True,False,True,0.0,-2.0816681711721685e-17,0.0,0.0,0.0,2b33dab1b3aa39a179ced727465fc91f042f2825164b2ba357a2c0ffc962a33f,2b33dab1b3aa39a179ced727465fc91f042f2825164b2ba357a2c0ffc962a33f
temporal_2022,mes,Poland/Warszawa/Wilanów,True,False,True,False,True,-5.551115123125783e-17,4.85722573273506e-17,0.0,0.0,0.0,a1efb4e1880f7f12a4611842a1a6eafcc6a088002164409c0fb5c781b5c1a591,a1efb4e1880f7f12a4611842a1a6eafcc6a088002164409c0fb5c781b5c1a591
temporal_2022,mes,Poland/Warszawa/Wola,True,True,True,False,True,-1.1102230246251565e-16,9.020562075079397e-17,0.0,0.0,0.0,1cf4cca11d8e0ce701d1a79e4b7ae9cc3290eb8cc8571b6a442b153c6308240a,1cf4cca11d8e0ce701d1a79e4b7ae9cc3290eb8cc8571b6a442b153c6308240a
temporal_2022,mes,Poland/Warszawa/Włochy,True,False,True,False,True,0.0,-9.71445146547012e-17,0.0,0.0,0.0,555e0ba21e8f6e952b12b55d052ef905a28114acf04e93736d1a4a099c87d390,555e0ba21e8f6e952b12b55d052ef905a28114acf04e93736d1a4a099c87d390
temporal_2022,mes,Poland/Warszawa/Śródmieście,True,False,True,False,True,0.0,-6.938893903907228e-18,0.0,0.0,0.0,7b61e240fab3c8e82159aa3b9e9f49d7a8820f1cebf145c6fa7adef7ab7bdf0f,7b61e240fab3c8e82159aa3b9e9f49d7a8820f1cebf145c6fa7adef7ab7bdf0f
temporal_2022,mes,Poland/Warszawa/Żoliborz,True,False,True,False,True,0.0,4.85722573273506e-17,0.0,0.0,0.0,b4381df7510bdff649dbc345fc9beeac5bc6e13307e8e08b4a409d409d98d896,b4381df7510bdff649dbc345fc9beeac5bc6e13307e8e08b4a409d409d98d896
temporal_2022,mes,Poland/Łódź/Andrzejów,True,False,True,False,True,1.1102230246251565e-16,1.734723475976807e-17,0.0,0.0,0.0,6aae6a1ebb50556c17733cf946b48acecae48f090b505bffb05be9cc45068af4,6aae6a1ebb50556c17733cf946b48acecae48f090b505bffb05be9cc45068af4
temporal_2022,mes,Poland/Łódź/Bałuty Zachodnie,True,False,True,False,True,-8.326672684688674e-17,-3.469446951953614e-17,0.0,0.0,0.0,0f16418586d11c549be01ab16c4590d7210e1934b8297b29836207fa923ce536,0f16418586d11c549be01ab16c4590d7210e1934b8297b29836207fa923ce536
temporal_2022,mes,Poland/Łódź/Bałuty-Centrum,True,False,True,False,True,0.0,4.336808689942018e-17,0.0,0.0,0.0,720b73cf996012ef7bd27a2807457bf8e7437c7d0eb6478c1cfd963e01d0ce1e,720b73cf996012ef7bd27a2807457bf8e7437c7d0eb6478c1cfd963e01d0ce1e
temporal_2022,mes,Poland/Łódź/Bałuty-Doły,True,False,True,True,True,0.0,0.0,0.0,0.0,0.0,fc65b9d392a4e6429fc1215c6c878f69e6ebd71a5cd757205cd05d3460d93e26,fc65b9d392a4e6429fc1215c6c878f69e6ebd71a5cd757205cd05d3460d93e26
temporal_2022,mes,Poland/Łódź/Chojny,True,False,True,False,True,0.0,-2.42861286636753e-17,0.0,0.0,0.0,36af3c36790ef8d0a42047f826d8890bba0bad0ac5d38cec407718ac7c327dbb,36af3c36790ef8d0a42047f826d8890bba0bad0ac5d38cec407718ac7c327dbb
temporal_2022,mes,Poland/Łódź/Chojny-Dąbrowa,True,False,True,False,True,0.0,-2.6020852139652106e-17,0.0,0.0,0.0,740b83acac73d14499a500d879bd8b67e5e8af6f3186fec11d5f5e3ccf671464,740b83acac73d14499a500d879bd8b67e5e8af6f3186fec11d5f5e3ccf671464
temporal_2022,mes,Poland/Łódź/Dolina Łódki,True,False,True,True,True,0.0,0.0,0.0,0.0,0.0,9e29cff8a2091b1e388e47348cd309f83d66e3ba102008414cfe0fba1f9f7395,9e29cff8a2091b1e388e47348cd309f83d66e3ba102008414cfe0fba1f9f7395
temporal_2022,mes,Poland/Łódź/Górniak,True,False,True,False,True,0.0,-3.122502256758253e-17,0.0,0.0,0.0,67da4059f437cbef616b0edb765f8377812f6410ed19e4b6c62cb65792af0e15,67da4059f437cbef616b0edb765f8377812f6410ed19e4b6c62cb65792af0e15
temporal_2022,mes,Poland/Łódź/Im. Józefa Montwiłła-Mireckiego,True,False,True,False,True,0.0,-1.3877787807814457e-17,0.0,0.0,0.0,cfe13a0e3e3709de17a2ccc1e9b7247b2c1ef3da11defb3e18dc257f433860ab,cfe13a0e3e3709de17a2ccc1e9b7247b2c1ef3da11defb3e18dc257f433860ab
temporal_2022,mes,Poland/Łódź/Julianów-Marysin-Rogi,True,False,True,False,True,1.249000902703301e-16,-8.673617379884035e-18,0.0,0.0,0.0,28eaf7f484b9c484f70af7e3c30568b8b8bd1bab5ab715829926d782b4bc1fb5,28eaf7f484b9c484f70af7e3c30568b8b8bd1bab5ab715829926d782b4bc1fb5
temporal_2022,mes,Poland/Łódź/Karolew-Retkinia Wschód,True,False,True,False,True,0.0,6.938893903907228e-18,0.0,0.0,0.0,8d33cc1498ecd54f0a4ec5bbf271bcc117923acea9d0e65819709e4ac80e67c4,8d33cc1498ecd54f0a4ec5bbf271bcc117923acea9d0e65819709e4ac80e67c4
temporal_2022,mes,Poland/Łódź/Katedralna,True,False,True,False,True,0.0,-2.2551405187698492e-17,0.0,0.0,0.0,16b674949ed8d7853d9964989b4f786877d1f02f2bdbb7cf56101ffb5449fa68,16b674949ed8d7853d9964989b4f786877d1f02f2bdbb7cf56101ffb5449fa68
temporal_2022,mes,Poland/Łódź/Koziny,True,False,True,False,True,0.0,3.122502256758253e-17,0.0,0.0,0.0,80b22ae93fb2e7baea446f3c7a30f23595ca21d25680a375a14cb9e325a22bc3,80b22ae93fb2e7baea446f3c7a30f23595ca21d25680a375a14cb9e325a22bc3
temporal_2022,mes,Poland/Łódź/Lublinek-Pienista,True,False,True,False,True,0.0,4.683753385137379e-17,0.0,0.0,0.0,7028e3160512be44a6ec6249cb180e439c024c6118bf1798e277147c70fe122a,7028e3160512be44a6ec6249cb180e439c024c6118bf1798e277147c70fe122a
temporal_2022,mes,Poland/Łódź/Mileszki,True,False,True,False,True,0.0,-3.5128150388530344e-17,0.0,0.0,0.0,eb81646f8fd624fccbf6d810552dab2e357392e89e0400e01beacfd184e8d734,eb81646f8fd624fccbf6d810552dab2e357392e89e0400e01beacfd184e8d734
temporal_2022,mes,Poland/Łódź/Nad Nerem,True,False,True,False,True,-1.3877787807814457e-16,-1.734723475976807e-17,0.0,0.0,0.0,576c24439f4539b3d87a2d2a5599db6ea15c57ce8bdf7049791248664b2ef5e8,576c24439f4539b3d87a2d2a5599db6ea15c57ce8bdf7049791248664b2ef5e8
temporal_2022,mes,Poland/Łódź/Nowosolna,True,False,True,False,True,-1.1102230246251565e-16,5.204170427930421e-18,0.0,0.0,0.0,ad963ef709c5c2ce32c0d6b8427d0ea21809bd564f1f488f154d72dc71fbe2b3,ad963ef709c5c2ce32c0d6b8427d0ea21809bd564f1f488f154d72dc71fbe2b3
temporal_2022,mes,Poland/Łódź/Nr 33,True,False,True,False,True,0.0,-4.5102810375396984e-17,0.0,0.0,0.0,d72fc558b22f17f7eef574e3c60738631d6a6c86013bd0e4ed26be29cbc71320,d72fc558b22f17f7eef574e3c60738631d6a6c86013bd0e4ed26be29cbc71320
temporal_2022,mes,Poland/Łódź/Olechów-Janów,True,False,True,False,True,0.0,-1.3877787807814457e-17,0.0,0.0,0.0,2a34f5c86acc8d5f789bed03fcedc141dd7307a442abd0728c64795a060c4012,2a34f5c86acc8d5f789bed03fcedc141dd7307a442abd0728c64795a060c4012
temporal_2022,mes,Poland/Łódź/Piastów-Kurak,True,False,True,False,True,0.0,-4.336808689942018e-18,0.0,0.0,0.0,e4245f64f8d3834974da03200767a90ad56ca955fd0e885a32b6fb042d272491,e4245f64f8d3834974da03200767a90ad56ca955fd0e885a32b6fb042d272491
temporal_2022,mes,Poland/Łódź/Radogoszcz,True,False,True,False,True,0.0,7.470152968425126e-17,0.0,0.0,0.0,69d755b807a099d3089f9b51290bc79690b7f1b2b16ebff649eaefd20f286888,69d755b807a099d3089f9b51290bc79690b7f1b2b16ebff649eaefd20f286888
temporal_2022,mes,Poland/Łódź/Retkinia Zachód-Smulsko,True,False,True,False,True,0.0,-1.9949319973733282e-17,0.0,0.0,0.0,5712d224dd38b78f7d22647f3a421a19452347ee5c9c90208b7358e6df15147a,5712d224dd38b78f7d22647f3a421a19452347ee5c9c90208b7358e6df15147a
temporal_2022,mes,Poland/Łódź/Rokicie,True,False,True,False,True,-9.71445146547012e-17,3.469446951953614e-18,0.0,0.0,0.0,a0134208c28d89104b704e107fb232f85ce5d119b9f1ad12a88e57bf6394f1b1,a0134208c28d89104b704e107fb232f85ce5d119b9f1ad12a88e57bf6394f1b1
temporal_2022,mes,Poland/Łódź/Ruda,True,False,True,False,True,1.3877787807814457e-16,7.892991815694472e-17,0.0,0.0,0.0,673cb54ffba78367a2d2daec13a5bb42f4a3873226e269c48be97d802ad74c5b,673cb54ffba78367a2d2daec13a5bb42f4a3873226e269c48be97d802ad74c5b
temporal_2022,mes,Poland/Łódź/Stare Polesie,True,False,True,False,True,-1.6653345369377348e-16,2.6020852139652106e-17,0.0,0.0,0.0,bbb633ef70865eb39355753c26875f4b32f81accad7a065b9e8af08aed0a0a00,bbb633ef70865eb39355753c26875f4b32f81accad7a065b9e8af08aed0a0a00
temporal_2022,mes,Poland/Łódź/Stary Widzew,True,False,True,False,True,0.0,3.122502256758253e-17,0.0,0.0,0.0,cacb9a61aaa169f4c16571154676fd247e4ffb30cdb49664222a2b2341befca4,cacb9a61aaa169f4c16571154676fd247e4ffb30cdb49664222a2b2341befca4
temporal_2022,mes,Poland/Łódź/Stoki-Sikawa-Podgórze,True,False,True,False,True,0.0,-3.642919299551295e-17,0.0,0.0,0.0,2c234012107eac30c807b55afef3f1cbfdc1f49e3d28e79346ebc9128386ef90,2c234012107eac30c807b55afef3f1cbfdc1f49e3d28e79346ebc9128386ef90
temporal_2022,mes,Poland/Łódź/Teofilów-Wielkopolska,True,False,True,False,True,-1.1102230246251565e-16,-3.469446951953614e-18,0.0,0.0,0.0,bde80137cec518b39d3d28b0137a62dcf9da9bc55c84d06ec60eef97d2645c46,bde80137cec518b39d3d28b0137a62dcf9da9bc55c84d06ec60eef97d2645c46
temporal_2022,mes,Poland/Łódź/Widzew-Wschód,True,False,True,False,True,2.3592239273284576e-16,-4.5102810375396984e-17,0.0,0.0,0.0,d48edb2b735948a0268977fa0823c81dcdca831cb2bef2d0f830079cbb9aabd7,d48edb2b735948a0268977fa0823c81dcdca831cb2bef2d0f830079cbb9aabd7
temporal_2022,mes,Poland/Łódź/Wiskitno,True,False,True,False,True,1.942890293094024e-16,6.331740687315346e-17,0.0,0.0,0.0,df8ca71147762832e99fa4ea49f7001c160283e8ded1e8ef5b8c914ce1e014d0,df8ca71147762832e99fa4ea49f7001c160283e8ded1e8ef5b8c914ce1e014d0
temporal_2022,mes,Poland/Łódź/Wzniesień Łódzkich,True,False,True,True,True,0.0,0.0,0.0,0.0,0.0,15e40bee0eccd634240ed0ef142335055128fc770ab653ff310fd309fc2cf1d0,15e40bee0eccd634240ed0ef142335055128fc770ab653ff310fd309fc2cf1d0
temporal_2022,mes,Poland/Łódź/Zarzew,True,False,True,False,True,2.220446049250313e-16,-5.204170427930421e-18,0.0,0.0,0.0,d60053d2d2d41df116acb3cedf8ea4f5b3705f586ee0a240408385c87a6570b2,d60053d2d2d41df116acb3cedf8ea4f5b3705f586ee0a240408385c87a6570b2
temporal_2022,mes,Poland/Łódź/Zdrowie-Mania,True,False,True,False,True,0.0,3.8163916471489756e-17,0.0,0.0,0.0,f33f4cd10514f2e843f4476def5a7fe216221df4770c4be7b3eb3ac7663998ea,f33f4cd10514f2e843f4476def5a7fe216221df4770c4be7b3eb3ac7663998ea
temporal_2022,mes,Poland/Łódź/Złotno,True,False,True,False,True,1.6653345369377348e-16,-4.163336342344337e-17,0.0,0.0,0.0,76fa6c98949dd337ba169e0e540c963e2a7fc39ea2a92b530e6890a941dcabaa,76fa6c98949dd337ba169e0e540c963e2a7fc39ea2a92b530e6890a941dcabaa
temporal_2022,mes,Poland/Łódź/Łagiewniki,True,False,True,False,True,0.0,1.3877787807814457e-17,0.0,0.0,0.0,919a1bf2237947ea1e890a4ae84f484035ce5e7ad55807eb5f51aed6269f7d04,919a1bf2237947ea1e890a4ae84f484035ce5e7ad55807eb5f51aed6269f7d04
temporal_2022,mes,Poland/Łódź/Śródmieście-Wschód,True,False,True,False,True,0.0,2.2551405187698492e-17,0.0,0.0,0.0,42db8639d16f47abae1d1d30a2084409e59644ab9d8f18bbd3e0528dc0a1170d,42db8639d16f47abae1d1d30a2084409e59644ab9d8f18bbd3e0528dc0a1170d
temporal_2022,outcome/seed-1,Poland/Gdynia/Babie Doły | large,False,False,True,True,True,0.0,0.0,0.0,0.0,0.0,78a4070621fdf5050c4acdd3218a4134d379da84d0293c8d4f1e3a16f2a7bf98,78a4070621fdf5050c4acdd3218a4134d379da84d0293c8d4f1e3a16f2a7bf98
temporal_2022,outcome/seed-1,Poland/Gdynia/Chwarzno-Wiczlino | large,False,False,True,True,True,0.0,0.0,0.0,0.0,0.0,af156998184fa0e47daac47bb0dd0ff4d2fca7d81195bfcfc33e5e951f04805a,af156998184fa0e47daac47bb0dd0ff4d2fca7d81195bfcfc33e5e951f04805a
temporal_2022,outcome/seed-1,Poland/Gdynia/Chylonia | large,False,False,True,True,True,0.0,0.0,0.0,0.0,0.0,4ac6436df548a6a76aeb09adc9421125d46b144b3161a9435ee5858edde7896a,4ac6436df548a6a76aeb09adc9421125d46b144b3161a9435ee5858edde7896a
temporal_2022,outcome/seed-1,Poland/Gdynia/Cisowa | large,False,False,True,False,True,0.0,4.163336342344337e-17,0.0,0.0,0.0,5ff5d249432a18c6e83fc9742d3507a32b33ec130991bc2513d2e2eab44bd1fe,5ff5d249432a18c6e83fc9742d3507a32b33ec130991bc2513d2e2eab44bd1fe
temporal_2022,outcome/seed-1,Poland/Gdynia/Działki Leśne | large,False,False,True,True,True,0.0,0.0,0.0,0.0,0.0,a33f187f4f15474374d320215a6625280771c9390ce0db3a58813e8bd30df574,a33f187f4f15474374d320215a6625280771c9390ce0db3a58813e8bd30df574
temporal_2022,outcome/seed-1,Poland/Gdynia/Dąbrowa | large,False,False,True,True,True,0.0,0.0,0.0,0.0,0.0,a80c39d657c334a415197af5348265788f742313d7391899aa68f117dcf03620,a80c39d657c334a415197af5348265788f742313d7391899aa68f117dcf03620
temporal_2022,outcome/seed-1,Poland/Gdynia/Grabówek | large,False,False,True,True,True,0.0,0.0,0.0,0.0,0.0,eb711f6a15debe63a6d3b9aaf5e75b8837b05f500714a9e9a24233b74484dfab,eb711f6a15debe63a6d3b9aaf5e75b8837b05f500714a9e9a24233b74484dfab
temporal_2022,outcome/seed-1,Poland/Gdynia/Kamienna Góra | large,False,False,True,True,True,0.0,0.0,0.0,0.0,0.0,3ccbc44775c57724a2e25f940290122a9f0ed4da67771e87e931942570df4588,3ccbc44775c57724a2e25f940290122a9f0ed4da67771e87e931942570df4588
temporal_2022,outcome/seed-1,Poland/Gdynia/Karwiny | large,False,False,True,True,True,0.0,0.0,0.0,0.0,0.0,39c9a88f60c12afdabf3d137ef2e54c48407eae645ae4d676b07a330968a1c94,39c9a88f60c12afdabf3d137ef2e54c48407eae645ae4d676b07a330968a1c94
temporal_2022,outcome/seed-1,Poland/Gdynia/Leszczynki | large,False,False,True,True,True,0.0,0.0,0.0,0.0,0.0,06312b27b138e8a0ffd26b30499450ada182d3bbf2fc14f897e12959976cb732,06312b27b138e8a0ffd26b30499450ada182d3bbf2fc14f897e12959976cb732
temporal_2022,outcome/seed-1,Poland/Gdynia/Mały Kack | large,False,False,True,False,True,0.0,1.0842021724855044e-17,0.0,0.0,0.0,21561928784d6d3321ba663dbc8b9b8ac3f9cadb489518cb99fbdd80fb05207a,21561928784d6d3321ba663dbc8b9b8ac3f9cadb489518cb99fbdd80fb05207a
temporal_2022,outcome/seed-1,Poland/Gdynia/Obłuże | large,False,False,True,True,True,0.0,0.0,0.0,0.0,0.0,2193bffd346de6e90a723875680b33c657316b211d4572373c346718cfd3d41d,2193bffd346de6e90a723875680b33c657316b211d4572373c346718cfd3d41d
temporal_2022,outcome/seed-1,Poland/Gdynia/Oksywie | large,False,False,True,True,True,0.0,0.0,0.0,0.0,0.0,bdcc84009dafcc4792da64abb5efc481ac0c30230dbe5db8c2f41a45bc59ae29,bdcc84009dafcc4792da64abb5efc481ac0c30230dbe5db8c2f41a45bc59ae29
temporal_2022,outcome/seed-1,Poland/Gdynia/Orłowo | large,False,False,True,True,True,0.0,0.0,0.0,0.0,0.0,2e99e101a4b0e206ba114570d1306617794ada44e7694e6f869c639f7d3da306,2e99e101a4b0e206ba114570d1306617794ada44e7694e6f869c639f7d3da306
temporal_2022,outcome/seed-1,Poland/Gdynia/Pogórze | large,False,False,True,True,True,0.0,0.0,0.0,0.0,0.0,3b87ca31251e004bfdf67e22eb1eb4a765e105af99cc99229734f621621221c6,3b87ca31251e004bfdf67e22eb1eb4a765e105af99cc99229734f621621221c6
temporal_2022,outcome/seed-1,Poland/Gdynia/Pustki Cisowskie-Demptowo | large,False,False,True,False,True,0.0,1.9081958235744878e-17,0.0,0.0,0.0,2d989909a4bac13307b131c8ad572835649f7b2d3a9077cb72c4d53fde609ace,2d989909a4bac13307b131c8ad572835649f7b2d3a9077cb72c4d53fde609ace
temporal_2022,outcome/seed-1,Poland/Gdynia/Redłowo | large,False,False,True,False,True,0.0,2.0816681711721685e-17,0.0,0.0,0.0,10195ba202f07b434e1fe0d383d64bf92dbb699e9281458f2fe0025c5e4cc1c8,10195ba202f07b434e1fe0d383d64bf92dbb699e9281458f2fe0025c5e4cc1c8
temporal_2022,outcome/seed-1,Poland/Gdynia/Wielki Kack | large,False,False,True,True,True,0.0,0.0,0.0,0.0,0.0,8c94cc289aa9f933b27a276cca865c8de8e378e5a9c827aef0b7a818f9c505db,8c94cc289aa9f933b27a276cca865c8de8e378e5a9c827aef0b7a818f9c505db
temporal_2022,outcome/seed-1,Poland/Gdynia/Witomino | large,False,False,True,False,True,0.0,1.734723475976807e-17,0.0,0.0,0.0,15183ba76a68430c37c5bd4b277ad5c073ebd0c804e7c9f201b54ee4f9dd726d,15183ba76a68430c37c5bd4b277ad5c073ebd0c804e7c9f201b54ee4f9dd726d
temporal_2022,outcome/seed-1,Poland/Gdynia/Wzgórze Św. Maksymiliana | large,False,False,True,True,True,0.0,0.0,0.0,0.0,0.0,67caaf9b7d5f0c553659935c7532409eef8a740674e43c26165cd0bb520b2536,67caaf9b7d5f0c553659935c7532409eef8a740674e43c26165cd0bb520b2536
temporal_2022,outcome/seed-1,Poland/Gdynia/Śródmieście | large,False,False,True,True,True,0.0,0.0,0.0,0.0,0.0,820978cee273d9ef2ecd3168e27eeb3422abc1bc24fb76dd1852f2bfab7785d4,820978cee273d9ef2ecd3168e27eeb3422abc1bc24fb76dd1852f2bfab7785d4
temporal_2022,outcome/seed-1,Poland/Warszawa/Bemowo,False,False,True,False,True,0.0,2.42861286636753e-17,0.0,0.0,0.0,63d5ce5712e2e26f13019d6cd8f42ae1fec70ff7edf17496f35db4036a8e0fde,63d5ce5712e2e26f13019d6cd8f42ae1fec70ff7edf17496f35db4036a8e0fde
temporal_2022,outcome/seed-1,Poland/Warszawa/Białołęka,False,False,True,False,True,0.0,1.0408340855860843e-16,0.0,0.0,0.0,b21b00bc351eaa210777fb81802ca134cfac613184423c5696ab4f7d89a2bafd,b21b00bc351eaa210777fb81802ca134cfac613184423c5696ab4f7d89a2bafd
temporal_2022,outcome/seed-1,Poland/Warszawa/Bielany,False,False,True,False,True,-1.3877787807814457e-16,-5.551115123125783e-17,0.0,0.0,0.0,eacf1a95a4da8fcf3fe50a66a4832f10a434cd355a1c7d860da7fd1ef58711eb,eacf1a95a4da8fcf3fe50a66a4832f10a434cd355a1c7d860da7fd1ef58711eb
temporal_2022,outcome/seed-1,Poland/Warszawa/Mokotów,False,False,True,False,True,-1.1102230246251565e-16,1.3877787807814457e-17,0.0,0.0,0.0,b2027cdea843e5fca97633395fce2c9047246b5369e889169a0e45ae13fc499a,b2027cdea843e5fca97633395fce2c9047246b5369e889169a0e45ae13fc499a
temporal_2022,outcome/seed-1,Poland/Warszawa/Ochota,False,False,True,False,True,-1.3877787807814457e-16,-6.938893903907228e-17,0.0,0.0,0.0,1489243c1d4c9572553dfa1f5b275f77e8f6b88fe3130604fedc2db5db79b874,1489243c1d4c9572553dfa1f5b275f77e8f6b88fe3130604fedc2db5db79b874
temporal_2022,outcome/seed-1,Poland/Warszawa/Praga-Południe,False,False,True,False,True,0.0,-1.3877787807814457e-17,0.0,0.0,0.0,7e234d17da595559642b07e9b5a4e705d88e8ff971aee011e8210d14d62c1222,7e234d17da595559642b07e9b5a4e705d88e8ff971aee011e8210d14d62c1222
temporal_2022,outcome/seed-1,Poland/Warszawa/Praga-Północ,False,False,True,False,True,1.8041124150158794e-16,0.0,0.0,0.0,0.0,5f3bffacb74668f00832997871c5226e803851fbc80220eec41d26fb5ca7eb7c,5f3bffacb74668f00832997871c5226e803851fbc80220eec41d26fb5ca7eb7c
temporal_2022,outcome/seed-1,Poland/Warszawa/Rembertów,False,False,True,False,True,-1.1102230246251565e-16,2.0816681711721685e-17,0.0,0.0,0.0,6f6e97be9ca0da6864581bcb6c457cbddf63e0fcbea3f01573c6382ee219aab0,6f6e97be9ca0da6864581bcb6c457cbddf63e0fcbea3f01573c6382ee219aab0
temporal_2022,outcome/seed-1,Poland/Warszawa/Targówek,False,False,True,False,True,0.0,-6.938893903907228e-17,0.0,0.0,0.0,e36cca4149ff595e950066873265ff8d5efe45f0018966ad3c436c2365ee2475,e36cca4149ff595e950066873265ff8d5efe45f0018966ad3c436c2365ee2475
temporal_2022,outcome/seed-1,Poland/Warszawa/Ursus,False,False,True,False,True,1.1102230246251565e-16,5.551115123125783e-17,0.0,0.0,0.0,1f20017646cc617ce131112326509e42efbf579d52cf5299e703d01a8e89bb7a,1f20017646cc617ce131112326509e42efbf579d52cf5299e703d01a8e89bb7a
temporal_2022,outcome/seed-1,Poland/Warszawa/Ursynów,False,False,True,False,True,2.0816681711721685e-16,1.3877787807814457e-16,0.0,0.0,0.0,ae82b1d3e83be56c2260b672cc2e3185b4b2107cc885baf9ce0531a9fba10b48,ae82b1d3e83be56c2260b672cc2e3185b4b2107cc885baf9ce0531a9fba10b48
temporal_2022,outcome/seed-1,Poland/Warszawa/Wawer,False,False,True,False,True,0.0,-6.938893903907228e-18,0.0,0.0,0.0,4b41ceb007196f633f8640fd80ef4ee40102641f5931d833476a0495bbae53ed,4b41ceb007196f633f8640fd80ef4ee40102641f5931d833476a0495bbae53ed
temporal_2022,outcome/seed-1,Poland/Warszawa/Wesoła,False,False,True,False,True,0.0,-4.85722573273506e-17,0.0,0.0,0.0,daf9b99b8310d85d697874a2964cf176522d7f4b2b9ddb0eb2803935bafda21e,daf9b99b8310d85d697874a2964cf176522d7f4b2b9ddb0eb2803935bafda21e
temporal_2022,outcome/seed-1,Poland/Warszawa/Wilanów,False,False,True,False,True,1.1102230246251565e-16,7.632783294297951e-17,0.0,0.0,0.0,d720545e3aa91b6433d1d6c2ddc1bc4b896bfd6024b3c82b554e71e86a2efc9b,d720545e3aa91b6433d1d6c2ddc1bc4b896bfd6024b3c82b554e71e86a2efc9b
temporal_2022,outcome/seed-1,Poland/Warszawa/Wola,False,True,True,False,True,1.3877787807814457e-16,0.0,0.0,0.0,0.0,07c76ba9605ec834ee53272bacd7294d6a2df27098cd3b61303e45fcd1d0a051,07c76ba9605ec834ee53272bacd7294d6a2df27098cd3b61303e45fcd1d0a051
temporal_2022,outcome/seed-1,Poland/Warszawa/Włochy,False,False,True,False,True,-1.5265566588595902e-16,-1.0061396160665481e-16,0.0,0.0,0.0,633a647feee317a6667896747f3e2d708f1a78587982b4c8394a15e56b975a57,633a647feee317a6667896747f3e2d708f1a78587982b4c8394a15e56b975a57
temporal_2022,outcome/seed-1,Poland/Warszawa/Śródmieście,False,False,True,False,True,0.0,-6.938893903907228e-18,0.0,0.0,0.0,d0b972edefe7629f9bd4817cd42928020a9865ae694484c03b61c2b838448ab2,d0b972edefe7629f9bd4817cd42928020a9865ae694484c03b61c2b838448ab2
temporal_2022,outcome/seed-1,Poland/Warszawa/Żoliborz,False,False,True,False,True,0.0,-1.1102230246251565e-16,0.0,0.0,0.0,e3ae8de6adf3c11a7edf2fe29ad335362e446339e78d3b93515e8f7608f6ff9f,e3ae8de6adf3c11a7edf2fe29ad335362e446339e78d3b93515e8f7608f6ff9f
temporal_2022,outcome/seed-1,Poland/Łódź/Andrzejów,False,False,True,False,True,1.1102230246251565e-16,1.734723475976807e-17,0.0,0.0,0.0,6aae6a1ebb50556c17733cf946b48acecae48f090b505bffb05be9cc45068af4,6aae6a1ebb50556c17733cf946b48acecae48f090b505bffb05be9cc45068af4
temporal_2022,outcome/seed-1,Poland/Łódź/Bałuty Zachodnie,False,False,True,True,True,0.0,0.0,0.0,0.0,0.0,dea0ef09803252d8a08ca6bfa2ca86029b46bb90a12d84b0f8e37ff52d61423b,dea0ef09803252d8a08ca6bfa2ca86029b46bb90a12d84b0f8e37ff52d61423b
temporal_2022,outcome/seed-1,Poland/Łódź/Bałuty-Centrum,False,False,True,False,True,0.0,3.599551212651875e-17,0.0,0.0,0.0,db76703e99eb3fd20d32c3a5c555432136c4b05a87a857ee7cb05b62cd75e1c0,db76703e99eb3fd20d32c3a5c555432136c4b05a87a857ee7cb05b62cd75e1c0
temporal_2022,outcome/seed-1,Poland/Łódź/Bałuty-Doły,False,False,True,False,True,0.0,2.6020852139652106e-17,0.0,0.0,0.0,70c2ed5b8eaefd6947b27d3bc0b2b1eb5840e7c14825dad967685c058c5225ea,70c2ed5b8eaefd6947b27d3bc0b2b1eb5840e7c14825dad967685c058c5225ea
temporal_2022,outcome/seed-1,Poland/Łódź/Chojny,False,False,True,False,True,-1.249000902703301e-16,-1.9081958235744878e-17,0.0,0.0,0.0,65e75283b78d124e322a1d7fe64e11210d16a24ca38e54692d7a794d995ba606,65e75283b78d124e322a1d7fe64e11210d16a24ca38e54692d7a794d995ba606
temporal_2022,outcome/seed-1,Poland/Łódź/Chojny-Dąbrowa,False,False,True,False,True,0.0,6.245004513516506e-17,0.0,0.0,0.0,9f44ccffde6c674c8a482af188099d6ed814438be7cf68d919537d8e9ac38d87,9f44ccffde6c674c8a482af188099d6ed814438be7cf68d919537d8e9ac38d87
temporal_2022,outcome/seed-1,Poland/Łódź/Dolina Łódki,False,False,True,False,True,0.0,1.734723475976807e-17,0.0,0.0,0.0,2197aa57f4dba46356b62623d944669e502539e5e41ce841745e783051443498,2197aa57f4dba46356b62623d944669e502539e5e41ce841745e783051443498
temporal_2022,outcome/seed-1,Poland/Łódź/Górniak,False,False,True,False,True,0.0,3.469446951953614e-17,0.0,0.0,0.0,77cb1d94788e674fd35de9a71a3a58da8298b2ffb8de16e0db31c5f5a98b0901,77cb1d94788e674fd35de9a71a3a58da8298b2ffb8de16e0db31c5f5a98b0901
temporal_2022,outcome/seed-1,Poland/Łódź/Im. Józefa Montwiłła-Mireckiego,False,False,True,False,True,0.0,-1.0408340855860843e-17,0.0,0.0,0.0,2ec3d9a904998d32958b473681bc4f4ed19b1ade7707f315e8115558ab996515,2ec3d9a904998d32958b473681bc4f4ed19b1ade7707f315e8115558ab996515
temporal_2022,outcome/seed-1,Poland/Łódź/Julianów-Marysin-Rogi,False,False,True,False,True,-1.1102230246251565e-16,5.5077470362263625e-17,0.0,0.0,0.0,c696290c435937657f5f971b575adf52ddce7f0a326100f26a74773e4f803631,c696290c435937657f5f971b575adf52ddce7f0a326100f26a74773e4f803631
temporal_2022,outcome/seed-1,Poland/Łódź/Karolew-Retkinia Wschód,False,False,True,False,True,0.0,9.974659986866641e-18,0.0,0.0,0.0,a8477cf3d02e13afc517b00b80b74b5922e489966fd7d358f56916d0a08d0585,a8477cf3d02e13afc517b00b80b74b5922e489966fd7d358f56916d0a08d0585
temporal_2022,outcome/seed-1,Poland/Łódź/Katedralna,False,False,True,False,True,2.3592239273284576e-16,-1.734723475976807e-18,0.0,0.0,0.0,c4cf53db2fd4255f2d2aa80d31f082cec27a8060a79199c6c785c7f249e80cbc,c4cf53db2fd4255f2d2aa80d31f082cec27a8060a79199c6c785c7f249e80cbc
temporal_2022,outcome/seed-1,Poland/Łódź/Koziny,False,False,True,False,True,-1.8041124150158794e-16,-6.938893903907228e-18,0.0,0.0,0.0,2192969e31dd89ce91c58670a7c595cc5cf0a7c54da4878a4f244390dc7dd652,2192969e31dd89ce91c58670a7c595cc5cf0a7c54da4878a4f244390dc7dd652
temporal_2022,outcome/seed-1,Poland/Łódź/Lublinek-Pienista,False,False,True,False,True,0.0,3.469446951953614e-17,0.0,0.0,0.0,4149ea3ab00e05c8d2bf314fb05bd9ca1b881b6f10a091ec7611bd3d0747e661,4149ea3ab00e05c8d2bf314fb05bd9ca1b881b6f10a091ec7611bd3d0747e661
temporal_2022,outcome/seed-1,Poland/Łódź/Mileszki,False,False,True,False,True,0.0,-3.5128150388530344e-17,0.0,0.0,0.0,eb81646f8fd624fccbf6d810552dab2e357392e89e0400e01beacfd184e8d734,eb81646f8fd624fccbf6d810552dab2e357392e89e0400e01beacfd184e8d734
temporal_2022,outcome/seed-1,Poland/Łódź/Nad Nerem,False,False,True,False,True,0.0,1.0950441942103595e-17,0.0,0.0,0.0,7ce749675c1992a87ec70c83e4e76b892ffb2860c1ca6e9bbfae5e165a989b2f,7ce749675c1992a87ec70c83e4e76b892ffb2860c1ca6e9bbfae5e165a989b2f
temporal_2022,outcome/seed-1,Poland/Łódź/Nowosolna,False,False,True,False,True,0.0,3.469446951953614e-18,0.0,0.0,0.0,2877aa0235aa91db0e224c815a80a487d78fe00ea8501f32bfa1c5b1cc1ae789,2877aa0235aa91db0e224c815a80a487d78fe00ea8501f32bfa1c5b1cc1ae789
temporal_2022,outcome/seed-1,Poland/Łódź/Nr 33,False,False,True,False,True,0.0,-6.179952383167375e-17,0.0,0.0,0.0,3a5a04451496c54c2d821011ac4d45ef57565ee604e01ff84beaaf450c0babc5,3a5a04451496c54c2d821011ac4d45ef57565ee604e01ff84beaaf450c0babc5
temporal_2022,outcome/seed-1,Poland/Łódź/Olechów-Janów,False,False,True,False,True,0.0,-5.724587470723463e-17,0.0,0.0,0.0,c4e82f2f56256f749aab37ffa8248a3ef9dbd15b42a02071e04ad148d3f4840a,c4e82f2f56256f749aab37ffa8248a3ef9dbd15b42a02071e04ad148d3f4840a
temporal_2022,outcome/seed-1,Poland/Łódź/Piastów-Kurak,False,False,True,False,True,1.1102230246251565e-16,1.0408340855860843e-17,0.0,0.0,0.0,bf50222f6fcb6a4308979eb2dee7fa950627fb74e3da2f6e69aa31e2ffae2a82,bf50222f6fcb6a4308979eb2dee7fa950627fb74e3da2f6e69aa31e2ffae2a82
temporal_2022,outcome/seed-1,Poland/Łódź/Radogoszcz,False,False,True,False,True,1.942890293094024e-16,8.673617379884035e-19,0.0,0.0,0.0,ca04d795c8d51b8f88e80d44e64cecff78f783cba62a822af7d76f30156a414b,ca04d795c8d51b8f88e80d44e64cecff78f783cba62a822af7d76f30156a414b
temporal_2022,outcome/seed-1,Poland/Łódź/Retkinia Zachód-Smulsko,False,False,True,False,True,-1.6653345369377348e-16,-2.862293735361732e-17,0.0,0.0,0.0,603c59aafdb5067646677476c16132deaf41db1642f84e125127eea075d03b67,603c59aafdb5067646677476c16132deaf41db1642f84e125127eea075d03b67
temporal_2022,outcome/seed-1,Poland/Łódź/Rokicie,False,False,True,False,True,1.1102230246251565e-16,2.0816681711721685e-17,0.0,0.0,0.0,66f5ad7cbf93ed6679529f3c9c91ed6307718020eba0e670fe08e13b1eeb1629,66f5ad7cbf93ed6679529f3c9c91ed6307718020eba0e670fe08e13b1eeb1629
temporal_2022,outcome/seed-1,Poland/Łódź/Ruda,False,False,True,False,True,0.0,-1.6479873021779667e-17,0.0,0.0,0.0,02be784f6a5053b33513080e9cc9d6f5dac5fdf7c423c0d8ec8fc4571e8e88f6,02be784f6a5053b33513080e9cc9d6f5dac5fdf7c423c0d8ec8fc4571e8e88f6
temporal_2022,outcome/seed-1,Poland/Łódź/Stare Polesie,False,False,True,False,True,-1.6653345369377348e-16,4.5102810375396984e-17,0.0,0.0,0.0,6870a5b547c5dc3924d15013ddc989c64691d442817bc065bebc281ff2174178,6870a5b547c5dc3924d15013ddc989c64691d442817bc065bebc281ff2174178
temporal_2022,outcome/seed-1,Poland/Łódź/Stary Widzew,False,False,True,False,True,0.0,-1.734723475976807e-17,0.0,0.0,0.0,92dd7d45160ad11da0b640c4eedb1a3caf07acbe5bcc294053ee3b0ae4611c7a,92dd7d45160ad11da0b640c4eedb1a3caf07acbe5bcc294053ee3b0ae4611c7a
temporal_2022,outcome/seed-1,Poland/Łódź/Stoki-Sikawa-Podgórze,False,False,True,False,True,0.0,-3.9898639947466563e-17,0.0,0.0,0.0,3ee9af403a5135475eb203fb2c75047929d688397d72cd8fcd560e7ddb21b6a0,3ee9af403a5135475eb203fb2c75047929d688397d72cd8fcd560e7ddb21b6a0
temporal_2022,outcome/seed-1,Poland/Łódź/Teofilów-Wielkopolska,False,False,True,False,True,-2.220446049250313e-16,-3.9898639947466563e-17,0.0,0.0,0.0,9d5bcb1844b1e38bf256f84f0ee6e7f9b5c9aa5690c86fa6bf9e7e109c4de152,9d5bcb1844b1e38bf256f84f0ee6e7f9b5c9aa5690c86fa6bf9e7e109c4de152
temporal_2022,outcome/seed-1,Poland/Łódź/Widzew-Wschód,False,False,True,False,True,0.0,-1.8106176280507924e-17,0.0,0.0,0.0,e0a059aba68155dda778f51dc0da0767d9417a702ea82e02a1a968dc5c389d64,e0a059aba68155dda778f51dc0da0767d9417a702ea82e02a1a968dc5c389d64
temporal_2022,outcome/seed-1,Poland/Łódź/Wiskitno,False,False,True,False,True,0.0,1.5612511283791264e-17,0.0,0.0,0.0,926f101b3090f0f41d82b69e8877ff5121a61e7ed327de16b69f033702229c06,926f101b3090f0f41d82b69e8877ff5121a61e7ed327de16b69f033702229c06
temporal_2022,outcome/seed-1,Poland/Łódź/Wzniesień Łódzkich,False,False,True,True,True,0.0,0.0,0.0,0.0,0.0,15e40bee0eccd634240ed0ef142335055128fc770ab653ff310fd309fc2cf1d0,15e40bee0eccd634240ed0ef142335055128fc770ab653ff310fd309fc2cf1d0
temporal_2022,outcome/seed-1,Poland/Łódź/Zarzew,False,False,True,False,True,0.0,5.724587470723463e-17,0.0,0.0,0.0,3b4ffc13645730a6732ce99b52a51618e2d787e11a155a84ef98b89b1b64e090,3b4ffc13645730a6732ce99b52a51618e2d787e11a155a84ef98b89b1b64e090
temporal_2022,outcome/seed-1,Poland/Łódź/Zdrowie-Mania,False,False,True,False,True,0.0,2.949029909160572e-17,0.0,0.0,0.0,327b098767c26dfa122a54b3d74a71aed8f8be29e13d47aaf01e28954c127620,327b098767c26dfa122a54b3d74a71aed8f8be29e13d47aaf01e28954c127620
temporal_2022,outcome/seed-1,Poland/Łódź/Złotno,False,False,True,False,True,0.0,-4.5102810375396984e-17,0.0,0.0,0.0,0f1d7870da216deacdc7eb351a52dcbca3930716a7fb731b3a469759054c6b0a,0f1d7870da216deacdc7eb351a52dcbca3930716a7fb731b3a469759054c6b0a
temporal_2022,outcome/seed-1,Poland/Łódź/Łagiewniki,False,False,True,False,True,0.0,-5.204170427930421e-17,0.0,0.0,0.0,dae9c5383dcb26fb65f45de4512f3335dda9db55ba7bfd0f7178497dc3b08395,dae9c5383dcb26fb65f45de4512f3335dda9db55ba7bfd0f7178497dc3b08395
temporal_2022,outcome/seed-1,Poland/Łódź/Śródmieście-Wschód,False,False,True,False,True,-1.942890293094024e-16,3.382710778154774e-17,0.0,0.0,0.0,65190692bf12b52849416b01d20e27a542b292e71ebfc4fe4cfa4153b3adef70,65190692bf12b52849416b01d20e27a542b292e71ebfc4fe4cfa4153b3adef70
temporal_2022,outcome/seed-2,Poland/Gdynia/Babie Doły | large,False,False,True,True,True,0.0,0.0,0.0,0.0,0.0,78a4070621fdf5050c4acdd3218a4134d379da84d0293c8d4f1e3a16f2a7bf98,78a4070621fdf5050c4acdd3218a4134d379da84d0293c8d4f1e3a16f2a7bf98
temporal_2022,outcome/seed-2,Poland/Gdynia/Chwarzno-Wiczlino | large,False,False,True,True,True,0.0,0.0,0.0,0.0,0.0,af156998184fa0e47daac47bb0dd0ff4d2fca7d81195bfcfc33e5e951f04805a,af156998184fa0e47daac47bb0dd0ff4d2fca7d81195bfcfc33e5e951f04805a
temporal_2022,outcome/seed-2,Poland/Gdynia/Chylonia | large,False,False,True,True,True,0.0,0.0,0.0,0.0,0.0,4ac6436df548a6a76aeb09adc9421125d46b144b3161a9435ee5858edde7896a,4ac6436df548a6a76aeb09adc9421125d46b144b3161a9435ee5858edde7896a
temporal_2022,outcome/seed-2,Poland/Gdynia/Cisowa | large,False,False,True,False,True,0.0,4.163336342344337e-17,0.0,0.0,0.0,5ff5d249432a18c6e83fc9742d3507a32b33ec130991bc2513d2e2eab44bd1fe,5ff5d249432a18c6e83fc9742d3507a32b33ec130991bc2513d2e2eab44bd1fe
temporal_2022,outcome/seed-2,Poland/Gdynia/Działki Leśne | large,False,False,True,True,True,0.0,0.0,0.0,0.0,0.0,a33f187f4f15474374d320215a6625280771c9390ce0db3a58813e8bd30df574,a33f187f4f15474374d320215a6625280771c9390ce0db3a58813e8bd30df574
temporal_2022,outcome/seed-2,Poland/Gdynia/Dąbrowa | large,False,False,True,True,True,0.0,0.0,0.0,0.0,0.0,a80c39d657c334a415197af5348265788f742313d7391899aa68f117dcf03620,a80c39d657c334a415197af5348265788f742313d7391899aa68f117dcf03620
temporal_2022,outcome/seed-2,Poland/Gdynia/Grabówek | large,False,False,True,True,True,0.0,0.0,0.0,0.0,0.0,eb711f6a15debe63a6d3b9aaf5e75b8837b05f500714a9e9a24233b74484dfab,eb711f6a15debe63a6d3b9aaf5e75b8837b05f500714a9e9a24233b74484dfab
temporal_2022,outcome/seed-2,Poland/Gdynia/Kamienna Góra | large,False,False,True,True,True,0.0,0.0,0.0,0.0,0.0,3ccbc44775c57724a2e25f940290122a9f0ed4da67771e87e931942570df4588,3ccbc44775c57724a2e25f940290122a9f0ed4da67771e87e931942570df4588
temporal_2022,outcome/seed-2,Poland/Gdynia/Karwiny | large,False,False,True,True,True,0.0,0.0,0.0,0.0,0.0,39c9a88f60c12afdabf3d137ef2e54c48407eae645ae4d676b07a330968a1c94,39c9a88f60c12afdabf3d137ef2e54c48407eae645ae4d676b07a330968a1c94
temporal_2022,outcome/seed-2,Poland/Gdynia/Leszczynki | large,False,False,True,True,True,0.0,0.0,0.0,0.0,0.0,06312b27b138e8a0ffd26b30499450ada182d3bbf2fc14f897e12959976cb732,06312b27b138e8a0ffd26b30499450ada182d3bbf2fc14f897e12959976cb732
temporal_2022,outcome/seed-2,Poland/Gdynia/Mały Kack | large,False,False,True,False,True,0.0,1.0842021724855044e-17,0.0,0.0,0.0,21561928784d6d3321ba663dbc8b9b8ac3f9cadb489518cb99fbdd80fb05207a,21561928784d6d3321ba663dbc8b9b8ac3f9cadb489518cb99fbdd80fb05207a
temporal_2022,outcome/seed-2,Poland/Gdynia/Obłuże | large,False,False,True,True,True,0.0,0.0,0.0,0.0,0.0,2193bffd346de6e90a723875680b33c657316b211d4572373c346718cfd3d41d,2193bffd346de6e90a723875680b33c657316b211d4572373c346718cfd3d41d
temporal_2022,outcome/seed-2,Poland/Gdynia/Oksywie | large,False,False,True,True,True,0.0,0.0,0.0,0.0,0.0,bdcc84009dafcc4792da64abb5efc481ac0c30230dbe5db8c2f41a45bc59ae29,bdcc84009dafcc4792da64abb5efc481ac0c30230dbe5db8c2f41a45bc59ae29
temporal_2022,outcome/seed-2,Poland/Gdynia/Orłowo | large,False,False,True,True,True,0.0,0.0,0.0,0.0,0.0,2e99e101a4b0e206ba114570d1306617794ada44e7694e6f869c639f7d3da306,2e99e101a4b0e206ba114570d1306617794ada44e7694e6f869c639f7d3da306
temporal_2022,outcome/seed-2,Poland/Gdynia/Pogórze | large,False,False,True,True,True,0.0,0.0,0.0,0.0,0.0,3b87ca31251e004bfdf67e22eb1eb4a765e105af99cc99229734f621621221c6,3b87ca31251e004bfdf67e22eb1eb4a765e105af99cc99229734f621621221c6
temporal_2022,outcome/seed-2,Poland/Gdynia/Pustki Cisowskie-Demptowo | large,False,False,True,False,True,0.0,1.9081958235744878e-17,0.0,0.0,0.0,2d989909a4bac13307b131c8ad572835649f7b2d3a9077cb72c4d53fde609ace,2d989909a4bac13307b131c8ad572835649f7b2d3a9077cb72c4d53fde609ace
temporal_2022,outcome/seed-2,Poland/Gdynia/Redłowo | large,False,False,True,False,True,0.0,2.0816681711721685e-17,0.0,0.0,0.0,10195ba202f07b434e1fe0d383d64bf92dbb699e9281458f2fe0025c5e4cc1c8,10195ba202f07b434e1fe0d383d64bf92dbb699e9281458f2fe0025c5e4cc1c8
temporal_2022,outcome/seed-2,Poland/Gdynia/Wielki Kack | large,False,False,True,True,True,0.0,0.0,0.0,0.0,0.0,8c94cc289aa9f933b27a276cca865c8de8e378e5a9c827aef0b7a818f9c505db,8c94cc289aa9f933b27a276cca865c8de8e378e5a9c827aef0b7a818f9c505db
temporal_2022,outcome/seed-2,Poland/Gdynia/Witomino | large,False,False,True,False,True,0.0,1.734723475976807e-17,0.0,0.0,0.0,15183ba76a68430c37c5bd4b277ad5c073ebd0c804e7c9f201b54ee4f9dd726d,15183ba76a68430c37c5bd4b277ad5c073ebd0c804e7c9f201b54ee4f9dd726d
temporal_2022,outcome/seed-2,Poland/Gdynia/Wzgórze Św. Maksymiliana | large,False,False,True,True,True,0.0,0.0,0.0,0.0,0.0,67caaf9b7d5f0c553659935c7532409eef8a740674e43c26165cd0bb520b2536,67caaf9b7d5f0c553659935c7532409eef8a740674e43c26165cd0bb520b2536
temporal_2022,outcome/seed-2,Poland/Gdynia/Śródmieście | large,False,False,True,True,True,0.0,0.0,0.0,0.0,0.0,820978cee273d9ef2ecd3168e27eeb3422abc1bc24fb76dd1852f2bfab7785d4,820978cee273d9ef2ecd3168e27eeb3422abc1bc24fb76dd1852f2bfab7785d4
temporal_2022,outcome/seed-2,Poland/Warszawa/Bemowo,False,False,True,False,True,0.0,-6.938893903907228e-17,0.0,0.0,0.0,dfa03c97a353904c85ab093e036fe0f1a236236fdebe37b1b5e009f2909ed057,dfa03c97a353904c85ab093e036fe0f1a236236fdebe37b1b5e009f2909ed057
temporal_2022,outcome/seed-2,Poland/Warszawa/Białołęka,False,False,True,False,True,-1.3877787807814457e-16,-1.3877787807814457e-17,0.0,0.0,0.0,3a8bd4da01805b6ea0bf7a1bcad74778540e958f883c051ba41b899d8e2091de,3a8bd4da01805b6ea0bf7a1bcad74778540e958f883c051ba41b899d8e2091de
temporal_2022,outcome/seed-2,Poland/Warszawa/Bielany,False,False,True,False,True,-2.7755575615628914e-16,-4.5102810375396984e-17,0.0,0.0,0.0,c542e6b6ab1e862bbad8d1a57c2833866160721833bf9ca3f1017a82af7e2361,c542e6b6ab1e862bbad8d1a57c2833866160721833bf9ca3f1017a82af7e2361
temporal_2022,outcome/seed-2,Poland/Warszawa/Mokotów,False,False,True,False,True,2.220446049250313e-16,6.245004513516506e-17,0.0,0.0,0.0,7252b4945605ea7af1c52edcffd14f156bd21718004bcf7a12a9c685552fa0ff,7252b4945605ea7af1c52edcffd14f156bd21718004bcf7a12a9c685552fa0ff
temporal_2022,outcome/seed-2,Poland/Warszawa/Ochota,False,False,True,False,True,-1.3877787807814457e-16,-6.938893903907228e-17,0.0,0.0,0.0,759c9def26764d23f9bf026d899b1001970e2eb17e0ddd9dbd66bd49cbcf66d1,759c9def26764d23f9bf026d899b1001970e2eb17e0ddd9dbd66bd49cbcf66d1
temporal_2022,outcome/seed-2,Poland/Warszawa/Praga-Południe,False,False,True,False,True,-1.3877787807814457e-16,-4.85722573273506e-17,0.0,0.0,0.0,8d518e98ffc31ceabdf6e65cef5d3dfce11c236e770163bf140fc5032a9185d2,8d518e98ffc31ceabdf6e65cef5d3dfce11c236e770163bf140fc5032a9185d2
temporal_2022,outcome/seed-2,Poland/Warszawa/Praga-Północ,False,False,True,False,True,1.942890293094024e-16,2.0816681711721685e-17,0.0,0.0,0.0,19896324f8354aec0e4d89c369f64eeaef89a6cde2e85e1c07a2a1158ba2b348,19896324f8354aec0e4d89c369f64eeaef89a6cde2e85e1c07a2a1158ba2b348
temporal_2022,outcome/seed-2,Poland/Warszawa/Rembertów,False,False,True,False,True,1.3877787807814457e-16,9.020562075079397e-17,0.0,0.0,0.0,b8c651158cd1913094b5a878e29e9b4cee4c28067e2226c60405037e3f00042c,b8c651158cd1913094b5a878e29e9b4cee4c28067e2226c60405037e3f00042c
temporal_2022,outcome/seed-2,Poland/Warszawa/Targówek,False,False,True,False,True,0.0,-8.673617379884035e-17,0.0,0.0,0.0,febc863b6f52a0ec88a8d9ad57f87d8eb2a4ff8dea4bc2f236e0d1aa5409f7f7,febc863b6f52a0ec88a8d9ad57f87d8eb2a4ff8dea4bc2f236e0d1aa5409f7f7
temporal_2022,outcome/seed-2,Poland/Warszawa/Ursus,False,False,True,False,True,0.0,4.85722573273506e-17,0.0,0.0,0.0,922e99db9c38eb195edb67f5c9dddb9044114b64a7125faff4500845fb5a5219,922e99db9c38eb195edb67f5c9dddb9044114b64a7125faff4500845fb5a5219
temporal_2022,outcome/seed-2,Poland/Warszawa/Ursynów,False,False,True,False,True,1.942890293094024e-16,5.724587470723463e-17,0.0,0.0,0.0,19638361cd9f457909d051978acd37697656cdaecbe609bfcff4415936b57ebc,19638361cd9f457909d051978acd37697656cdaecbe609bfcff4415936b57ebc
temporal_2022,outcome/seed-2,Poland/Warszawa/Wawer,False,False,True,True,True,0.0,0.0,0.0,0.0,0.0,4b41ceb007196f633f8640fd80ef4ee40102641f5931d833476a0495bbae53ed,4b41ceb007196f633f8640fd80ef4ee40102641f5931d833476a0495bbae53ed
temporal_2022,outcome/seed-2,Poland/Warszawa/Wesoła,False,False,True,False,True,-1.3877787807814457e-16,1.3877787807814457e-17,0.0,0.0,0.0,c71c659c3e51fbb601041b78de4e90b7f4d99af72a5eb917f9e2c2eceec5fb53,c71c659c3e51fbb601041b78de4e90b7f4d99af72a5eb917f9e2c2eceec5fb53
temporal_2022,outcome/seed-2,Poland/Warszawa/Wilanów,False,False,True,False,True,1.1102230246251565e-16,7.632783294297951e-17,0.0,0.0,0.0,d720545e3aa91b6433d1d6c2ddc1bc4b896bfd6024b3c82b554e71e86a2efc9b,d720545e3aa91b6433d1d6c2ddc1bc4b896bfd6024b3c82b554e71e86a2efc9b
temporal_2022,outcome/seed-2,Poland/Warszawa/Wola,False,True,True,False,True,1.3877787807814457e-16,0.0,0.0,0.0,0.0,07c76ba9605ec834ee53272bacd7294d6a2df27098cd3b61303e45fcd1d0a051,07c76ba9605ec834ee53272bacd7294d6a2df27098cd3b61303e45fcd1d0a051
temporal_2022,outcome/seed-2,Poland/Warszawa/Włochy,False,False,True,False,True,-3.0531133177191805e-16,-1.474514954580286e-16,0.0,0.0,0.0,2cab097c12e80bf8c5e72f1ed80534103b16a4517e16b5e7066543a48751b557,2cab097c12e80bf8c5e72f1ed80534103b16a4517e16b5e7066543a48751b557
temporal_2022,outcome/seed-2,Poland/Warszawa/Śródmieście,False,False,True,False,True,0.0,-4.163336342344337e-17,0.0,0.0,0.0,fb68f198cb04f0fa0a859a0e9ff741868e8a3fc2a9e25be5b39867dfca3c86e0,fb68f198cb04f0fa0a859a0e9ff741868e8a3fc2a9e25be5b39867dfca3c86e0
temporal_2022,outcome/seed-2,Poland/Warszawa/Żoliborz,False,False,True,False,True,0.0,-1.1102230246251565e-16,0.0,0.0,0.0,e3ae8de6adf3c11a7edf2fe29ad335362e446339e78d3b93515e8f7608f6ff9f,e3ae8de6adf3c11a7edf2fe29ad335362e446339e78d3b93515e8f7608f6ff9f
temporal_2022,outcome/seed-2,Poland/Łódź/Andrzejów,False,False,True,False,True,1.1102230246251565e-16,1.3877787807814457e-17,0.0,0.0,0.0,1326208ab5e9b7795ee3c1f5f3931177587f34997b46e1e52b8d8a24bd19ab51,1326208ab5e9b7795ee3c1f5f3931177587f34997b46e1e52b8d8a24bd19ab51
temporal_2022,outcome/seed-2,Poland/Łódź/Bałuty Zachodnie,False,False,True,True,True,0.0,0.0,0.0,0.0,0.0,dea0ef09803252d8a08ca6bfa2ca86029b46bb90a12d84b0f8e37ff52d61423b,dea0ef09803252d8a08ca6bfa2ca86029b46bb90a12d84b0f8e37ff52d61423b
temporal_2022,outcome/seed-2,Poland/Łódź/Bałuty-Centrum,False,False,True,False,True,1.3877787807814457e-16,-2.6020852139652106e-17,0.0,0.0,0.0,9b9f90616174dc0f78b7f96d17e7e903989b3f7418d972458a3ab573c7272edd,9b9f90616174dc0f78b7f96d17e7e903989b3f7418d972458a3ab573c7272edd
temporal_2022,outcome/seed-2,Poland/Łódź/Bałuty-Doły,False,False,True,False,True,0.0,-8.673617379884035e-17,0.0,0.0,0.0,636e7ca0ec13453f43a6ab6470db4931bcd829f7531c3d188994d84bb5e2ce25,636e7ca0ec13453f43a6ab6470db4931bcd829f7531c3d188994d84bb5e2ce25
temporal_2022,outcome/seed-2,Poland/Łódź/Chojny,False,False,True,False,True,0.0,5.377642775528102e-17,0.0,0.0,0.0,b14725555c5487885cd8519bbd1d84279e0b342ab361fd3f5256593099de87ac,b14725555c5487885cd8519bbd1d84279e0b342ab361fd3f5256593099de87ac
temporal_2022,outcome/seed-2,Poland/Łódź/Chojny-Dąbrowa,False,False,True,False,True,-1.6653345369377348e-16,7.806255641895632e-17,0.0,0.0,0.0,741ab875d3d6e05044e0c3e57ca31863f268b66afa2501c8925a85ec17455487,741ab875d3d6e05044e0c3e57ca31863f268b66afa2501c8925a85ec17455487
temporal_2022,outcome/seed-2,Poland/Łódź/Dolina Łódki,False,False,True,False,True,0.0,1.734723475976807e-17,0.0,0.0,0.0,2197aa57f4dba46356b62623d944669e502539e5e41ce841745e783051443498,2197aa57f4dba46356b62623d944669e502539e5e41ce841745e783051443498
temporal_2022,outcome/seed-2,Poland/Łódź/Górniak,False,False,True,False,True,0.0,3.469446951953614e-17,0.0,0.0,0.0,77cb1d94788e674fd35de9a71a3a58da8298b2ffb8de16e0db31c5f5a98b0901,77cb1d94788e674fd35de9a71a3a58da8298b2ffb8de16e0db31c5f5a98b0901
temporal_2022,outcome/seed-2,Poland/Łódź/Im. Józefa Montwiłła-Mireckiego,False,False,True,False,True,0.0,2.42861286636753e-17,0.0,0.0,0.0,ece430e063214b56aec058881e19c4430df9d4e078caa8c024951162dfc2de9b,ece430e063214b56aec058881e19c4430df9d4e078caa8c024951162dfc2de9b
temporal_2022,outcome/seed-2,Poland/Łódź/Julianów-Marysin-Rogi,False,False,True,False,True,0.0,6.5052130349130266e-18,0.0,0.0,0.0,319cafc323559e8b436f045485e8921d11ba96a719d75e76f0b6676f02b4196f,319cafc323559e8b436f045485e8921d11ba96a719d75e76f0b6676f02b4196f
temporal_2022,outcome/seed-2,Poland/Łódź/Karolew-Retkinia Wschód,False,False,True,False,True,0.0,9.974659986866641e-18,0.0,0.0,0.0,a8477cf3d02e13afc517b00b80b74b5922e489966fd7d358f56916d0a08d0585,a8477cf3d02e13afc517b00b80b74b5922e489966fd7d358f56916d0a08d0585
temporal_2022,outcome/seed-2,Poland/Łódź/Katedralna,False,False,True,False,True,1.249000902703301e-16,-2.7755575615628914e-17,0.0,0.0,0.0,9e4f64b323575e9ffd53237bf9e58f58d74c1e8021e06c3fb7b58988fb46a1a9,9e4f64b323575e9ffd53237bf9e58f58d74c1e8021e06c3fb7b58988fb46a1a9
temporal_2022,outcome/seed-2,Poland/Łódź/Koziny,False,False,True,False,True,-1.6653345369377348e-16,-5.160802341031001e-17,0.0,0.0,0.0,22f5c26efb15dfcc18b5363a2a582bfd5244e26e2ab3b2100eb1b6b18151e1a5,22f5c26efb15dfcc18b5363a2a582bfd5244e26e2ab3b2100eb1b6b18151e1a5
temporal_2022,outcome/seed-2,Poland/Łódź/Lublinek-Pienista,False,False,True,False,True,0.0,1.6479873021779667e-17,0.0,0.0,0.0,200c2b43b574983186adc04e9d410a86b88f3d5e3db42460cabb0593a9b085f2,200c2b43b574983186adc04e9d410a86b88f3d5e3db42460cabb0593a9b085f2
temporal_2022,outcome/seed-2,Poland/Łódź/Mileszki,False,False,True,False,True,0.0,-3.5128150388530344e-17,0.0,0.0,0.0,eb81646f8fd624fccbf6d810552dab2e357392e89e0400e01beacfd184e8d734,eb81646f8fd624fccbf6d810552dab2e357392e89e0400e01beacfd184e8d734
temporal_2022,outcome/seed-2,Poland/Łódź/Nad Nerem,False,False,True,False,True,0.0,1.5612511283791264e-17,0.0,0.0,0.0,6ea42bdf2557b7051c7731431a4e6e05f4ed0a815e7d5d44d1c3c10e79db57eb,6ea42bdf2557b7051c7731431a4e6e05f4ed0a815e7d5d44d1c3c10e79db57eb
temporal_2022,outcome/seed-2,Poland/Łódź/Nowosolna,False,False,True,False,True,0.0,3.469446951953614e-18,0.0,0.0,0.0,2877aa0235aa91db0e224c815a80a487d78fe00ea8501f32bfa1c5b1cc1ae789,2877aa0235aa91db0e224c815a80a487d78fe00ea8501f32bfa1c5b1cc1ae789
temporal_2022,outcome/seed-2,Poland/Łódź/Nr 33,False,False,True,False,True,0.0,-6.179952383167375e-17,0.0,0.0,0.0,3a5a04451496c54c2d821011ac4d45ef57565ee604e01ff84beaaf450c0babc5,3a5a04451496c54c2d821011ac4d45ef57565ee604e01ff84beaaf450c0babc5
temporal_2022,outcome/seed-2,Poland/Łódź/Olechów-Janów,False,False,True,False,True,-1.1102230246251565e-16,-4.85722573273506e-17,0.0,0.0,0.0,cc16d1316627414ef66db16fbc233b6e0efe975ed3021ece052019eae0afb444,cc16d1316627414ef66db16fbc233b6e0efe975ed3021ece052019eae0afb444
temporal_2022,outcome/seed-2,Poland/Łódź/Piastów-Kurak,False,False,True,False,True,1.1102230246251565e-16,1.0408340855860843e-17,0.0,0.0,0.0,bf50222f6fcb6a4308979eb2dee7fa950627fb74e3da2f6e69aa31e2ffae2a82,bf50222f6fcb6a4308979eb2dee7fa950627fb74e3da2f6e69aa31e2ffae2a82
temporal_2022,outcome/seed-2,Poland/Łódź/Radogoszcz,False,False,True,False,True,0.0,1.9081958235744878e-17,0.0,0.0,0.0,67d92dcd9ea5978cadc5c78a95a93a3f8064ff56ec23c0d4666e510b38a733bd,67d92dcd9ea5978cadc5c78a95a93a3f8064ff56ec23c0d4666e510b38a733bd
temporal_2022,outcome/seed-2,Poland/Łódź/Retkinia Zachód-Smulsko,False,False,True,False,True,0.0,-7.806255641895632e-18,0.0,0.0,0.0,603c59aafdb5067646677476c16132deaf41db1642f84e125127eea075d03b67,603c59aafdb5067646677476c16132deaf41db1642f84e125127eea075d03b67
temporal_2022,outcome/seed-2,Poland/Łódź/Rokicie,False,False,True,False,True,1.1102230246251565e-16,2.0816681711721685e-17,0.0,0.0,0.0,66f5ad7cbf93ed6679529f3c9c91ed6307718020eba0e670fe08e13b1eeb1629,66f5ad7cbf93ed6679529f3c9c91ed6307718020eba0e670fe08e13b1eeb1629
temporal_2022,outcome/seed-2,Poland/Łódź/Ruda,False,False,True,False,True,1.1102230246251565e-16,-3.903127820947816e-17,0.0,0.0,0.0,25bc068f066d23e5e04d786aee84264b4c77854fd7624a06728f84f37db5b661,25bc068f066d23e5e04d786aee84264b4c77854fd7624a06728f84f37db5b661
temporal_2022,outcome/seed-2,Poland/Łódź/Stare Polesie,False,False,True,False,True,0.0,4.163336342344337e-17,0.0,0.0,0.0,baa9e8ae8adcff57c293a19f654b48570976871249f52b07aa1a713ba1bb5268,baa9e8ae8adcff57c293a19f654b48570976871249f52b07aa1a713ba1bb5268
temporal_2022,outcome/seed-2,Poland/Łódź/Stary Widzew,False,False,True,False,True,0.0,-1.734723475976807e-17,0.0,0.0,0.0,92dd7d45160ad11da0b640c4eedb1a3caf07acbe5bcc294053ee3b0ae4611c7a,92dd7d45160ad11da0b640c4eedb1a3caf07acbe5bcc294053ee3b0ae4611c7a
temporal_2022,outcome/seed-2,Poland/Łódź/Stoki-Sikawa-Podgórze,False,False,True,False,True,0.0,-4.163336342344337e-17,0.0,0.0,0.0,05ff87797d227a53839a573025abb9052dfad48ddcd57bea48e151f991704c49,05ff87797d227a53839a573025abb9052dfad48ddcd57bea48e151f991704c49
temporal_2022,outcome/seed-2,Poland/Łódź/Teofilów-Wielkopolska,False,False,True,False,True,-2.220446049250313e-16,-3.9898639947466563e-17,0.0,0.0,0.0,9d5bcb1844b1e38bf256f84f0ee6e7f9b5c9aa5690c86fa6bf9e7e109c4de152,9d5bcb1844b1e38bf256f84f0ee6e7f9b5c9aa5690c86fa6bf9e7e109c4de152
temporal_2022,outcome/seed-2,Poland/Łódź/Widzew-Wschód,False,False,True,False,True,0.0,-1.8106176280507924e-17,0.0,0.0,0.0,e0a059aba68155dda778f51dc0da0767d9417a702ea82e02a1a968dc5c389d64,e0a059aba68155dda778f51dc0da0767d9417a702ea82e02a1a968dc5c389d64
temporal_2022,outcome/seed-2,Poland/Łódź/Wiskitno,False,False,True,False,True,0.0,1.5612511283791264e-17,0.0,0.0,0.0,926f101b3090f0f41d82b69e8877ff5121a61e7ed327de16b69f033702229c06,926f101b3090f0f41d82b69e8877ff5121a61e7ed327de16b69f033702229c06
temporal_2022,outcome/seed-2,Poland/Łódź/Wzniesień Łódzkich,False,False,True,True,True,0.0,0.0,0.0,0.0,0.0,15e40bee0eccd634240ed0ef142335055128fc770ab653ff310fd309fc2cf1d0,15e40bee0eccd634240ed0ef142335055128fc770ab653ff310fd309fc2cf1d0
temporal_2022,outcome/seed-2,Poland/Łódź/Zarzew,False,False,True,False,True,0.0,5.724587470723463e-17,0.0,0.0,0.0,3b4ffc13645730a6732ce99b52a51618e2d787e11a155a84ef98b89b1b64e090,3b4ffc13645730a6732ce99b52a51618e2d787e11a155a84ef98b89b1b64e090
temporal_2022,outcome/seed-2,Poland/Łódź/Zdrowie-Mania,False,False,True,False,True,0.0,2.949029909160572e-17,0.0,0.0,0.0,327b098767c26dfa122a54b3d74a71aed8f8be29e13d47aaf01e28954c127620,327b098767c26dfa122a54b3d74a71aed8f8be29e13d47aaf01e28954c127620
temporal_2022,outcome/seed-2,Poland/Łódź/Złotno,False,False,True,False,True,0.0,-1.9081958235744878e-17,0.0,0.0,0.0,4de10a94aa02e27f572802a6f98b52a78ef1692567bf629b8ecc4c8cf3c9a5e3,4de10a94aa02e27f572802a6f98b52a78ef1692567bf629b8ecc4c8cf3c9a5e3
temporal_2022,outcome/seed-2,Poland/Łódź/Łagiewniki,False,False,True,False,True,0.0,-5.204170427930421e-17,0.0,0.0,0.0,dae9c5383dcb26fb65f45de4512f3335dda9db55ba7bfd0f7178497dc3b08395,dae9c5383dcb26fb65f45de4512f3335dda9db55ba7bfd0f7178497dc3b08395
temporal_2022,outcome/seed-2,Poland/Łódź/Śródmieście-Wschód,False,False,True,False,True,-1.942890293094024e-16,3.382710778154774e-17,0.0,0.0,0.0,65190692bf12b52849416b01d20e27a542b292e71ebfc4fe4cfa4153b3adef70,65190692bf12b52849416b01d20e27a542b292e71ebfc4fe4cfa4153b3adef70
temporal_2022,outcome/seed-42,Poland/Gdynia/Babie Doły | large,False,False,True,True,True,0.0,0.0,0.0,0.0,0.0,78a4070621fdf5050c4acdd3218a4134d379da84d0293c8d4f1e3a16f2a7bf98,78a4070621fdf5050c4acdd3218a4134d379da84d0293c8d4f1e3a16f2a7bf98
temporal_2022,outcome/seed-42,Poland/Gdynia/Chwarzno-Wiczlino | large,False,False,True,True,True,0.0,0.0,0.0,0.0,0.0,af156998184fa0e47daac47bb0dd0ff4d2fca7d81195bfcfc33e5e951f04805a,af156998184fa0e47daac47bb0dd0ff4d2fca7d81195bfcfc33e5e951f04805a
temporal_2022,outcome/seed-42,Poland/Gdynia/Chylonia | large,False,False,True,True,True,0.0,0.0,0.0,0.0,0.0,4ac6436df548a6a76aeb09adc9421125d46b144b3161a9435ee5858edde7896a,4ac6436df548a6a76aeb09adc9421125d46b144b3161a9435ee5858edde7896a
temporal_2022,outcome/seed-42,Poland/Gdynia/Cisowa | large,False,False,True,False,True,0.0,4.163336342344337e-17,0.0,0.0,0.0,5ff5d249432a18c6e83fc9742d3507a32b33ec130991bc2513d2e2eab44bd1fe,5ff5d249432a18c6e83fc9742d3507a32b33ec130991bc2513d2e2eab44bd1fe
temporal_2022,outcome/seed-42,Poland/Gdynia/Działki Leśne | large,False,False,True,True,True,0.0,0.0,0.0,0.0,0.0,a33f187f4f15474374d320215a6625280771c9390ce0db3a58813e8bd30df574,a33f187f4f15474374d320215a6625280771c9390ce0db3a58813e8bd30df574
temporal_2022,outcome/seed-42,Poland/Gdynia/Dąbrowa | large,False,False,True,True,True,0.0,0.0,0.0,0.0,0.0,a80c39d657c334a415197af5348265788f742313d7391899aa68f117dcf03620,a80c39d657c334a415197af5348265788f742313d7391899aa68f117dcf03620
temporal_2022,outcome/seed-42,Poland/Gdynia/Grabówek | large,False,False,True,True,True,0.0,0.0,0.0,0.0,0.0,eb711f6a15debe63a6d3b9aaf5e75b8837b05f500714a9e9a24233b74484dfab,eb711f6a15debe63a6d3b9aaf5e75b8837b05f500714a9e9a24233b74484dfab
temporal_2022,outcome/seed-42,Poland/Gdynia/Kamienna Góra | large,False,False,True,True,True,0.0,0.0,0.0,0.0,0.0,3ccbc44775c57724a2e25f940290122a9f0ed4da67771e87e931942570df4588,3ccbc44775c57724a2e25f940290122a9f0ed4da67771e87e931942570df4588
temporal_2022,outcome/seed-42,Poland/Gdynia/Karwiny | large,False,False,True,True,True,0.0,0.0,0.0,0.0,0.0,39c9a88f60c12afdabf3d137ef2e54c48407eae645ae4d676b07a330968a1c94,39c9a88f60c12afdabf3d137ef2e54c48407eae645ae4d676b07a330968a1c94
temporal_2022,outcome/seed-42,Poland/Gdynia/Leszczynki | large,False,False,True,True,True,0.0,0.0,0.0,0.0,0.0,06312b27b138e8a0ffd26b30499450ada182d3bbf2fc14f897e12959976cb732,06312b27b138e8a0ffd26b30499450ada182d3bbf2fc14f897e12959976cb732
temporal_2022,outcome/seed-42,Poland/Gdynia/Mały Kack | large,False,False,True,False,True,0.0,1.0842021724855044e-17,0.0,0.0,0.0,21561928784d6d3321ba663dbc8b9b8ac3f9cadb489518cb99fbdd80fb05207a,21561928784d6d3321ba663dbc8b9b8ac3f9cadb489518cb99fbdd80fb05207a
temporal_2022,outcome/seed-42,Poland/Gdynia/Obłuże | large,False,False,True,True,True,0.0,0.0,0.0,0.0,0.0,2193bffd346de6e90a723875680b33c657316b211d4572373c346718cfd3d41d,2193bffd346de6e90a723875680b33c657316b211d4572373c346718cfd3d41d
temporal_2022,outcome/seed-42,Poland/Gdynia/Oksywie | large,False,False,True,True,True,0.0,0.0,0.0,0.0,0.0,bdcc84009dafcc4792da64abb5efc481ac0c30230dbe5db8c2f41a45bc59ae29,bdcc84009dafcc4792da64abb5efc481ac0c30230dbe5db8c2f41a45bc59ae29
temporal_2022,outcome/seed-42,Poland/Gdynia/Orłowo | large,False,False,True,True,True,0.0,0.0,0.0,0.0,0.0,2e99e101a4b0e206ba114570d1306617794ada44e7694e6f869c639f7d3da306,2e99e101a4b0e206ba114570d1306617794ada44e7694e6f869c639f7d3da306
temporal_2022,outcome/seed-42,Poland/Gdynia/Pogórze | large,False,False,True,True,True,0.0,0.0,0.0,0.0,0.0,3b87ca31251e004bfdf67e22eb1eb4a765e105af99cc99229734f621621221c6,3b87ca31251e004bfdf67e22eb1eb4a765e105af99cc99229734f621621221c6
temporal_2022,outcome/seed-42,Poland/Gdynia/Pustki Cisowskie-Demptowo | large,False,False,True,False,True,0.0,1.9081958235744878e-17,0.0,0.0,0.0,2d989909a4bac13307b131c8ad572835649f7b2d3a9077cb72c4d53fde609ace,2d989909a4bac13307b131c8ad572835649f7b2d3a9077cb72c4d53fde609ace
temporal_2022,outcome/seed-42,Poland/Gdynia/Redłowo | large,False,False,True,False,True,0.0,2.0816681711721685e-17,0.0,0.0,0.0,10195ba202f07b434e1fe0d383d64bf92dbb699e9281458f2fe0025c5e4cc1c8,10195ba202f07b434e1fe0d383d64bf92dbb699e9281458f2fe0025c5e4cc1c8
temporal_2022,outcome/seed-42,Poland/Gdynia/Wielki Kack | large,False,False,True,True,True,0.0,0.0,0.0,0.0,0.0,8c94cc289aa9f933b27a276cca865c8de8e378e5a9c827aef0b7a818f9c505db,8c94cc289aa9f933b27a276cca865c8de8e378e5a9c827aef0b7a818f9c505db
temporal_2022,outcome/seed-42,Poland/Gdynia/Witomino | large,False,False,True,False,True,0.0,1.734723475976807e-17,0.0,0.0,0.0,15183ba76a68430c37c5bd4b277ad5c073ebd0c804e7c9f201b54ee4f9dd726d,15183ba76a68430c37c5bd4b277ad5c073ebd0c804e7c9f201b54ee4f9dd726d
temporal_2022,outcome/seed-42,Poland/Gdynia/Wzgórze Św. Maksymiliana | large,False,False,True,True,True,0.0,0.0,0.0,0.0,0.0,67caaf9b7d5f0c553659935c7532409eef8a740674e43c26165cd0bb520b2536,67caaf9b7d5f0c553659935c7532409eef8a740674e43c26165cd0bb520b2536
temporal_2022,outcome/seed-42,Poland/Gdynia/Śródmieście | large,False,False,True,True,True,0.0,0.0,0.0,0.0,0.0,820978cee273d9ef2ecd3168e27eeb3422abc1bc24fb76dd1852f2bfab7785d4,820978cee273d9ef2ecd3168e27eeb3422abc1bc24fb76dd1852f2bfab7785d4
temporal_2022,outcome/seed-42,Poland/Warszawa/Bemowo,False,False,True,False,True,1.942890293094024e-16,5.898059818321144e-17,0.0,0.0,0.0,dd9d3529c98f4e1efbbb54ab87f1f9d203380ecdf2b1f950975078bf6b1eb142,dd9d3529c98f4e1efbbb54ab87f1f9d203380ecdf2b1f950975078bf6b1eb142
temporal_2022,outcome/seed-42,Poland/Warszawa/Białołęka,False,False,True,False,True,-1.3877787807814457e-16,-2.0816681711721685e-17,0.0,0.0,0.0,a6e7030d1327c507195aa50c4fe22efb22cc04db78b6bfd8c1e733135727088f,a6e7030d1327c507195aa50c4fe22efb22cc04db78b6bfd8c1e733135727088f
temporal_2022,outcome/seed-42,Poland/Warszawa/Bielany,False,False,True,False,True,-1.3877787807814457e-16,-5.551115123125783e-17,0.0,0.0,0.0,eacf1a95a4da8fcf3fe50a66a4832f10a434cd355a1c7d860da7fd1ef58711eb,eacf1a95a4da8fcf3fe50a66a4832f10a434cd355a1c7d860da7fd1ef58711eb
temporal_2022,outcome/seed-42,Poland/Warszawa/Mokotów,False,False,True,False,True,2.7755575615628914e-16,1.3877787807814457e-17,0.0,0.0,0.0,3f0f42f10ca79f8bad78847675d9d23c6cfc1afa89bf314d53bb057b69986d4f,3f0f42f10ca79f8bad78847675d9d23c6cfc1afa89bf314d53bb057b69986d4f
temporal_2022,outcome/seed-42,Poland/Warszawa/Ochota,False,False,True,True,True,0.0,0.0,0.0,0.0,0.0,b8729570233a613c86d24f2c7be5b4e8febb77e659a958a30da430442056e774,b8729570233a613c86d24f2c7be5b4e8febb77e659a958a30da430442056e774
temporal_2022,outcome/seed-42,Poland/Warszawa/Praga-Południe,False,False,True,False,True,0.0,-1.3877787807814457e-17,0.0,0.0,0.0,7e234d17da595559642b07e9b5a4e705d88e8ff971aee011e8210d14d62c1222,7e234d17da595559642b07e9b5a4e705d88e8ff971aee011e8210d14d62c1222
temporal_2022,outcome/seed-42,Poland/Warszawa/Praga-Północ,False,False,True,False,True,0.0,-6.938893903907228e-17,0.0,0.0,0.0,68d8eec7ce067bc8cea41c866890f967b5c54d6ea5ee5cc93e9fc201011edd27,68d8eec7ce067bc8cea41c866890f967b5c54d6ea5ee5cc93e9fc201011edd27
temporal_2022,outcome/seed-42,Poland/Warszawa/Rembertów,False,False,True,False,True,0.0,6.938893903907228e-18,0.0,0.0,0.0,d53a774de56d98f2b998459ef5a5e4f317b47df39d449933aeb886692e11a05d,d53a774de56d98f2b998459ef5a5e4f317b47df39d449933aeb886692e11a05d
temporal_2022,outcome/seed-42,Poland/Warszawa/Targówek,False,False,True,False,True,0.0,-4.163336342344337e-17,0.0,0.0,0.0,0f4bf2c91001406335b5a36ee22bd652e1fbabd395bae83bca957fd352c066c6,0f4bf2c91001406335b5a36ee22bd652e1fbabd395bae83bca957fd352c066c6
temporal_2022,outcome/seed-42,Poland/Warszawa/Ursus,False,False,True,False,True,1.1102230246251565e-16,6.938893903907228e-18,0.0,0.0,0.0,edbc6f1b646db61df1550f60162817d7d29773f34eca897d7698e451cca899e2,edbc6f1b646db61df1550f60162817d7d29773f34eca897d7698e451cca899e2
temporal_2022,outcome/seed-42,Poland/Warszawa/Ursynów,False,False,True,False,True,2.1510571102112408e-16,7.318364664277155e-17,0.0,0.0,0.0,e72f0d973fa1f35447b8f7af13a4f77b51147ba5868f1b22fd7237ee714680ab,e72f0d973fa1f35447b8f7af13a4f77b51147ba5868f1b22fd7237ee714680ab
temporal_2022,outcome/seed-42,Poland/Warszawa/Wawer,False,False,True,False,True,0.0,3.8163916471489756e-17,0.0,0.0,0.0,e8da47441b5939d9c12d5461b03783273dbde2fa99768ed8758b0410a6704683,e8da47441b5939d9c12d5461b03783273dbde2fa99768ed8758b0410a6704683
temporal_2022,outcome/seed-42,Poland/Warszawa/Wesoła,False,False,True,False,True,0.0,1.3877787807814457e-17,0.0,0.0,0.0,d665a77242fd3f4e839016159475894b9dfc85d87a7a6e0dfc0229899c31fc31,d665a77242fd3f4e839016159475894b9dfc85d87a7a6e0dfc0229899c31fc31
temporal_2022,outcome/seed-42,Poland/Warszawa/Wilanów,False,False,True,False,True,-5.551115123125783e-17,4.85722573273506e-17,0.0,0.0,0.0,a1efb4e1880f7f12a4611842a1a6eafcc6a088002164409c0fb5c781b5c1a591,a1efb4e1880f7f12a4611842a1a6eafcc6a088002164409c0fb5c781b5c1a591
temporal_2022,outcome/seed-42,Poland/Warszawa/Wola,False,True,True,False,True,0.0,3.469446951953614e-17,0.0,0.0,0.0,39d364358dac82502cd8a14ae737f5fd92f9270e816fcebf02165da52b85f641,39d364358dac82502cd8a14ae737f5fd92f9270e816fcebf02165da52b85f641
temporal_2022,outcome/seed-42,Poland/Warszawa/Włochy,False,False,True,False,True,-3.191891195797325e-16,-1.0408340855860843e-16,0.0,0.0,0.0,3e4451a54855df63587e08591967e439cca6948a7fd7aa75377449374c5b7912,3e4451a54855df63587e08591967e439cca6948a7fd7aa75377449374c5b7912
temporal_2022,outcome/seed-42,Poland/Warszawa/Śródmieście,False,False,True,False,True,0.0,-3.469446951953614e-17,0.0,0.0,0.0,3c0e91732f44d844548700fa265163955a878c8c550d93d0090898dfbddff291,3c0e91732f44d844548700fa265163955a878c8c550d93d0090898dfbddff291
temporal_2022,outcome/seed-42,Poland/Warszawa/Żoliborz,False,False,True,False,True,2.220446049250313e-16,-6.938893903907228e-18,0.0,0.0,0.0,f28e3c5a2fd78a42bbb73d9ab39e926f21b9065346d0cea7e9e82584c1b5bbc6,f28e3c5a2fd78a42bbb73d9ab39e926f21b9065346d0cea7e9e82584c1b5bbc6
temporal_2022,outcome/seed-42,Poland/Łódź/Andrzejów,False,False,True,False,True,1.1102230246251565e-16,1.734723475976807e-17,0.0,0.0,0.0,6aae6a1ebb50556c17733cf946b48acecae48f090b505bffb05be9cc45068af4,6aae6a1ebb50556c17733cf946b48acecae48f090b505bffb05be9cc45068af4
temporal_2022,outcome/seed-42,Poland/Łódź/Bałuty Zachodnie,False,False,True,True,True,0.0,0.0,0.0,0.0,0.0,dea0ef09803252d8a08ca6bfa2ca86029b46bb90a12d84b0f8e37ff52d61423b,dea0ef09803252d8a08ca6bfa2ca86029b46bb90a12d84b0f8e37ff52d61423b
temporal_2022,outcome/seed-42,Poland/Łódź/Bałuty-Centrum,False,False,True,False,True,0.0,-2.168404344971009e-18,0.0,0.0,0.0,63136f652d2fec26e02e3b99a9f91457c8e325c8df1d6d6cbd2cae53a6072365,63136f652d2fec26e02e3b99a9f91457c8e325c8df1d6d6cbd2cae53a6072365
temporal_2022,outcome/seed-42,Poland/Łódź/Bałuty-Doły,False,False,True,False,True,0.0,2.6020852139652106e-17,0.0,0.0,0.0,70c2ed5b8eaefd6947b27d3bc0b2b1eb5840e7c14825dad967685c058c5225ea,70c2ed5b8eaefd6947b27d3bc0b2b1eb5840e7c14825dad967685c058c5225ea
temporal_2022,outcome/seed-42,Poland/Łódź/Chojny,False,False,True,False,True,0.0,-1.5178830414797062e-17,0.0,0.0,0.0,813dfb36eaa2e9f578479c5b34df8eb59f71f12d3662a85d120bbb99538067ca,813dfb36eaa2e9f578479c5b34df8eb59f71f12d3662a85d120bbb99538067ca
temporal_2022,outcome/seed-42,Poland/Łódź/Chojny-Dąbrowa,False,False,True,False,True,0.0,8.500145032286355e-17,0.0,0.0,0.0,9f44ccffde6c674c8a482af188099d6ed814438be7cf68d919537d8e9ac38d87,9f44ccffde6c674c8a482af188099d6ed814438be7cf68d919537d8e9ac38d87
temporal_2022,outcome/seed-42,Poland/Łódź/Dolina Łódki,False,False,True,False,True,0.0,1.734723475976807e-17,0.0,0.0,0.0,2197aa57f4dba46356b62623d944669e502539e5e41ce841745e783051443498,2197aa57f4dba46356b62623d944669e502539e5e41ce841745e783051443498
temporal_2022,outcome/seed-42,Poland/Łódź/Górniak,False,False,True,False,True,0.0,3.469446951953614e-17,0.0,0.0,0.0,77cb1d94788e674fd35de9a71a3a58da8298b2ffb8de16e0db31c5f5a98b0901,77cb1d94788e674fd35de9a71a3a58da8298b2ffb8de16e0db31c5f5a98b0901
temporal_2022,outcome/seed-42,Poland/Łódź/Im. Józefa Montwiłła-Mireckiego,False,False,True,False,True,0.0,-1.0408340855860843e-17,0.0,0.0,0.0,2ec3d9a904998d32958b473681bc4f4ed19b1ade7707f315e8115558ab996515,2ec3d9a904998d32958b473681bc4f4ed19b1ade7707f315e8115558ab996515
temporal_2022,outcome/seed-42,Poland/Łódź/Julianów-Marysin-Rogi,False,False,True,False,True,0.0,3.642919299551295e-17,0.0,0.0,0.0,bbdcb235c9fc5f8f4b0da98b583f846ad5e830f1fd24b957e81464be46125e40,bbdcb235c9fc5f8f4b0da98b583f846ad5e830f1fd24b957e81464be46125e40
temporal_2022,outcome/seed-42,Poland/Łódź/Karolew-Retkinia Wschód,False,False,True,False,True,0.0,-7.318364664277155e-19,0.0,0.0,0.0,efb1025c53bf13b860035576a3a85f72e5ece8844a9f8c7f819b415131c014e0,efb1025c53bf13b860035576a3a85f72e5ece8844a9f8c7f819b415131c014e0
temporal_2022,outcome/seed-42,Poland/Łódź/Katedralna,False,False,True,False,True,2.498001805406602e-16,-6.591949208711867e-17,0.0,0.0,0.0,aa5a65eb50e9f5b95f8e03e290e3b50eeb52703da28643efa88811b45933af83,aa5a65eb50e9f5b95f8e03e290e3b50eeb52703da28643efa88811b45933af83
temporal_2022,outcome/seed-42,Poland/Łódź/Koziny,False,False,True,False,True,-1.8041124150158794e-16,-6.938893903907228e-18,0.0,0.0,0.0,2192969e31dd89ce91c58670a7c595cc5cf0a7c54da4878a4f244390dc7dd652,2192969e31dd89ce91c58670a7c595cc5cf0a7c54da4878a4f244390dc7dd652
temporal_2022,outcome/seed-42,Poland/Łódź/Lublinek-Pienista,False,False,True,False,True,0.0,-3.469446951953614e-17,0.0,0.0,0.0,f5aeef697bbed3082488772fbc282ecfb0be7cabd44d3620c5ccecb73f5119a4,f5aeef697bbed3082488772fbc282ecfb0be7cabd44d3620c5ccecb73f5119a4
temporal_2022,outcome/seed-42,Poland/Łódź/Mileszki,False,False,True,False,True,0.0,-3.5128150388530344e-17,0.0,0.0,0.0,eb81646f8fd624fccbf6d810552dab2e357392e89e0400e01beacfd184e8d734,eb81646f8fd624fccbf6d810552dab2e357392e89e0400e01beacfd184e8d734
temporal_2022,outcome/seed-42,Poland/Łódź/Nad Nerem,False,False,True,False,True,0.0,1.0950441942103595e-17,0.0,0.0,0.0,7ce749675c1992a87ec70c83e4e76b892ffb2860c1ca6e9bbfae5e165a989b2f,7ce749675c1992a87ec70c83e4e76b892ffb2860c1ca6e9bbfae5e165a989b2f
temporal_2022,outcome/seed-42,Poland/Łódź/Nowosolna,False,False,True,False,True,0.0,3.469446951953614e-18,0.0,0.0,0.0,2877aa0235aa91db0e224c815a80a487d78fe00ea8501f32bfa1c5b1cc1ae789,2877aa0235aa91db0e224c815a80a487d78fe00ea8501f32bfa1c5b1cc1ae789
temporal_2022,outcome/seed-42,Poland/Łódź/Nr 33,False,False,True,False,True,0.0,-6.179952383167375e-17,0.0,0.0,0.0,3a5a04451496c54c2d821011ac4d45ef57565ee604e01ff84beaaf450c0babc5,3a5a04451496c54c2d821011ac4d45ef57565ee604e01ff84beaaf450c0babc5
temporal_2022,outcome/seed-42,Poland/Łódź/Olechów-Janów,False,False,True,False,True,-2.498001805406602e-16,-8.326672684688674e-17,0.0,0.0,0.0,67ca033cc9375271aa2eda576ce4f352b233e02c80113e3e47a57a7dab314016,67ca033cc9375271aa2eda576ce4f352b233e02c80113e3e47a57a7dab314016
temporal_2022,outcome/seed-42,Poland/Łódź/Piastów-Kurak,False,False,True,False,True,1.1102230246251565e-16,1.0408340855860843e-17,0.0,0.0,0.0,bf50222f6fcb6a4308979eb2dee7fa950627fb74e3da2f6e69aa31e2ffae2a82,bf50222f6fcb6a4308979eb2dee7fa950627fb74e3da2f6e69aa31e2ffae2a82
temporal_2022,outcome/seed-42,Poland/Łódź/Radogoszcz,False,False,True,False,True,1.942890293094024e-16,8.673617379884035e-19,0.0,0.0,0.0,ca04d795c8d51b8f88e80d44e64cecff78f783cba62a822af7d76f30156a414b,ca04d795c8d51b8f88e80d44e64cecff78f783cba62a822af7d76f30156a414b
temporal_2022,outcome/seed-42,Poland/Łódź/Retkinia Zachód-Smulsko,False,False,True,False,True,-1.6653345369377348e-16,-2.862293735361732e-17,0.0,0.0,0.0,603c59aafdb5067646677476c16132deaf41db1642f84e125127eea075d03b67,603c59aafdb5067646677476c16132deaf41db1642f84e125127eea075d03b67
temporal_2022,outcome/seed-42,Poland/Łódź/Rokicie,False,False,True,False,True,1.1102230246251565e-16,2.0816681711721685e-17,0.0,0.0,0.0,66f5ad7cbf93ed6679529f3c9c91ed6307718020eba0e670fe08e13b1eeb1629,66f5ad7cbf93ed6679529f3c9c91ed6307718020eba0e670fe08e13b1eeb1629
temporal_2022,outcome/seed-42,Poland/Łódź/Ruda,False,False,True,False,True,0.0,-1.6479873021779667e-17,0.0,0.0,0.0,02be784f6a5053b33513080e9cc9d6f5dac5fdf7c423c0d8ec8fc4571e8e88f6,02be784f6a5053b33513080e9cc9d6f5dac5fdf7c423c0d8ec8fc4571e8e88f6
temporal_2022,outcome/seed-42,Poland/Łódź/Stare Polesie,False,False,True,False,True,-1.6653345369377348e-16,4.5102810375396984e-17,0.0,0.0,0.0,6870a5b547c5dc3924d15013ddc989c64691d442817bc065bebc281ff2174178,6870a5b547c5dc3924d15013ddc989c64691d442817bc065bebc281ff2174178
temporal_2022,outcome/seed-42,Poland/Łódź/Stary Widzew,False,False,True,False,True,0.0,-1.734723475976807e-17,0.0,0.0,0.0,d21e908bf959927599b4faf35edbebda022c4a4246b023d2d1581b19cd6f07ff,d21e908bf959927599b4faf35edbebda022c4a4246b023d2d1581b19cd6f07ff
temporal_2022,outcome/seed-42,Poland/Łódź/Stoki-Sikawa-Podgórze,False,False,True,False,True,0.0,-4.163336342344337e-17,0.0,0.0,0.0,05ff87797d227a53839a573025abb9052dfad48ddcd57bea48e151f991704c49,05ff87797d227a53839a573025abb9052dfad48ddcd57bea48e151f991704c49
temporal_2022,outcome/seed-42,Poland/Łódź/Teofilów-Wielkopolska,False,False,True,False,True,-2.220446049250313e-16,-3.9898639947466563e-17,0.0,0.0,0.0,9d5bcb1844b1e38bf256f84f0ee6e7f9b5c9aa5690c86fa6bf9e7e109c4de152,9d5bcb1844b1e38bf256f84f0ee6e7f9b5c9aa5690c86fa6bf9e7e109c4de152
temporal_2022,outcome/seed-42,Poland/Łódź/Widzew-Wschód,False,False,True,False,True,0.0,2.42861286636753e-17,0.0,0.0,0.0,2bdc9f712a77ffbd87446f00689fb0919a96c33456a2c36cfb57415190dd1cd9,2bdc9f712a77ffbd87446f00689fb0919a96c33456a2c36cfb57415190dd1cd9
temporal_2022,outcome/seed-42,Poland/Łódź/Wiskitno,False,False,True,False,True,0.0,1.5612511283791264e-17,0.0,0.0,0.0,926f101b3090f0f41d82b69e8877ff5121a61e7ed327de16b69f033702229c06,926f101b3090f0f41d82b69e8877ff5121a61e7ed327de16b69f033702229c06
temporal_2022,outcome/seed-42,Poland/Łódź/Wzniesień Łódzkich,False,False,True,True,True,0.0,0.0,0.0,0.0,0.0,15e40bee0eccd634240ed0ef142335055128fc770ab653ff310fd309fc2cf1d0,15e40bee0eccd634240ed0ef142335055128fc770ab653ff310fd309fc2cf1d0
temporal_2022,outcome/seed-42,Poland/Łódź/Zarzew,False,False,True,False,True,0.0,5.724587470723463e-17,0.0,0.0,0.0,3b4ffc13645730a6732ce99b52a51618e2d787e11a155a84ef98b89b1b64e090,3b4ffc13645730a6732ce99b52a51618e2d787e11a155a84ef98b89b1b64e090
temporal_2022,outcome/seed-42,Poland/Łódź/Zdrowie-Mania,False,False,True,False,True,0.0,2.949029909160572e-17,0.0,0.0,0.0,327b098767c26dfa122a54b3d74a71aed8f8be29e13d47aaf01e28954c127620,327b098767c26dfa122a54b3d74a71aed8f8be29e13d47aaf01e28954c127620
temporal_2022,outcome/seed-42,Poland/Łódź/Złotno,False,False,True,False,True,0.0,-4.5102810375396984e-17,0.0,0.0,0.0,0f1d7870da216deacdc7eb351a52dcbca3930716a7fb731b3a469759054c6b0a,0f1d7870da216deacdc7eb351a52dcbca3930716a7fb731b3a469759054c6b0a
temporal_2022,outcome/seed-42,Poland/Łódź/Łagiewniki,False,False,True,False,True,0.0,-5.204170427930421e-17,0.0,0.0,0.0,dae9c5383dcb26fb65f45de4512f3335dda9db55ba7bfd0f7178497dc3b08395,dae9c5383dcb26fb65f45de4512f3335dda9db55ba7bfd0f7178497dc3b08395
temporal_2022,outcome/seed-42,Poland/Łódź/Śródmieście-Wschód,False,False,True,False,True,-1.1102230246251565e-16,4.85722573273506e-17,0.0,0.0,0.0,32e85860bfaca8d2dcc879f9afb9ffac7451381a84d971f88fc11fa4bf8dc666,32e85860bfaca8d2dcc879f9afb9ffac7451381a84d971f88fc11fa4bf8dc666
temporal_2022,priority/seed-1,Poland/Gdynia/Babie Doły | large,False,False,True,True,True,0.0,0.0,0.0,0.0,0.0,b1ead5fb43bd23866b30ee577465fd4c8d40dd7e5eed9088e2e73244225b9a66,b1ead5fb43bd23866b30ee577465fd4c8d40dd7e5eed9088e2e73244225b9a66
temporal_2022,priority/seed-1,Poland/Gdynia/Chwarzno-Wiczlino | large,False,False,True,True,True,0.0,0.0,0.0,0.0,0.0,74e661addbada410d3217d9b69b90dbc2a01fff60dec28d692fcb4e9c7bbc167,74e661addbada410d3217d9b69b90dbc2a01fff60dec28d692fcb4e9c7bbc167
temporal_2022,priority/seed-1,Poland/Gdynia/Chylonia | large,False,False,True,False,True,0.0,-1.5612511283791264e-17,0.0,0.0,0.0,c14a833feda6cbfb08596b93b47718954cadd591f3bb88a7dc238f3e743546d9,c14a833feda6cbfb08596b93b47718954cadd591f3bb88a7dc238f3e743546d9
temporal_2022,priority/seed-1,Poland/Gdynia/Cisowa | large,False,False,True,False,True,0.0,4.163336342344337e-17,0.0,0.0,0.0,5ff5d249432a18c6e83fc9742d3507a32b33ec130991bc2513d2e2eab44bd1fe,5ff5d249432a18c6e83fc9742d3507a32b33ec130991bc2513d2e2eab44bd1fe
temporal_2022,priority/seed-1,Poland/Gdynia/Działki Leśne | large,False,False,True,True,True,0.0,0.0,0.0,0.0,0.0,a33f187f4f15474374d320215a6625280771c9390ce0db3a58813e8bd30df574,a33f187f4f15474374d320215a6625280771c9390ce0db3a58813e8bd30df574
temporal_2022,priority/seed-1,Poland/Gdynia/Dąbrowa | large,False,False,True,True,True,0.0,0.0,0.0,0.0,0.0,b51f3d912f43b977f8ae3a38a0580c56e82da0a6ee79dd177155b078a1722eb6,b51f3d912f43b977f8ae3a38a0580c56e82da0a6ee79dd177155b078a1722eb6
temporal_2022,priority/seed-1,Poland/Gdynia/Grabówek | large,False,False,True,True,True,0.0,0.0,0.0,0.0,0.0,eb711f6a15debe63a6d3b9aaf5e75b8837b05f500714a9e9a24233b74484dfab,eb711f6a15debe63a6d3b9aaf5e75b8837b05f500714a9e9a24233b74484dfab
temporal_2022,priority/seed-1,Poland/Gdynia/Kamienna Góra | large,False,False,True,True,True,0.0,0.0,0.0,0.0,0.0,3ccbc44775c57724a2e25f940290122a9f0ed4da67771e87e931942570df4588,3ccbc44775c57724a2e25f940290122a9f0ed4da67771e87e931942570df4588
temporal_2022,priority/seed-1,Poland/Gdynia/Karwiny | large,False,False,True,True,True,0.0,0.0,0.0,0.0,0.0,39c9a88f60c12afdabf3d137ef2e54c48407eae645ae4d676b07a330968a1c94,39c9a88f60c12afdabf3d137ef2e54c48407eae645ae4d676b07a330968a1c94
temporal_2022,priority/seed-1,Poland/Gdynia/Leszczynki | large,False,False,True,True,True,0.0,0.0,0.0,0.0,0.0,06312b27b138e8a0ffd26b30499450ada182d3bbf2fc14f897e12959976cb732,06312b27b138e8a0ffd26b30499450ada182d3bbf2fc14f897e12959976cb732
temporal_2022,priority/seed-1,Poland/Gdynia/Mały Kack | large,False,False,True,False,True,0.0,1.0842021724855044e-17,0.0,0.0,0.0,21561928784d6d3321ba663dbc8b9b8ac3f9cadb489518cb99fbdd80fb05207a,21561928784d6d3321ba663dbc8b9b8ac3f9cadb489518cb99fbdd80fb05207a
temporal_2022,priority/seed-1,Poland/Gdynia/Obłuże | large,False,False,True,True,True,0.0,0.0,0.0,0.0,0.0,2193bffd346de6e90a723875680b33c657316b211d4572373c346718cfd3d41d,2193bffd346de6e90a723875680b33c657316b211d4572373c346718cfd3d41d
temporal_2022,priority/seed-1,Poland/Gdynia/Oksywie | large,False,False,True,True,True,0.0,0.0,0.0,0.0,0.0,e3636574308af8800c57cdf80c9d5a566582dc2713dc4a186dee96c6dee32e5e,e3636574308af8800c57cdf80c9d5a566582dc2713dc4a186dee96c6dee32e5e
temporal_2022,priority/seed-1,Poland/Gdynia/Orłowo | large,False,False,True,True,True,0.0,0.0,0.0,0.0,0.0,2e99e101a4b0e206ba114570d1306617794ada44e7694e6f869c639f7d3da306,2e99e101a4b0e206ba114570d1306617794ada44e7694e6f869c639f7d3da306
temporal_2022,priority/seed-1,Poland/Gdynia/Pogórze | large,False,False,True,True,True,0.0,0.0,0.0,0.0,0.0,3b87ca31251e004bfdf67e22eb1eb4a765e105af99cc99229734f621621221c6,3b87ca31251e004bfdf67e22eb1eb4a765e105af99cc99229734f621621221c6
temporal_2022,priority/seed-1,Poland/Gdynia/Pustki Cisowskie-Demptowo | large,False,False,True,False,True,-8.326672684688674e-17,8.673617379884035e-18,0.0,0.0,0.0,72ef43d778d2f2df94878e1a2b12d1b0172bc95dea2ef51b23703849d7f1d6a7,72ef43d778d2f2df94878e1a2b12d1b0172bc95dea2ef51b23703849d7f1d6a7
temporal_2022,priority/seed-1,Poland/Gdynia/Redłowo | large,False,False,True,True,True,0.0,0.0,0.0,0.0,0.0,b2a7890b0bc7366092390e05841e3d7e67a284e4fcae737d3f995a9341cbcadc,b2a7890b0bc7366092390e05841e3d7e67a284e4fcae737d3f995a9341cbcadc
temporal_2022,priority/seed-1,Poland/Gdynia/Wielki Kack | large,False,False,True,True,True,0.0,0.0,0.0,0.0,0.0,2bd308c18fb68f5d81b5246f2264216dd59c1277beb0a842d25549309ff63d54,2bd308c18fb68f5d81b5246f2264216dd59c1277beb0a842d25549309ff63d54
temporal_2022,priority/seed-1,Poland/Gdynia/Witomino | large,False,False,True,False,True,0.0,1.734723475976807e-17,0.0,0.0,0.0,15183ba76a68430c37c5bd4b277ad5c073ebd0c804e7c9f201b54ee4f9dd726d,15183ba76a68430c37c5bd4b277ad5c073ebd0c804e7c9f201b54ee4f9dd726d
temporal_2022,priority/seed-1,Poland/Gdynia/Wzgórze Św. Maksymiliana | large,False,False,True,True,True,0.0,0.0,0.0,0.0,0.0,80218bab76933d97f9421e7f85b7fa87b80ffe72e34dd46f88cf6b88cf6f691b,80218bab76933d97f9421e7f85b7fa87b80ffe72e34dd46f88cf6b88cf6f691b
temporal_2022,priority/seed-1,Poland/Gdynia/Śródmieście | large,False,False,True,True,True,0.0,0.0,0.0,0.0,0.0,a0bcca1aecb628368aefea0e4d0f285bf0349d62beb63498356685c1aad3057d,a0bcca1aecb628368aefea0e4d0f285bf0349d62beb63498356685c1aad3057d
temporal_2022,priority/seed-1,Poland/Warszawa/Bemowo,False,False,True,False,True,0.0,-1.3877787807814457e-17,0.0,0.0,0.0,8432b716d4c8dcd49b76f7e4e15a298660727746d97fc02abcb5e0c4aff8d76c,8432b716d4c8dcd49b76f7e4e15a298660727746d97fc02abcb5e0c4aff8d76c
temporal_2022,priority/seed-1,Poland/Warszawa/Białołęka,False,False,True,False,True,0.0,1.3877787807814457e-17,0.0,0.0,0.0,070cb0968a16f00a4b970da3d13612deff44d084dbaeee4de066d9a7f56282a5,070cb0968a16f00a4b970da3d13612deff44d084dbaeee4de066d9a7f56282a5
temporal_2022,priority/seed-1,Poland/Warszawa/Bielany,False,False,True,False,True,1.1102230246251565e-16,-4.5102810375396984e-17,0.0,0.0,0.0,eec79ff16b29a2fe9d95d4692c3e9bc04e26f1e7724f6a3253b34bdfd22f5469,eec79ff16b29a2fe9d95d4692c3e9bc04e26f1e7724f6a3253b34bdfd22f5469
temporal_2022,priority/seed-1,Poland/Warszawa/Mokotów,False,False,True,False,True,0.0,2.0816681711721685e-17,0.0,0.0,0.0,e5f4e1415dde720aaada792310a8524ceea9385b135765ef636ebe6e1ed0d1f6,e5f4e1415dde720aaada792310a8524ceea9385b135765ef636ebe6e1ed0d1f6
temporal_2022,priority/seed-1,Poland/Warszawa/Ochota,False,False,True,False,True,-1.3877787807814457e-16,-4.85722573273506e-17,0.0,0.0,0.0,b1f632da713a1f230e9f70d8646230c30547374f02b3dda5496be6f9073abf29,b1f632da713a1f230e9f70d8646230c30547374f02b3dda5496be6f9073abf29
temporal_2022,priority/seed-1,Poland/Warszawa/Praga-Południe,False,False,True,False,True,0.0,4.163336342344337e-17,0.0,0.0,0.0,332fae412985f18154e90d8643433b73d2c6310addc85a476344fb1ac4aa2730,332fae412985f18154e90d8643433b73d2c6310addc85a476344fb1ac4aa2730
temporal_2022,priority/seed-1,Poland/Warszawa/Praga-Północ,False,False,True,False,True,1.942890293094024e-16,5.551115123125783e-17,0.0,0.0,0.0,ceedaa1a24b60b1168bf5bdcef423f4609b5f775010a0161992c920a50b02603,ceedaa1a24b60b1168bf5bdcef423f4609b5f775010a0161992c920a50b02603
temporal_2022,priority/seed-1,Poland/Warszawa/Rembertów,False,False,True,False,True,0.0,4.5102810375396984e-17,0.0,0.0,0.0,4b999af49287aa82a481c25752f6840383473c225923255fc32c61e4ea3bf60d,4b999af49287aa82a481c25752f6840383473c225923255fc32c61e4ea3bf60d
temporal_2022,priority/seed-1,Poland/Warszawa/Targówek,False,False,True,False,True,1.3877787807814457e-16,6.938893903907228e-18,0.0,0.0,0.0,a2beb088f67234c4c044657ececec812d758e689a3cce304d50c0ac175a8101b,a2beb088f67234c4c044657ececec812d758e689a3cce304d50c0ac175a8101b
temporal_2022,priority/seed-1,Poland/Warszawa/Ursus,False,False,True,False,True,0.0,6.938893903907228e-18,0.0,0.0,0.0,cec4a68a54f2349e71fd06b8e10bfdfa04d5d1b75b0fd29286f625a793a108de,cec4a68a54f2349e71fd06b8e10bfdfa04d5d1b75b0fd29286f625a793a108de
temporal_2022,priority/seed-1,Poland/Warszawa/Ursynów,False,False,True,False,True,0.0,5.551115123125783e-17,0.0,0.0,0.0,64a473bcefe150bf26cfc29332fab28cfc9b912f331ded8fbb87c716b5ef20a6,64a473bcefe150bf26cfc29332fab28cfc9b912f331ded8fbb87c716b5ef20a6
temporal_2022,priority/seed-1,Poland/Warszawa/Wawer,False,False,True,False,True,-2.220446049250313e-16,-4.85722573273506e-17,0.0,0.0,0.0,f579d50115b2386f80fc26ff197f9e7223810519bed04256b3248ba29daac848,f579d50115b2386f80fc26ff197f9e7223810519bed04256b3248ba29daac848
temporal_2022,priority/seed-1,Poland/Warszawa/Wesoła,False,False,True,False,True,0.0,-2.0816681711721685e-17,0.0,0.0,0.0,2b33dab1b3aa39a179ced727465fc91f042f2825164b2ba357a2c0ffc962a33f,2b33dab1b3aa39a179ced727465fc91f042f2825164b2ba357a2c0ffc962a33f
temporal_2022,priority/seed-1,Poland/Warszawa/Wilanów,False,False,True,False,True,-5.551115123125783e-17,4.85722573273506e-17,0.0,0.0,0.0,a1efb4e1880f7f12a4611842a1a6eafcc6a088002164409c0fb5c781b5c1a591,a1efb4e1880f7f12a4611842a1a6eafcc6a088002164409c0fb5c781b5c1a591
temporal_2022,priority/seed-1,Poland/Warszawa/Wola,False,True,True,False,True,-1.1102230246251565e-16,9.020562075079397e-17,0.0,0.0,0.0,1cf4cca11d8e0ce701d1a79e4b7ae9cc3290eb8cc8571b6a442b153c6308240a,1cf4cca11d8e0ce701d1a79e4b7ae9cc3290eb8cc8571b6a442b153c6308240a
temporal_2022,priority/seed-1,Poland/Warszawa/Włochy,False,False,True,False,True,-1.1102230246251565e-16,-1.6306400674181987e-16,0.0,0.0,0.0,f9f10490b59e792605bd8438bfc0c92c02d4d94443d33336dba04f0f1069056c,f9f10490b59e792605bd8438bfc0c92c02d4d94443d33336dba04f0f1069056c
temporal_2022,priority/seed-1,Poland/Warszawa/Śródmieście,False,False,True,False,True,0.0,-6.938893903907228e-18,0.0,0.0,0.0,7b61e240fab3c8e82159aa3b9e9f49d7a8820f1cebf145c6fa7adef7ab7bdf0f,7b61e240fab3c8e82159aa3b9e9f49d7a8820f1cebf145c6fa7adef7ab7bdf0f
temporal_2022,priority/seed-1,Poland/Warszawa/Żoliborz,False,False,True,False,True,0.0,4.85722573273506e-17,0.0,0.0,0.0,b4381df7510bdff649dbc345fc9beeac5bc6e13307e8e08b4a409d409d98d896,b4381df7510bdff649dbc345fc9beeac5bc6e13307e8e08b4a409d409d98d896
temporal_2022,priority/seed-1,Poland/Łódź/Andrzejów,False,False,True,False,True,1.1102230246251565e-16,1.734723475976807e-17,0.0,0.0,0.0,6aae6a1ebb50556c17733cf946b48acecae48f090b505bffb05be9cc45068af4,6aae6a1ebb50556c17733cf946b48acecae48f090b505bffb05be9cc45068af4
temporal_2022,priority/seed-1,Poland/Łódź/Bałuty Zachodnie,False,False,True,False,True,-8.326672684688674e-17,-3.469446951953614e-17,0.0,0.0,0.0,0f16418586d11c549be01ab16c4590d7210e1934b8297b29836207fa923ce536,0f16418586d11c549be01ab16c4590d7210e1934b8297b29836207fa923ce536
temporal_2022,priority/seed-1,Poland/Łódź/Bałuty-Centrum,False,False,True,False,True,0.0,4.336808689942018e-17,0.0,0.0,0.0,720b73cf996012ef7bd27a2807457bf8e7437c7d0eb6478c1cfd963e01d0ce1e,720b73cf996012ef7bd27a2807457bf8e7437c7d0eb6478c1cfd963e01d0ce1e
temporal_2022,priority/seed-1,Poland/Łódź/Bałuty-Doły,False,False,True,True,True,0.0,0.0,0.0,0.0,0.0,fc65b9d392a4e6429fc1215c6c878f69e6ebd71a5cd757205cd05d3460d93e26,fc65b9d392a4e6429fc1215c6c878f69e6ebd71a5cd757205cd05d3460d93e26
temporal_2022,priority/seed-1,Poland/Łódź/Chojny,False,False,True,False,True,0.0,-2.42861286636753e-17,0.0,0.0,0.0,36af3c36790ef8d0a42047f826d8890bba0bad0ac5d38cec407718ac7c327dbb,36af3c36790ef8d0a42047f826d8890bba0bad0ac5d38cec407718ac7c327dbb
temporal_2022,priority/seed-1,Poland/Łódź/Chojny-Dąbrowa,False,False,True,False,True,0.0,2.7755575615628914e-17,0.0,0.0,0.0,30d1ac7ef42dff76bf8088246e48648846ff9442ec73e6c491796ce558c86466,30d1ac7ef42dff76bf8088246e48648846ff9442ec73e6c491796ce558c86466
temporal_2022,priority/seed-1,Poland/Łódź/Dolina Łódki,False,False,True,True,True,0.0,0.0,0.0,0.0,0.0,9e29cff8a2091b1e388e47348cd309f83d66e3ba102008414cfe0fba1f9f7395,9e29cff8a2091b1e388e47348cd309f83d66e3ba102008414cfe0fba1f9f7395
temporal_2022,priority/seed-1,Poland/Łódź/Górniak,False,False,True,False,True,0.0,-3.122502256758253e-17,0.0,0.0,0.0,67da4059f437cbef616b0edb765f8377812f6410ed19e4b6c62cb65792af0e15,67da4059f437cbef616b0edb765f8377812f6410ed19e4b6c62cb65792af0e15
temporal_2022,priority/seed-1,Poland/Łódź/Im. Józefa Montwiłła-Mireckiego,False,False,True,False,True,0.0,-1.3877787807814457e-17,0.0,0.0,0.0,cfe13a0e3e3709de17a2ccc1e9b7247b2c1ef3da11defb3e18dc257f433860ab,cfe13a0e3e3709de17a2ccc1e9b7247b2c1ef3da11defb3e18dc257f433860ab
temporal_2022,priority/seed-1,Poland/Łódź/Julianów-Marysin-Rogi,False,False,True,False,True,1.249000902703301e-16,-8.673617379884035e-18,0.0,0.0,0.0,28eaf7f484b9c484f70af7e3c30568b8b8bd1bab5ab715829926d782b4bc1fb5,28eaf7f484b9c484f70af7e3c30568b8b8bd1bab5ab715829926d782b4bc1fb5
temporal_2022,priority/seed-1,Poland/Łódź/Karolew-Retkinia Wschód,False,False,True,False,True,0.0,6.938893903907228e-18,0.0,0.0,0.0,8d33cc1498ecd54f0a4ec5bbf271bcc117923acea9d0e65819709e4ac80e67c4,8d33cc1498ecd54f0a4ec5bbf271bcc117923acea9d0e65819709e4ac80e67c4
temporal_2022,priority/seed-1,Poland/Łódź/Katedralna,False,False,True,False,True,0.0,-2.2551405187698492e-17,0.0,0.0,0.0,16b674949ed8d7853d9964989b4f786877d1f02f2bdbb7cf56101ffb5449fa68,16b674949ed8d7853d9964989b4f786877d1f02f2bdbb7cf56101ffb5449fa68
temporal_2022,priority/seed-1,Poland/Łódź/Koziny,False,False,True,False,True,0.0,1.734723475976807e-17,0.0,0.0,0.0,6283f8d7b51bd762a275f92d3f79d0f14c48849808bae3e273dd9263d252e94a,6283f8d7b51bd762a275f92d3f79d0f14c48849808bae3e273dd9263d252e94a
temporal_2022,priority/seed-1,Poland/Łódź/Lublinek-Pienista,False,False,True,False,True,-1.1102230246251565e-16,6.071532165918825e-17,0.0,0.0,0.0,057c63a5e749f3030d1a15a82d7d4efe27f4574e54da4c2f8b99e27c8bc7413a,057c63a5e749f3030d1a15a82d7d4efe27f4574e54da4c2f8b99e27c8bc7413a
temporal_2022,priority/seed-1,Poland/Łódź/Mileszki,False,False,True,False,True,0.0,-3.5128150388530344e-17,0.0,0.0,0.0,eb81646f8fd624fccbf6d810552dab2e357392e89e0400e01beacfd184e8d734,eb81646f8fd624fccbf6d810552dab2e357392e89e0400e01beacfd184e8d734
temporal_2022,priority/seed-1,Poland/Łódź/Nad Nerem,False,False,True,False,True,-1.5265566588595902e-16,1.214306433183765e-17,0.0,0.0,0.0,980566c5f2ca3e29a698716433cf435c51202ee9cb483dda284b67d63ce6c329,980566c5f2ca3e29a698716433cf435c51202ee9cb483dda284b67d63ce6c329
temporal_2022,priority/seed-1,Poland/Łódź/Nowosolna,False,False,True,False,True,-1.1102230246251565e-16,5.204170427930421e-18,0.0,0.0,0.0,ad963ef709c5c2ce32c0d6b8427d0ea21809bd564f1f488f154d72dc71fbe2b3,ad963ef709c5c2ce32c0d6b8427d0ea21809bd564f1f488f154d72dc71fbe2b3
temporal_2022,priority/seed-1,Poland/Łódź/Nr 33,False,False,True,False,True,0.0,-4.5102810375396984e-17,0.0,0.0,0.0,d72fc558b22f17f7eef574e3c60738631d6a6c86013bd0e4ed26be29cbc71320,d72fc558b22f17f7eef574e3c60738631d6a6c86013bd0e4ed26be29cbc71320
temporal_2022,priority/seed-1,Poland/Łódź/Olechów-Janów,False,False,True,False,True,0.0,-3.469446951953614e-17,0.0,0.0,0.0,2a34f5c86acc8d5f789bed03fcedc141dd7307a442abd0728c64795a060c4012,2a34f5c86acc8d5f789bed03fcedc141dd7307a442abd0728c64795a060c4012
temporal_2022,priority/seed-1,Poland/Łódź/Piastów-Kurak,False,False,True,False,True,0.0,-4.336808689942018e-18,0.0,0.0,0.0,e4245f64f8d3834974da03200767a90ad56ca955fd0e885a32b6fb042d272491,e4245f64f8d3834974da03200767a90ad56ca955fd0e885a32b6fb042d272491
temporal_2022,priority/seed-1,Poland/Łódź/Radogoszcz,False,False,True,False,True,0.0,7.470152968425126e-17,0.0,0.0,0.0,69d755b807a099d3089f9b51290bc79690b7f1b2b16ebff649eaefd20f286888,69d755b807a099d3089f9b51290bc79690b7f1b2b16ebff649eaefd20f286888
temporal_2022,priority/seed-1,Poland/Łódź/Retkinia Zachód-Smulsko,False,False,True,False,True,0.0,-1.9949319973733282e-17,0.0,0.0,0.0,5712d224dd38b78f7d22647f3a421a19452347ee5c9c90208b7358e6df15147a,5712d224dd38b78f7d22647f3a421a19452347ee5c9c90208b7358e6df15147a
temporal_2022,priority/seed-1,Poland/Łódź/Rokicie,False,False,True,False,True,-9.71445146547012e-17,3.469446951953614e-18,0.0,0.0,0.0,a0134208c28d89104b704e107fb232f85ce5d119b9f1ad12a88e57bf6394f1b1,a0134208c28d89104b704e107fb232f85ce5d119b9f1ad12a88e57bf6394f1b1
temporal_2022,priority/seed-1,Poland/Łódź/Ruda,False,False,True,False,True,1.3877787807814457e-16,7.892991815694472e-17,0.0,0.0,0.0,673cb54ffba78367a2d2daec13a5bb42f4a3873226e269c48be97d802ad74c5b,673cb54ffba78367a2d2daec13a5bb42f4a3873226e269c48be97d802ad74c5b
temporal_2022,priority/seed-1,Poland/Łódź/Stare Polesie,False,False,True,False,True,-1.6653345369377348e-16,2.6020852139652106e-17,0.0,0.0,0.0,bbb633ef70865eb39355753c26875f4b32f81accad7a065b9e8af08aed0a0a00,bbb633ef70865eb39355753c26875f4b32f81accad7a065b9e8af08aed0a0a00
temporal_2022,priority/seed-1,Poland/Łódź/Stary Widzew,False,False,True,False,True,0.0,3.122502256758253e-17,0.0,0.0,0.0,cacb9a61aaa169f4c16571154676fd247e4ffb30cdb49664222a2b2341befca4,cacb9a61aaa169f4c16571154676fd247e4ffb30cdb49664222a2b2341befca4
temporal_2022,priority/seed-1,Poland/Łódź/Stoki-Sikawa-Podgórze,False,False,True,False,True,0.0,-1.734723475976807e-18,0.0,0.0,0.0,8fc5086be6455a71a52e7e5725c797cdd5b01953744c1e7aadd6c7c8f07edbd6,8fc5086be6455a71a52e7e5725c797cdd5b01953744c1e7aadd6c7c8f07edbd6
temporal_2022,priority/seed-1,Poland/Łódź/Teofilów-Wielkopolska,False,False,True,False,True,-1.1102230246251565e-16,-3.469446951953614e-18,0.0,0.0,0.0,bde80137cec518b39d3d28b0137a62dcf9da9bc55c84d06ec60eef97d2645c46,bde80137cec518b39d3d28b0137a62dcf9da9bc55c84d06ec60eef97d2645c46
temporal_2022,priority/seed-1,Poland/Łódź/Widzew-Wschód,False,False,True,False,True,2.3592239273284576e-16,-4.5102810375396984e-17,0.0,0.0,0.0,d48edb2b735948a0268977fa0823c81dcdca831cb2bef2d0f830079cbb9aabd7,d48edb2b735948a0268977fa0823c81dcdca831cb2bef2d0f830079cbb9aabd7
temporal_2022,priority/seed-1,Poland/Łódź/Wiskitno,False,False,True,False,True,1.942890293094024e-16,6.331740687315346e-17,0.0,0.0,0.0,df8ca71147762832e99fa4ea49f7001c160283e8ded1e8ef5b8c914ce1e014d0,df8ca71147762832e99fa4ea49f7001c160283e8ded1e8ef5b8c914ce1e014d0
temporal_2022,priority/seed-1,Poland/Łódź/Wzniesień Łódzkich,False,False,True,True,True,0.0,0.0,0.0,0.0,0.0,15e40bee0eccd634240ed0ef142335055128fc770ab653ff310fd309fc2cf1d0,15e40bee0eccd634240ed0ef142335055128fc770ab653ff310fd309fc2cf1d0
temporal_2022,priority/seed-1,Poland/Łódź/Zarzew,False,False,True,False,True,2.220446049250313e-16,-5.204170427930421e-18,0.0,0.0,0.0,d60053d2d2d41df116acb3cedf8ea4f5b3705f586ee0a240408385c87a6570b2,d60053d2d2d41df116acb3cedf8ea4f5b3705f586ee0a240408385c87a6570b2
temporal_2022,priority/seed-1,Poland/Łódź/Zdrowie-Mania,False,False,True,False,True,0.0,3.8163916471489756e-17,0.0,0.0,0.0,f33f4cd10514f2e843f4476def5a7fe216221df4770c4be7b3eb3ac7663998ea,f33f4cd10514f2e843f4476def5a7fe216221df4770c4be7b3eb3ac7663998ea
temporal_2022,priority/seed-1,Poland/Łódź/Złotno,False,False,True,False,True,1.6653345369377348e-16,-4.163336342344337e-17,0.0,0.0,0.0,76fa6c98949dd337ba169e0e540c963e2a7fc39ea2a92b530e6890a941dcabaa,76fa6c98949dd337ba169e0e540c963e2a7fc39ea2a92b530e6890a941dcabaa
temporal_2022,priority/seed-1,Poland/Łódź/Łagiewniki,False,False,True,False,True,0.0,1.3877787807814457e-17,0.0,0.0,0.0,919a1bf2237947ea1e890a4ae84f484035ce5e7ad55807eb5f51aed6269f7d04,919a1bf2237947ea1e890a4ae84f484035ce5e7ad55807eb5f51aed6269f7d04
temporal_2022,priority/seed-1,Poland/Łódź/Śródmieście-Wschód,False,False,True,False,True,0.0,1.734723475976807e-17,0.0,0.0,0.0,8d15ad09283c82b16b17a4f17d9a439005a5d02e2456efeef0b3a1919e59576d,8d15ad09283c82b16b17a4f17d9a439005a5d02e2456efeef0b3a1919e59576d
temporal_2022,priority/seed-2,Poland/Gdynia/Babie Doły | large,False,False,True,True,True,0.0,0.0,0.0,0.0,0.0,b1ead5fb43bd23866b30ee577465fd4c8d40dd7e5eed9088e2e73244225b9a66,b1ead5fb43bd23866b30ee577465fd4c8d40dd7e5eed9088e2e73244225b9a66
temporal_2022,priority/seed-2,Poland/Gdynia/Chwarzno-Wiczlino | large,False,False,True,True,True,0.0,0.0,0.0,0.0,0.0,74e661addbada410d3217d9b69b90dbc2a01fff60dec28d692fcb4e9c7bbc167,74e661addbada410d3217d9b69b90dbc2a01fff60dec28d692fcb4e9c7bbc167
temporal_2022,priority/seed-2,Poland/Gdynia/Chylonia | large,False,False,True,False,True,0.0,-1.5612511283791264e-17,0.0,0.0,0.0,c14a833feda6cbfb08596b93b47718954cadd591f3bb88a7dc238f3e743546d9,c14a833feda6cbfb08596b93b47718954cadd591f3bb88a7dc238f3e743546d9
temporal_2022,priority/seed-2,Poland/Gdynia/Cisowa | large,False,False,True,False,True,0.0,4.163336342344337e-17,0.0,0.0,0.0,5ff5d249432a18c6e83fc9742d3507a32b33ec130991bc2513d2e2eab44bd1fe,5ff5d249432a18c6e83fc9742d3507a32b33ec130991bc2513d2e2eab44bd1fe
temporal_2022,priority/seed-2,Poland/Gdynia/Działki Leśne | large,False,False,True,True,True,0.0,0.0,0.0,0.0,0.0,a33f187f4f15474374d320215a6625280771c9390ce0db3a58813e8bd30df574,a33f187f4f15474374d320215a6625280771c9390ce0db3a58813e8bd30df574
temporal_2022,priority/seed-2,Poland/Gdynia/Dąbrowa | large,False,False,True,True,True,0.0,0.0,0.0,0.0,0.0,b51f3d912f43b977f8ae3a38a0580c56e82da0a6ee79dd177155b078a1722eb6,b51f3d912f43b977f8ae3a38a0580c56e82da0a6ee79dd177155b078a1722eb6
temporal_2022,priority/seed-2,Poland/Gdynia/Grabówek | large,False,False,True,True,True,0.0,0.0,0.0,0.0,0.0,eb711f6a15debe63a6d3b9aaf5e75b8837b05f500714a9e9a24233b74484dfab,eb711f6a15debe63a6d3b9aaf5e75b8837b05f500714a9e9a24233b74484dfab
temporal_2022,priority/seed-2,Poland/Gdynia/Kamienna Góra | large,False,False,True,True,True,0.0,0.0,0.0,0.0,0.0,3ccbc44775c57724a2e25f940290122a9f0ed4da67771e87e931942570df4588,3ccbc44775c57724a2e25f940290122a9f0ed4da67771e87e931942570df4588
temporal_2022,priority/seed-2,Poland/Gdynia/Karwiny | large,False,False,True,True,True,0.0,0.0,0.0,0.0,0.0,39c9a88f60c12afdabf3d137ef2e54c48407eae645ae4d676b07a330968a1c94,39c9a88f60c12afdabf3d137ef2e54c48407eae645ae4d676b07a330968a1c94
temporal_2022,priority/seed-2,Poland/Gdynia/Leszczynki | large,False,False,True,True,True,0.0,0.0,0.0,0.0,0.0,06312b27b138e8a0ffd26b30499450ada182d3bbf2fc14f897e12959976cb732,06312b27b138e8a0ffd26b30499450ada182d3bbf2fc14f897e12959976cb732
temporal_2022,priority/seed-2,Poland/Gdynia/Mały Kack | large,False,False,True,False,True,0.0,1.0842021724855044e-17,0.0,0.0,0.0,21561928784d6d3321ba663dbc8b9b8ac3f9cadb489518cb99fbdd80fb05207a,21561928784d6d3321ba663dbc8b9b8ac3f9cadb489518cb99fbdd80fb05207a
temporal_2022,priority/seed-2,Poland/Gdynia/Obłuże | large,False,False,True,True,True,0.0,0.0,0.0,0.0,0.0,2193bffd346de6e90a723875680b33c657316b211d4572373c346718cfd3d41d,2193bffd346de6e90a723875680b33c657316b211d4572373c346718cfd3d41d
temporal_2022,priority/seed-2,Poland/Gdynia/Oksywie | large,False,False,True,True,True,0.0,0.0,0.0,0.0,0.0,11f77976e1425f90606e1ba360a21a2da0c72236280fe54dc9b3aee960b96131,11f77976e1425f90606e1ba360a21a2da0c72236280fe54dc9b3aee960b96131
temporal_2022,priority/seed-2,Poland/Gdynia/Orłowo | large,False,False,True,True,True,0.0,0.0,0.0,0.0,0.0,2e99e101a4b0e206ba114570d1306617794ada44e7694e6f869c639f7d3da306,2e99e101a4b0e206ba114570d1306617794ada44e7694e6f869c639f7d3da306
temporal_2022,priority/seed-2,Poland/Gdynia/Pogórze | large,False,False,True,True,True,0.0,0.0,0.0,0.0,0.0,3b87ca31251e004bfdf67e22eb1eb4a765e105af99cc99229734f621621221c6,3b87ca31251e004bfdf67e22eb1eb4a765e105af99cc99229734f621621221c6
temporal_2022,priority/seed-2,Poland/Gdynia/Pustki Cisowskie-Demptowo | large,False,False,True,False,True,-8.326672684688674e-17,8.673617379884035e-18,0.0,0.0,0.0,72ef43d778d2f2df94878e1a2b12d1b0172bc95dea2ef51b23703849d7f1d6a7,72ef43d778d2f2df94878e1a2b12d1b0172bc95dea2ef51b23703849d7f1d6a7
temporal_2022,priority/seed-2,Poland/Gdynia/Redłowo | large,False,False,True,True,True,0.0,0.0,0.0,0.0,0.0,b2a7890b0bc7366092390e05841e3d7e67a284e4fcae737d3f995a9341cbcadc,b2a7890b0bc7366092390e05841e3d7e67a284e4fcae737d3f995a9341cbcadc
temporal_2022,priority/seed-2,Poland/Gdynia/Wielki Kack | large,False,False,True,True,True,0.0,0.0,0.0,0.0,0.0,2bd308c18fb68f5d81b5246f2264216dd59c1277beb0a842d25549309ff63d54,2bd308c18fb68f5d81b5246f2264216dd59c1277beb0a842d25549309ff63d54
temporal_2022,priority/seed-2,Poland/Gdynia/Witomino | large,False,False,True,False,True,0.0,1.734723475976807e-17,0.0,0.0,0.0,15183ba76a68430c37c5bd4b277ad5c073ebd0c804e7c9f201b54ee4f9dd726d,15183ba76a68430c37c5bd4b277ad5c073ebd0c804e7c9f201b54ee4f9dd726d
temporal_2022,priority/seed-2,Poland/Gdynia/Wzgórze Św. Maksymiliana | large,False,False,True,True,True,0.0,0.0,0.0,0.0,0.0,80218bab76933d97f9421e7f85b7fa87b80ffe72e34dd46f88cf6b88cf6f691b,80218bab76933d97f9421e7f85b7fa87b80ffe72e34dd46f88cf6b88cf6f691b
temporal_2022,priority/seed-2,Poland/Gdynia/Śródmieście | large,False,False,True,True,True,0.0,0.0,0.0,0.0,0.0,a0bcca1aecb628368aefea0e4d0f285bf0349d62beb63498356685c1aad3057d,a0bcca1aecb628368aefea0e4d0f285bf0349d62beb63498356685c1aad3057d
temporal_2022,priority/seed-2,Poland/Warszawa/Bemowo,False,False,True,False,True,0.0,5.551115123125783e-17,0.0,0.0,0.0,c121f0f7836f12c9ca472443f36781ab32719a343401e2c3b52ca85ad3768094,c121f0f7836f12c9ca472443f36781ab32719a343401e2c3b52ca85ad3768094
temporal_2022,priority/seed-2,Poland/Warszawa/Białołęka,False,False,True,False,True,0.0,1.3877787807814457e-17,0.0,0.0,0.0,070cb0968a16f00a4b970da3d13612deff44d084dbaeee4de066d9a7f56282a5,070cb0968a16f00a4b970da3d13612deff44d084dbaeee4de066d9a7f56282a5
temporal_2022,priority/seed-2,Poland/Warszawa/Bielany,False,False,True,False,True,0.0,-2.42861286636753e-17,0.0,0.0,0.0,c6352b9a506d7b113fd23a7e9346f4314b605e36537949cd0bd00c30d5e3fc5d,c6352b9a506d7b113fd23a7e9346f4314b605e36537949cd0bd00c30d5e3fc5d
temporal_2022,priority/seed-2,Poland/Warszawa/Mokotów,False,False,True,False,True,0.0,2.0816681711721685e-17,0.0,0.0,0.0,e5f4e1415dde720aaada792310a8524ceea9385b135765ef636ebe6e1ed0d1f6,e5f4e1415dde720aaada792310a8524ceea9385b135765ef636ebe6e1ed0d1f6
temporal_2022,priority/seed-2,Poland/Warszawa/Ochota,False,False,True,False,True,-1.3877787807814457e-16,-1.0408340855860843e-16,0.0,0.0,0.0,fdcec0f9d3d44ab321e2ce672ebd35699512ee1896674115fa1d24c5540c16e7,fdcec0f9d3d44ab321e2ce672ebd35699512ee1896674115fa1d24c5540c16e7
temporal_2022,priority/seed-2,Poland/Warszawa/Praga-Południe,False,False,True,False,True,0.0,4.163336342344337e-17,0.0,0.0,0.0,332fae412985f18154e90d8643433b73d2c6310addc85a476344fb1ac4aa2730,332fae412985f18154e90d8643433b73d2c6310addc85a476344fb1ac4aa2730
temporal_2022,priority/seed-2,Poland/Warszawa/Praga-Północ,False,False,True,False,True,1.942890293094024e-16,3.469446951953614e-17,0.0,0.0,0.0,e2c021ade1ec3cb3a57cfca59e014ae0659341828f0b8b5e7048f0b1c59397b5,e2c021ade1ec3cb3a57cfca59e014ae0659341828f0b8b5e7048f0b1c59397b5
temporal_2022,priority/seed-2,Poland/Warszawa/Rembertów,False,False,True,False,True,0.0,4.5102810375396984e-17,0.0,0.0,0.0,4b999af49287aa82a481c25752f6840383473c225923255fc32c61e4ea3bf60d,4b999af49287aa82a481c25752f6840383473c225923255fc32c61e4ea3bf60d
temporal_2022,priority/seed-2,Poland/Warszawa/Targówek,False,False,True,False,True,1.3877787807814457e-16,6.938893903907228e-18,0.0,0.0,0.0,a2beb088f67234c4c044657ececec812d758e689a3cce304d50c0ac175a8101b,a2beb088f67234c4c044657ececec812d758e689a3cce304d50c0ac175a8101b
temporal_2022,priority/seed-2,Poland/Warszawa/Ursus,False,False,True,False,True,0.0,-4.85722573273506e-17,0.0,0.0,0.0,818a2e9cfde0cfb829f04c38f3d0c759083a6956f70b2797ea3a99a48629b501,818a2e9cfde0cfb829f04c38f3d0c759083a6956f70b2797ea3a99a48629b501
temporal_2022,priority/seed-2,Poland/Warszawa/Ursynów,False,False,True,False,True,0.0,5.551115123125783e-17,0.0,0.0,0.0,64a473bcefe150bf26cfc29332fab28cfc9b912f331ded8fbb87c716b5ef20a6,64a473bcefe150bf26cfc29332fab28cfc9b912f331ded8fbb87c716b5ef20a6
temporal_2022,priority/seed-2,Poland/Warszawa/Wawer,False,False,True,False,True,-2.220446049250313e-16,-4.85722573273506e-17,0.0,0.0,0.0,f579d50115b2386f80fc26ff197f9e7223810519bed04256b3248ba29daac848,f579d50115b2386f80fc26ff197f9e7223810519bed04256b3248ba29daac848
temporal_2022,priority/seed-2,Poland/Warszawa/Wesoła,False,False,True,False,True,0.0,-2.0816681711721685e-17,0.0,0.0,0.0,2b33dab1b3aa39a179ced727465fc91f042f2825164b2ba357a2c0ffc962a33f,2b33dab1b3aa39a179ced727465fc91f042f2825164b2ba357a2c0ffc962a33f
temporal_2022,priority/seed-2,Poland/Warszawa/Wilanów,False,False,True,False,True,-5.551115123125783e-17,4.85722573273506e-17,0.0,0.0,0.0,a1efb4e1880f7f12a4611842a1a6eafcc6a088002164409c0fb5c781b5c1a591,a1efb4e1880f7f12a4611842a1a6eafcc6a088002164409c0fb5c781b5c1a591
temporal_2022,priority/seed-2,Poland/Warszawa/Wola,False,True,True,False,True,-1.1102230246251565e-16,9.020562075079397e-17,0.0,0.0,0.0,1cf4cca11d8e0ce701d1a79e4b7ae9cc3290eb8cc8571b6a442b153c6308240a,1cf4cca11d8e0ce701d1a79e4b7ae9cc3290eb8cc8571b6a442b153c6308240a
temporal_2022,priority/seed-2,Poland/Warszawa/Włochy,False,False,True,False,True,-1.1102230246251565e-16,-1.5612511283791264e-16,0.0,0.0,0.0,cd80004625b7212315943f8f665bac23f6dcb6519da19ef2a6abf02ffc47bdf1,cd80004625b7212315943f8f665bac23f6dcb6519da19ef2a6abf02ffc47bdf1
temporal_2022,priority/seed-2,Poland/Warszawa/Śródmieście,False,False,True,False,True,0.0,-6.938893903907228e-18,0.0,0.0,0.0,7b61e240fab3c8e82159aa3b9e9f49d7a8820f1cebf145c6fa7adef7ab7bdf0f,7b61e240fab3c8e82159aa3b9e9f49d7a8820f1cebf145c6fa7adef7ab7bdf0f
temporal_2022,priority/seed-2,Poland/Warszawa/Żoliborz,False,False,True,False,True,0.0,4.85722573273506e-17,0.0,0.0,0.0,b4381df7510bdff649dbc345fc9beeac5bc6e13307e8e08b4a409d409d98d896,b4381df7510bdff649dbc345fc9beeac5bc6e13307e8e08b4a409d409d98d896
temporal_2022,priority/seed-2,Poland/Łódź/Andrzejów,False,False,True,False,True,1.1102230246251565e-16,1.734723475976807e-17,0.0,0.0,0.0,6aae6a1ebb50556c17733cf946b48acecae48f090b505bffb05be9cc45068af4,6aae6a1ebb50556c17733cf946b48acecae48f090b505bffb05be9cc45068af4
temporal_2022,priority/seed-2,Poland/Łódź/Bałuty Zachodnie,False,False,True,False,True,-8.326672684688674e-17,-3.469446951953614e-17,0.0,0.0,0.0,0f16418586d11c549be01ab16c4590d7210e1934b8297b29836207fa923ce536,0f16418586d11c549be01ab16c4590d7210e1934b8297b29836207fa923ce536
temporal_2022,priority/seed-2,Poland/Łódź/Bałuty-Centrum,False,False,True,False,True,0.0,4.336808689942018e-17,0.0,0.0,0.0,720b73cf996012ef7bd27a2807457bf8e7437c7d0eb6478c1cfd963e01d0ce1e,720b73cf996012ef7bd27a2807457bf8e7437c7d0eb6478c1cfd963e01d0ce1e
temporal_2022,priority/seed-2,Poland/Łódź/Bałuty-Doły,False,False,True,True,True,0.0,0.0,0.0,0.0,0.0,fc65b9d392a4e6429fc1215c6c878f69e6ebd71a5cd757205cd05d3460d93e26,fc65b9d392a4e6429fc1215c6c878f69e6ebd71a5cd757205cd05d3460d93e26
temporal_2022,priority/seed-2,Poland/Łódź/Chojny,False,False,True,False,True,0.0,-2.42861286636753e-17,0.0,0.0,0.0,36af3c36790ef8d0a42047f826d8890bba0bad0ac5d38cec407718ac7c327dbb,36af3c36790ef8d0a42047f826d8890bba0bad0ac5d38cec407718ac7c327dbb
temporal_2022,priority/seed-2,Poland/Łódź/Chojny-Dąbrowa,False,False,True,False,True,0.0,2.7755575615628914e-17,0.0,0.0,0.0,30d1ac7ef42dff76bf8088246e48648846ff9442ec73e6c491796ce558c86466,30d1ac7ef42dff76bf8088246e48648846ff9442ec73e6c491796ce558c86466
temporal_2022,priority/seed-2,Poland/Łódź/Dolina Łódki,False,False,True,True,True,0.0,0.0,0.0,0.0,0.0,9e29cff8a2091b1e388e47348cd309f83d66e3ba102008414cfe0fba1f9f7395,9e29cff8a2091b1e388e47348cd309f83d66e3ba102008414cfe0fba1f9f7395
temporal_2022,priority/seed-2,Poland/Łódź/Górniak,False,False,True,False,True,0.0,-3.122502256758253e-17,0.0,0.0,0.0,67da4059f437cbef616b0edb765f8377812f6410ed19e4b6c62cb65792af0e15,67da4059f437cbef616b0edb765f8377812f6410ed19e4b6c62cb65792af0e15
temporal_2022,priority/seed-2,Poland/Łódź/Im. Józefa Montwiłła-Mireckiego,False,False,True,False,True,0.0,-1.3877787807814457e-17,0.0,0.0,0.0,cfe13a0e3e3709de17a2ccc1e9b7247b2c1ef3da11defb3e18dc257f433860ab,cfe13a0e3e3709de17a2ccc1e9b7247b2c1ef3da11defb3e18dc257f433860ab
temporal_2022,priority/seed-2,Poland/Łódź/Julianów-Marysin-Rogi,False,False,True,False,True,1.249000902703301e-16,-8.673617379884035e-18,0.0,0.0,0.0,28eaf7f484b9c484f70af7e3c30568b8b8bd1bab5ab715829926d782b4bc1fb5,28eaf7f484b9c484f70af7e3c30568b8b8bd1bab5ab715829926d782b4bc1fb5
temporal_2022,priority/seed-2,Poland/Łódź/Karolew-Retkinia Wschód,False,False,True,False,True,0.0,6.938893903907228e-18,0.0,0.0,0.0,8d33cc1498ecd54f0a4ec5bbf271bcc117923acea9d0e65819709e4ac80e67c4,8d33cc1498ecd54f0a4ec5bbf271bcc117923acea9d0e65819709e4ac80e67c4
temporal_2022,priority/seed-2,Poland/Łódź/Katedralna,False,False,True,False,True,0.0,-2.2551405187698492e-17,0.0,0.0,0.0,16b674949ed8d7853d9964989b4f786877d1f02f2bdbb7cf56101ffb5449fa68,16b674949ed8d7853d9964989b4f786877d1f02f2bdbb7cf56101ffb5449fa68
temporal_2022,priority/seed-2,Poland/Łódź/Koziny,False,False,True,False,True,0.0,6.938893903907228e-18,0.0,0.0,0.0,6283f8d7b51bd762a275f92d3f79d0f14c48849808bae3e273dd9263d252e94a,6283f8d7b51bd762a275f92d3f79d0f14c48849808bae3e273dd9263d252e94a
temporal_2022,priority/seed-2,Poland/Łódź/Lublinek-Pienista,False,False,True,False,True,0.0,4.683753385137379e-17,0.0,0.0,0.0,566127c57689b27e2fb26c763e0dd3bd2f1736cb67b06b63f339e36e4f81bd40,566127c57689b27e2fb26c763e0dd3bd2f1736cb67b06b63f339e36e4f81bd40
temporal_2022,priority/seed-2,Poland/Łódź/Mileszki,False,False,True,False,True,0.0,-3.5128150388530344e-17,0.0,0.0,0.0,eb81646f8fd624fccbf6d810552dab2e357392e89e0400e01beacfd184e8d734,eb81646f8fd624fccbf6d810552dab2e357392e89e0400e01beacfd184e8d734
temporal_2022,priority/seed-2,Poland/Łódź/Nad Nerem,False,False,True,False,True,-1.5265566588595902e-16,1.214306433183765e-17,0.0,0.0,0.0,980566c5f2ca3e29a698716433cf435c51202ee9cb483dda284b67d63ce6c329,980566c5f2ca3e29a698716433cf435c51202ee9cb483dda284b67d63ce6c329
temporal_2022,priority/seed-2,Poland/Łódź/Nowosolna,False,False,True,False,True,-1.1102230246251565e-16,5.204170427930421e-18,0.0,0.0,0.0,ad963ef709c5c2ce32c0d6b8427d0ea21809bd564f1f488f154d72dc71fbe2b3,ad963ef709c5c2ce32c0d6b8427d0ea21809bd564f1f488f154d72dc71fbe2b3
temporal_2022,priority/seed-2,Poland/Łódź/Nr 33,False,False,True,False,True,0.0,-4.5102810375396984e-17,0.0,0.0,0.0,d72fc558b22f17f7eef574e3c60738631d6a6c86013bd0e4ed26be29cbc71320,d72fc558b22f17f7eef574e3c60738631d6a6c86013bd0e4ed26be29cbc71320
temporal_2022,priority/seed-2,Poland/Łódź/Olechów-Janów,False,False,True,False,True,0.0,-3.469446951953614e-17,0.0,0.0,0.0,2a34f5c86acc8d5f789bed03fcedc141dd7307a442abd0728c64795a060c4012,2a34f5c86acc8d5f789bed03fcedc141dd7307a442abd0728c64795a060c4012
temporal_2022,priority/seed-2,Poland/Łódź/Piastów-Kurak,False,False,True,False,True,0.0,-4.336808689942018e-18,0.0,0.0,0.0,e4245f64f8d3834974da03200767a90ad56ca955fd0e885a32b6fb042d272491,e4245f64f8d3834974da03200767a90ad56ca955fd0e885a32b6fb042d272491
temporal_2022,priority/seed-2,Poland/Łódź/Radogoszcz,False,False,True,False,True,0.0,7.470152968425126e-17,0.0,0.0,0.0,69d755b807a099d3089f9b51290bc79690b7f1b2b16ebff649eaefd20f286888,69d755b807a099d3089f9b51290bc79690b7f1b2b16ebff649eaefd20f286888
temporal_2022,priority/seed-2,Poland/Łódź/Retkinia Zachód-Smulsko,False,False,True,False,True,0.0,-1.9949319973733282e-17,0.0,0.0,0.0,5712d224dd38b78f7d22647f3a421a19452347ee5c9c90208b7358e6df15147a,5712d224dd38b78f7d22647f3a421a19452347ee5c9c90208b7358e6df15147a
temporal_2022,priority/seed-2,Poland/Łódź/Rokicie,False,False,True,False,True,-9.71445146547012e-17,3.469446951953614e-18,0.0,0.0,0.0,a0134208c28d89104b704e107fb232f85ce5d119b9f1ad12a88e57bf6394f1b1,a0134208c28d89104b704e107fb232f85ce5d119b9f1ad12a88e57bf6394f1b1
temporal_2022,priority/seed-2,Poland/Łódź/Ruda,False,False,True,False,True,1.3877787807814457e-16,7.892991815694472e-17,0.0,0.0,0.0,673cb54ffba78367a2d2daec13a5bb42f4a3873226e269c48be97d802ad74c5b,673cb54ffba78367a2d2daec13a5bb42f4a3873226e269c48be97d802ad74c5b
temporal_2022,priority/seed-2,Poland/Łódź/Stare Polesie,False,False,True,False,True,-1.6653345369377348e-16,2.6020852139652106e-17,0.0,0.0,0.0,bbb633ef70865eb39355753c26875f4b32f81accad7a065b9e8af08aed0a0a00,bbb633ef70865eb39355753c26875f4b32f81accad7a065b9e8af08aed0a0a00
temporal_2022,priority/seed-2,Poland/Łódź/Stary Widzew,False,False,True,False,True,0.0,3.122502256758253e-17,0.0,0.0,0.0,cacb9a61aaa169f4c16571154676fd247e4ffb30cdb49664222a2b2341befca4,cacb9a61aaa169f4c16571154676fd247e4ffb30cdb49664222a2b2341befca4
temporal_2022,priority/seed-2,Poland/Łódź/Stoki-Sikawa-Podgórze,False,False,True,False,True,0.0,-1.734723475976807e-18,0.0,0.0,0.0,8fc5086be6455a71a52e7e5725c797cdd5b01953744c1e7aadd6c7c8f07edbd6,8fc5086be6455a71a52e7e5725c797cdd5b01953744c1e7aadd6c7c8f07edbd6
temporal_2022,priority/seed-2,Poland/Łódź/Teofilów-Wielkopolska,False,False,True,False,True,-1.1102230246251565e-16,-3.469446951953614e-18,0.0,0.0,0.0,bde80137cec518b39d3d28b0137a62dcf9da9bc55c84d06ec60eef97d2645c46,bde80137cec518b39d3d28b0137a62dcf9da9bc55c84d06ec60eef97d2645c46
temporal_2022,priority/seed-2,Poland/Łódź/Widzew-Wschód,False,False,True,False,True,2.3592239273284576e-16,-4.5102810375396984e-17,0.0,0.0,0.0,d48edb2b735948a0268977fa0823c81dcdca831cb2bef2d0f830079cbb9aabd7,d48edb2b735948a0268977fa0823c81dcdca831cb2bef2d0f830079cbb9aabd7
temporal_2022,priority/seed-2,Poland/Łódź/Wiskitno,False,False,True,False,True,1.942890293094024e-16,6.331740687315346e-17,0.0,0.0,0.0,df8ca71147762832e99fa4ea49f7001c160283e8ded1e8ef5b8c914ce1e014d0,df8ca71147762832e99fa4ea49f7001c160283e8ded1e8ef5b8c914ce1e014d0
temporal_2022,priority/seed-2,Poland/Łódź/Wzniesień Łódzkich,False,False,True,True,True,0.0,0.0,0.0,0.0,0.0,15e40bee0eccd634240ed0ef142335055128fc770ab653ff310fd309fc2cf1d0,15e40bee0eccd634240ed0ef142335055128fc770ab653ff310fd309fc2cf1d0
temporal_2022,priority/seed-2,Poland/Łódź/Zarzew,False,False,True,False,True,0.0,1.0408340855860843e-17,0.0,0.0,0.0,e54026b0d5e90281d031ae9a4f907494f24a2b2f7c8bb7ee656e1204b960677c,e54026b0d5e90281d031ae9a4f907494f24a2b2f7c8bb7ee656e1204b960677c
temporal_2022,priority/seed-2,Poland/Łódź/Zdrowie-Mania,False,False,True,False,True,0.0,3.8163916471489756e-17,0.0,0.0,0.0,f33f4cd10514f2e843f4476def5a7fe216221df4770c4be7b3eb3ac7663998ea,f33f4cd10514f2e843f4476def5a7fe216221df4770c4be7b3eb3ac7663998ea
temporal_2022,priority/seed-2,Poland/Łódź/Złotno,False,False,True,False,True,1.6653345369377348e-16,-4.163336342344337e-17,0.0,0.0,0.0,76fa6c98949dd337ba169e0e540c963e2a7fc39ea2a92b530e6890a941dcabaa,76fa6c98949dd337ba169e0e540c963e2a7fc39ea2a92b530e6890a941dcabaa
temporal_2022,priority/seed-2,Poland/Łódź/Łagiewniki,False,False,True,False,True,0.0,1.3877787807814457e-17,0.0,0.0,0.0,919a1bf2237947ea1e890a4ae84f484035ce5e7ad55807eb5f51aed6269f7d04,919a1bf2237947ea1e890a4ae84f484035ce5e7ad55807eb5f51aed6269f7d04
temporal_2022,priority/seed-2,Poland/Łódź/Śródmieście-Wschód,False,False,True,False,True,0.0,2.2551405187698492e-17,0.0,0.0,0.0,42db8639d16f47abae1d1d30a2084409e59644ab9d8f18bbd3e0528dc0a1170d,42db8639d16f47abae1d1d30a2084409e59644ab9d8f18bbd3e0528dc0a1170d
temporal_2022,priority/seed-42,Poland/Gdynia/Babie Doły | large,False,False,True,True,True,0.0,0.0,0.0,0.0,0.0,b1ead5fb43bd23866b30ee577465fd4c8d40dd7e5eed9088e2e73244225b9a66,b1ead5fb43bd23866b30ee577465fd4c8d40dd7e5eed9088e2e73244225b9a66
temporal_2022,priority/seed-42,Poland/Gdynia/Chwarzno-Wiczlino | large,False,False,True,True,True,0.0,0.0,0.0,0.0,0.0,74e661addbada410d3217d9b69b90dbc2a01fff60dec28d692fcb4e9c7bbc167,74e661addbada410d3217d9b69b90dbc2a01fff60dec28d692fcb4e9c7bbc167
temporal_2022,priority/seed-42,Poland/Gdynia/Chylonia | large,False,False,True,False,True,0.0,-1.5612511283791264e-17,0.0,0.0,0.0,c14a833feda6cbfb08596b93b47718954cadd591f3bb88a7dc238f3e743546d9,c14a833feda6cbfb08596b93b47718954cadd591f3bb88a7dc238f3e743546d9
temporal_2022,priority/seed-42,Poland/Gdynia/Cisowa | large,False,False,True,False,True,0.0,4.163336342344337e-17,0.0,0.0,0.0,5ff5d249432a18c6e83fc9742d3507a32b33ec130991bc2513d2e2eab44bd1fe,5ff5d249432a18c6e83fc9742d3507a32b33ec130991bc2513d2e2eab44bd1fe
temporal_2022,priority/seed-42,Poland/Gdynia/Działki Leśne | large,False,False,True,True,True,0.0,0.0,0.0,0.0,0.0,a33f187f4f15474374d320215a6625280771c9390ce0db3a58813e8bd30df574,a33f187f4f15474374d320215a6625280771c9390ce0db3a58813e8bd30df574
temporal_2022,priority/seed-42,Poland/Gdynia/Dąbrowa | large,False,False,True,True,True,0.0,0.0,0.0,0.0,0.0,b51f3d912f43b977f8ae3a38a0580c56e82da0a6ee79dd177155b078a1722eb6,b51f3d912f43b977f8ae3a38a0580c56e82da0a6ee79dd177155b078a1722eb6
temporal_2022,priority/seed-42,Poland/Gdynia/Grabówek | large,False,False,True,True,True,0.0,0.0,0.0,0.0,0.0,eb711f6a15debe63a6d3b9aaf5e75b8837b05f500714a9e9a24233b74484dfab,eb711f6a15debe63a6d3b9aaf5e75b8837b05f500714a9e9a24233b74484dfab
temporal_2022,priority/seed-42,Poland/Gdynia/Kamienna Góra | large,False,False,True,True,True,0.0,0.0,0.0,0.0,0.0,3ccbc44775c57724a2e25f940290122a9f0ed4da67771e87e931942570df4588,3ccbc44775c57724a2e25f940290122a9f0ed4da67771e87e931942570df4588
temporal_2022,priority/seed-42,Poland/Gdynia/Karwiny | large,False,False,True,True,True,0.0,0.0,0.0,0.0,0.0,39c9a88f60c12afdabf3d137ef2e54c48407eae645ae4d676b07a330968a1c94,39c9a88f60c12afdabf3d137ef2e54c48407eae645ae4d676b07a330968a1c94
temporal_2022,priority/seed-42,Poland/Gdynia/Leszczynki | large,False,False,True,True,True,0.0,0.0,0.0,0.0,0.0,06312b27b138e8a0ffd26b30499450ada182d3bbf2fc14f897e12959976cb732,06312b27b138e8a0ffd26b30499450ada182d3bbf2fc14f897e12959976cb732
temporal_2022,priority/seed-42,Poland/Gdynia/Mały Kack | large,False,False,True,False,True,0.0,1.0842021724855044e-17,0.0,0.0,0.0,21561928784d6d3321ba663dbc8b9b8ac3f9cadb489518cb99fbdd80fb05207a,21561928784d6d3321ba663dbc8b9b8ac3f9cadb489518cb99fbdd80fb05207a
temporal_2022,priority/seed-42,Poland/Gdynia/Obłuże | large,False,False,True,True,True,0.0,0.0,0.0,0.0,0.0,2193bffd346de6e90a723875680b33c657316b211d4572373c346718cfd3d41d,2193bffd346de6e90a723875680b33c657316b211d4572373c346718cfd3d41d
temporal_2022,priority/seed-42,Poland/Gdynia/Oksywie | large,False,False,True,True,True,0.0,0.0,0.0,0.0,0.0,11f77976e1425f90606e1ba360a21a2da0c72236280fe54dc9b3aee960b96131,11f77976e1425f90606e1ba360a21a2da0c72236280fe54dc9b3aee960b96131
temporal_2022,priority/seed-42,Poland/Gdynia/Orłowo | large,False,False,True,True,True,0.0,0.0,0.0,0.0,0.0,2e99e101a4b0e206ba114570d1306617794ada44e7694e6f869c639f7d3da306,2e99e101a4b0e206ba114570d1306617794ada44e7694e6f869c639f7d3da306
temporal_2022,priority/seed-42,Poland/Gdynia/Pogórze | large,False,False,True,True,True,0.0,0.0,0.0,0.0,0.0,3b87ca31251e004bfdf67e22eb1eb4a765e105af99cc99229734f621621221c6,3b87ca31251e004bfdf67e22eb1eb4a765e105af99cc99229734f621621221c6
temporal_2022,priority/seed-42,Poland/Gdynia/Pustki Cisowskie-Demptowo | large,False,False,True,False,True,-8.326672684688674e-17,8.673617379884035e-18,0.0,0.0,0.0,72ef43d778d2f2df94878e1a2b12d1b0172bc95dea2ef51b23703849d7f1d6a7,72ef43d778d2f2df94878e1a2b12d1b0172bc95dea2ef51b23703849d7f1d6a7
temporal_2022,priority/seed-42,Poland/Gdynia/Redłowo | large,False,False,True,True,True,0.0,0.0,0.0,0.0,0.0,b2a7890b0bc7366092390e05841e3d7e67a284e4fcae737d3f995a9341cbcadc,b2a7890b0bc7366092390e05841e3d7e67a284e4fcae737d3f995a9341cbcadc
temporal_2022,priority/seed-42,Poland/Gdynia/Wielki Kack | large,False,False,True,True,True,0.0,0.0,0.0,0.0,0.0,2bd308c18fb68f5d81b5246f2264216dd59c1277beb0a842d25549309ff63d54,2bd308c18fb68f5d81b5246f2264216dd59c1277beb0a842d25549309ff63d54
temporal_2022,priority/seed-42,Poland/Gdynia/Witomino | large,False,False,True,False,True,0.0,1.734723475976807e-17,0.0,0.0,0.0,15183ba76a68430c37c5bd4b277ad5c073ebd0c804e7c9f201b54ee4f9dd726d,15183ba76a68430c37c5bd4b277ad5c073ebd0c804e7c9f201b54ee4f9dd726d
temporal_2022,priority/seed-42,Poland/Gdynia/Wzgórze Św. Maksymiliana | large,False,False,True,True,True,0.0,0.0,0.0,0.0,0.0,80218bab76933d97f9421e7f85b7fa87b80ffe72e34dd46f88cf6b88cf6f691b,80218bab76933d97f9421e7f85b7fa87b80ffe72e34dd46f88cf6b88cf6f691b
temporal_2022,priority/seed-42,Poland/Gdynia/Śródmieście | large,False,False,True,True,True,0.0,0.0,0.0,0.0,0.0,a0bcca1aecb628368aefea0e4d0f285bf0349d62beb63498356685c1aad3057d,a0bcca1aecb628368aefea0e4d0f285bf0349d62beb63498356685c1aad3057d
temporal_2022,priority/seed-42,Poland/Warszawa/Bemowo,False,False,True,True,True,0.0,0.0,0.0,0.0,0.0,44cd1e3129714c8122a86a841a442d15bf89a44d95db3df03f352579ec00bd29,44cd1e3129714c8122a86a841a442d15bf89a44d95db3df03f352579ec00bd29
temporal_2022,priority/seed-42,Poland/Warszawa/Białołęka,False,False,True,False,True,0.0,1.3877787807814457e-17,0.0,0.0,0.0,070cb0968a16f00a4b970da3d13612deff44d084dbaeee4de066d9a7f56282a5,070cb0968a16f00a4b970da3d13612deff44d084dbaeee4de066d9a7f56282a5
temporal_2022,priority/seed-42,Poland/Warszawa/Bielany,False,False,True,False,True,1.1102230246251565e-16,-4.5102810375396984e-17,0.0,0.0,0.0,eec79ff16b29a2fe9d95d4692c3e9bc04e26f1e7724f6a3253b34bdfd22f5469,eec79ff16b29a2fe9d95d4692c3e9bc04e26f1e7724f6a3253b34bdfd22f5469
temporal_2022,priority/seed-42,Poland/Warszawa/Mokotów,False,False,True,False,True,0.0,2.0816681711721685e-17,0.0,0.0,0.0,e5f4e1415dde720aaada792310a8524ceea9385b135765ef636ebe6e1ed0d1f6,e5f4e1415dde720aaada792310a8524ceea9385b135765ef636ebe6e1ed0d1f6
temporal_2022,priority/seed-42,Poland/Warszawa/Ochota,False,False,True,False,True,-1.3877787807814457e-16,-4.85722573273506e-17,0.0,0.0,0.0,b1f632da713a1f230e9f70d8646230c30547374f02b3dda5496be6f9073abf29,b1f632da713a1f230e9f70d8646230c30547374f02b3dda5496be6f9073abf29
temporal_2022,priority/seed-42,Poland/Warszawa/Praga-Południe,False,False,True,False,True,0.0,4.163336342344337e-17,0.0,0.0,0.0,332fae412985f18154e90d8643433b73d2c6310addc85a476344fb1ac4aa2730,332fae412985f18154e90d8643433b73d2c6310addc85a476344fb1ac4aa2730
temporal_2022,priority/seed-42,Poland/Warszawa/Praga-Północ,False,False,True,False,True,1.942890293094024e-16,5.551115123125783e-17,0.0,0.0,0.0,ceedaa1a24b60b1168bf5bdcef423f4609b5f775010a0161992c920a50b02603,ceedaa1a24b60b1168bf5bdcef423f4609b5f775010a0161992c920a50b02603
temporal_2022,priority/seed-42,Poland/Warszawa/Rembertów,False,False,True,False,True,0.0,4.5102810375396984e-17,0.0,0.0,0.0,4b999af49287aa82a481c25752f6840383473c225923255fc32c61e4ea3bf60d,4b999af49287aa82a481c25752f6840383473c225923255fc32c61e4ea3bf60d
temporal_2022,priority/seed-42,Poland/Warszawa/Targówek,False,False,True,False,True,1.3877787807814457e-16,6.938893903907228e-18,0.0,0.0,0.0,a2beb088f67234c4c044657ececec812d758e689a3cce304d50c0ac175a8101b,a2beb088f67234c4c044657ececec812d758e689a3cce304d50c0ac175a8101b
temporal_2022,priority/seed-42,Poland/Warszawa/Ursus,False,False,True,False,True,0.0,-4.85722573273506e-17,0.0,0.0,0.0,818a2e9cfde0cfb829f04c38f3d0c759083a6956f70b2797ea3a99a48629b501,818a2e9cfde0cfb829f04c38f3d0c759083a6956f70b2797ea3a99a48629b501
temporal_2022,priority/seed-42,Poland/Warszawa/Ursynów,False,False,True,False,True,0.0,5.551115123125783e-17,0.0,0.0,0.0,64a473bcefe150bf26cfc29332fab28cfc9b912f331ded8fbb87c716b5ef20a6,64a473bcefe150bf26cfc29332fab28cfc9b912f331ded8fbb87c716b5ef20a6
temporal_2022,priority/seed-42,Poland/Warszawa/Wawer,False,False,True,False,True,-2.220446049250313e-16,-4.85722573273506e-17,0.0,0.0,0.0,f579d50115b2386f80fc26ff197f9e7223810519bed04256b3248ba29daac848,f579d50115b2386f80fc26ff197f9e7223810519bed04256b3248ba29daac848
temporal_2022,priority/seed-42,Poland/Warszawa/Wesoła,False,False,True,False,True,0.0,-2.0816681711721685e-17,0.0,0.0,0.0,2b33dab1b3aa39a179ced727465fc91f042f2825164b2ba357a2c0ffc962a33f,2b33dab1b3aa39a179ced727465fc91f042f2825164b2ba357a2c0ffc962a33f
temporal_2022,priority/seed-42,Poland/Warszawa/Wilanów,False,False,True,False,True,-5.551115123125783e-17,4.85722573273506e-17,0.0,0.0,0.0,a1efb4e1880f7f12a4611842a1a6eafcc6a088002164409c0fb5c781b5c1a591,a1efb4e1880f7f12a4611842a1a6eafcc6a088002164409c0fb5c781b5c1a591
temporal_2022,priority/seed-42,Poland/Warszawa/Wola,False,True,True,False,True,-1.1102230246251565e-16,9.020562075079397e-17,0.0,0.0,0.0,1cf4cca11d8e0ce701d1a79e4b7ae9cc3290eb8cc8571b6a442b153c6308240a,1cf4cca11d8e0ce701d1a79e4b7ae9cc3290eb8cc8571b6a442b153c6308240a
temporal_2022,priority/seed-42,Poland/Warszawa/Włochy,False,False,True,False,True,-1.1102230246251565e-16,-1.5612511283791264e-16,0.0,0.0,0.0,cd80004625b7212315943f8f665bac23f6dcb6519da19ef2a6abf02ffc47bdf1,cd80004625b7212315943f8f665bac23f6dcb6519da19ef2a6abf02ffc47bdf1
temporal_2022,priority/seed-42,Poland/Warszawa/Śródmieście,False,False,True,False,True,0.0,-6.938893903907228e-18,0.0,0.0,0.0,7b61e240fab3c8e82159aa3b9e9f49d7a8820f1cebf145c6fa7adef7ab7bdf0f,7b61e240fab3c8e82159aa3b9e9f49d7a8820f1cebf145c6fa7adef7ab7bdf0f
temporal_2022,priority/seed-42,Poland/Warszawa/Żoliborz,False,False,True,False,True,0.0,4.85722573273506e-17,0.0,0.0,0.0,b4381df7510bdff649dbc345fc9beeac5bc6e13307e8e08b4a409d409d98d896,b4381df7510bdff649dbc345fc9beeac5bc6e13307e8e08b4a409d409d98d896
temporal_2022,priority/seed-42,Poland/Łódź/Andrzejów,False,False,True,False,True,1.1102230246251565e-16,1.734723475976807e-17,0.0,0.0,0.0,6aae6a1ebb50556c17733cf946b48acecae48f090b505bffb05be9cc45068af4,6aae6a1ebb50556c17733cf946b48acecae48f090b505bffb05be9cc45068af4
temporal_2022,priority/seed-42,Poland/Łódź/Bałuty Zachodnie,False,False,True,False,True,-8.326672684688674e-17,-3.469446951953614e-17,0.0,0.0,0.0,0f16418586d11c549be01ab16c4590d7210e1934b8297b29836207fa923ce536,0f16418586d11c549be01ab16c4590d7210e1934b8297b29836207fa923ce536
temporal_2022,priority/seed-42,Poland/Łódź/Bałuty-Centrum,False,False,True,False,True,0.0,4.336808689942018e-17,0.0,0.0,0.0,720b73cf996012ef7bd27a2807457bf8e7437c7d0eb6478c1cfd963e01d0ce1e,720b73cf996012ef7bd27a2807457bf8e7437c7d0eb6478c1cfd963e01d0ce1e
temporal_2022,priority/seed-42,Poland/Łódź/Bałuty-Doły,False,False,True,True,True,0.0,0.0,0.0,0.0,0.0,fc65b9d392a4e6429fc1215c6c878f69e6ebd71a5cd757205cd05d3460d93e26,fc65b9d392a4e6429fc1215c6c878f69e6ebd71a5cd757205cd05d3460d93e26
temporal_2022,priority/seed-42,Poland/Łódź/Chojny,False,False,True,False,True,0.0,-2.42861286636753e-17,0.0,0.0,0.0,36af3c36790ef8d0a42047f826d8890bba0bad0ac5d38cec407718ac7c327dbb,36af3c36790ef8d0a42047f826d8890bba0bad0ac5d38cec407718ac7c327dbb
temporal_2022,priority/seed-42,Poland/Łódź/Chojny-Dąbrowa,False,False,True,False,True,0.0,2.7755575615628914e-17,0.0,0.0,0.0,30d1ac7ef42dff76bf8088246e48648846ff9442ec73e6c491796ce558c86466,30d1ac7ef42dff76bf8088246e48648846ff9442ec73e6c491796ce558c86466
temporal_2022,priority/seed-42,Poland/Łódź/Dolina Łódki,False,False,True,True,True,0.0,0.0,0.0,0.0,0.0,9e29cff8a2091b1e388e47348cd309f83d66e3ba102008414cfe0fba1f9f7395,9e29cff8a2091b1e388e47348cd309f83d66e3ba102008414cfe0fba1f9f7395
temporal_2022,priority/seed-42,Poland/Łódź/Górniak,False,False,True,False,True,0.0,-3.122502256758253e-17,0.0,0.0,0.0,67da4059f437cbef616b0edb765f8377812f6410ed19e4b6c62cb65792af0e15,67da4059f437cbef616b0edb765f8377812f6410ed19e4b6c62cb65792af0e15
temporal_2022,priority/seed-42,Poland/Łódź/Im. Józefa Montwiłła-Mireckiego,False,False,True,False,True,0.0,-1.3877787807814457e-17,0.0,0.0,0.0,cfe13a0e3e3709de17a2ccc1e9b7247b2c1ef3da11defb3e18dc257f433860ab,cfe13a0e3e3709de17a2ccc1e9b7247b2c1ef3da11defb3e18dc257f433860ab
temporal_2022,priority/seed-42,Poland/Łódź/Julianów-Marysin-Rogi,False,False,True,False,True,1.249000902703301e-16,-8.673617379884035e-18,0.0,0.0,0.0,28eaf7f484b9c484f70af7e3c30568b8b8bd1bab5ab715829926d782b4bc1fb5,28eaf7f484b9c484f70af7e3c30568b8b8bd1bab5ab715829926d782b4bc1fb5
temporal_2022,priority/seed-42,Poland/Łódź/Karolew-Retkinia Wschód,False,False,True,False,True,0.0,6.938893903907228e-18,0.0,0.0,0.0,8d33cc1498ecd54f0a4ec5bbf271bcc117923acea9d0e65819709e4ac80e67c4,8d33cc1498ecd54f0a4ec5bbf271bcc117923acea9d0e65819709e4ac80e67c4
temporal_2022,priority/seed-42,Poland/Łódź/Katedralna,False,False,True,False,True,0.0,-2.2551405187698492e-17,0.0,0.0,0.0,16b674949ed8d7853d9964989b4f786877d1f02f2bdbb7cf56101ffb5449fa68,16b674949ed8d7853d9964989b4f786877d1f02f2bdbb7cf56101ffb5449fa68
temporal_2022,priority/seed-42,Poland/Łódź/Koziny,False,False,True,False,True,0.0,6.938893903907228e-18,0.0,0.0,0.0,6283f8d7b51bd762a275f92d3f79d0f14c48849808bae3e273dd9263d252e94a,6283f8d7b51bd762a275f92d3f79d0f14c48849808bae3e273dd9263d252e94a
temporal_2022,priority/seed-42,Poland/Łódź/Lublinek-Pienista,False,False,True,False,True,-1.1102230246251565e-16,6.071532165918825e-17,0.0,0.0,0.0,057c63a5e749f3030d1a15a82d7d4efe27f4574e54da4c2f8b99e27c8bc7413a,057c63a5e749f3030d1a15a82d7d4efe27f4574e54da4c2f8b99e27c8bc7413a
temporal_2022,priority/seed-42,Poland/Łódź/Mileszki,False,False,True,False,True,0.0,-3.5128150388530344e-17,0.0,0.0,0.0,eb81646f8fd624fccbf6d810552dab2e357392e89e0400e01beacfd184e8d734,eb81646f8fd624fccbf6d810552dab2e357392e89e0400e01beacfd184e8d734
temporal_2022,priority/seed-42,Poland/Łódź/Nad Nerem,False,False,True,False,True,-1.5265566588595902e-16,1.214306433183765e-17,0.0,0.0,0.0,980566c5f2ca3e29a698716433cf435c51202ee9cb483dda284b67d63ce6c329,980566c5f2ca3e29a698716433cf435c51202ee9cb483dda284b67d63ce6c329
temporal_2022,priority/seed-42,Poland/Łódź/Nowosolna,False,False,True,False,True,-1.1102230246251565e-16,5.204170427930421e-18,0.0,0.0,0.0,ad963ef709c5c2ce32c0d6b8427d0ea21809bd564f1f488f154d72dc71fbe2b3,ad963ef709c5c2ce32c0d6b8427d0ea21809bd564f1f488f154d72dc71fbe2b3
temporal_2022,priority/seed-42,Poland/Łódź/Nr 33,False,False,True,False,True,0.0,-4.5102810375396984e-17,0.0,0.0,0.0,d72fc558b22f17f7eef574e3c60738631d6a6c86013bd0e4ed26be29cbc71320,d72fc558b22f17f7eef574e3c60738631d6a6c86013bd0e4ed26be29cbc71320
temporal_2022,priority/seed-42,Poland/Łódź/Olechów-Janów,False,False,True,False,True,0.0,-3.469446951953614e-17,0.0,0.0,0.0,2a34f5c86acc8d5f789bed03fcedc141dd7307a442abd0728c64795a060c4012,2a34f5c86acc8d5f789bed03fcedc141dd7307a442abd0728c64795a060c4012
temporal_2022,priority/seed-42,Poland/Łódź/Piastów-Kurak,False,False,True,False,True,-1.3877787807814457e-16,-2.168404344971009e-17,0.0,0.0,0.0,e4245f64f8d3834974da03200767a90ad56ca955fd0e885a32b6fb042d272491,e4245f64f8d3834974da03200767a90ad56ca955fd0e885a32b6fb042d272491
temporal_2022,priority/seed-42,Poland/Łódź/Radogoszcz,False,False,True,False,True,0.0,7.470152968425126e-17,0.0,0.0,0.0,69d755b807a099d3089f9b51290bc79690b7f1b2b16ebff649eaefd20f286888,69d755b807a099d3089f9b51290bc79690b7f1b2b16ebff649eaefd20f286888
temporal_2022,priority/seed-42,Poland/Łódź/Retkinia Zachód-Smulsko,False,False,True,False,True,0.0,-1.9949319973733282e-17,0.0,0.0,0.0,5712d224dd38b78f7d22647f3a421a19452347ee5c9c90208b7358e6df15147a,5712d224dd38b78f7d22647f3a421a19452347ee5c9c90208b7358e6df15147a
temporal_2022,priority/seed-42,Poland/Łódź/Rokicie,False,False,True,False,True,-9.71445146547012e-17,3.469446951953614e-18,0.0,0.0,0.0,a0134208c28d89104b704e107fb232f85ce5d119b9f1ad12a88e57bf6394f1b1,a0134208c28d89104b704e107fb232f85ce5d119b9f1ad12a88e57bf6394f1b1
temporal_2022,priority/seed-42,Poland/Łódź/Ruda,False,False,True,False,True,1.3877787807814457e-16,7.892991815694472e-17,0.0,0.0,0.0,673cb54ffba78367a2d2daec13a5bb42f4a3873226e269c48be97d802ad74c5b,673cb54ffba78367a2d2daec13a5bb42f4a3873226e269c48be97d802ad74c5b
temporal_2022,priority/seed-42,Poland/Łódź/Stare Polesie,False,False,True,False,True,-1.6653345369377348e-16,2.6020852139652106e-17,0.0,0.0,0.0,bbb633ef70865eb39355753c26875f4b32f81accad7a065b9e8af08aed0a0a00,bbb633ef70865eb39355753c26875f4b32f81accad7a065b9e8af08aed0a0a00
temporal_2022,priority/seed-42,Poland/Łódź/Stary Widzew,False,False,True,False,True,0.0,3.122502256758253e-17,0.0,0.0,0.0,cacb9a61aaa169f4c16571154676fd247e4ffb30cdb49664222a2b2341befca4,cacb9a61aaa169f4c16571154676fd247e4ffb30cdb49664222a2b2341befca4
temporal_2022,priority/seed-42,Poland/Łódź/Stoki-Sikawa-Podgórze,False,False,True,False,True,0.0,-1.734723475976807e-18,0.0,0.0,0.0,8fc5086be6455a71a52e7e5725c797cdd5b01953744c1e7aadd6c7c8f07edbd6,8fc5086be6455a71a52e7e5725c797cdd5b01953744c1e7aadd6c7c8f07edbd6
temporal_2022,priority/seed-42,Poland/Łódź/Teofilów-Wielkopolska,False,False,True,False,True,-1.1102230246251565e-16,-3.469446951953614e-18,0.0,0.0,0.0,bde80137cec518b39d3d28b0137a62dcf9da9bc55c84d06ec60eef97d2645c46,bde80137cec518b39d3d28b0137a62dcf9da9bc55c84d06ec60eef97d2645c46
temporal_2022,priority/seed-42,Poland/Łódź/Widzew-Wschód,False,False,True,False,True,2.3592239273284576e-16,-4.5102810375396984e-17,0.0,0.0,0.0,d48edb2b735948a0268977fa0823c81dcdca831cb2bef2d0f830079cbb9aabd7,d48edb2b735948a0268977fa0823c81dcdca831cb2bef2d0f830079cbb9aabd7
temporal_2022,priority/seed-42,Poland/Łódź/Wiskitno,False,False,True,False,True,1.942890293094024e-16,6.331740687315346e-17,0.0,0.0,0.0,df8ca71147762832e99fa4ea49f7001c160283e8ded1e8ef5b8c914ce1e014d0,df8ca71147762832e99fa4ea49f7001c160283e8ded1e8ef5b8c914ce1e014d0
temporal_2022,priority/seed-42,Poland/Łódź/Wzniesień Łódzkich,False,False,True,True,True,0.0,0.0,0.0,0.0,0.0,15e40bee0eccd634240ed0ef142335055128fc770ab653ff310fd309fc2cf1d0,15e40bee0eccd634240ed0ef142335055128fc770ab653ff310fd309fc2cf1d0
temporal_2022,priority/seed-42,Poland/Łódź/Zarzew,False,False,True,False,True,2.220446049250313e-16,2.42861286636753e-17,0.0,0.0,0.0,d60053d2d2d41df116acb3cedf8ea4f5b3705f586ee0a240408385c87a6570b2,d60053d2d2d41df116acb3cedf8ea4f5b3705f586ee0a240408385c87a6570b2
temporal_2022,priority/seed-42,Poland/Łódź/Zdrowie-Mania,False,False,True,False,True,0.0,7.37257477290143e-17,0.0,0.0,0.0,6f350e84c3fe498e224de5162208a8a0642c5b77c50f2d4a3fe1efa2c5a41abe,6f350e84c3fe498e224de5162208a8a0642c5b77c50f2d4a3fe1efa2c5a41abe
temporal_2022,priority/seed-42,Poland/Łódź/Złotno,False,False,True,False,True,1.6653345369377348e-16,-4.163336342344337e-17,0.0,0.0,0.0,76fa6c98949dd337ba169e0e540c963e2a7fc39ea2a92b530e6890a941dcabaa,76fa6c98949dd337ba169e0e540c963e2a7fc39ea2a92b530e6890a941dcabaa
temporal_2022,priority/seed-42,Poland/Łódź/Łagiewniki,False,False,True,False,True,0.0,1.3877787807814457e-17,0.0,0.0,0.0,919a1bf2237947ea1e890a4ae84f484035ce5e7ad55807eb5f51aed6269f7d04,919a1bf2237947ea1e890a4ae84f484035ce5e7ad55807eb5f51aed6269f7d04
temporal_2022,priority/seed-42,Poland/Łódź/Śródmieście-Wschód,False,False,True,False,True,0.0,2.2551405187698492e-17,0.0,0.0,0.0,42db8639d16f47abae1d1d30a2084409e59644ab9d8f18bbd3e0528dc0a1170d,42db8639d16f47abae1d1d30a2084409e59644ab9d8f18bbd3e0528dc0a1170d
temporal_2022,res-1.0,Poland/Gdynia/Babie Doły | large,True,False,True,True,True,0.0,0.0,0.0,0.0,0.0,b1ead5fb43bd23866b30ee577465fd4c8d40dd7e5eed9088e2e73244225b9a66,b1ead5fb43bd23866b30ee577465fd4c8d40dd7e5eed9088e2e73244225b9a66
temporal_2022,res-1.0,Poland/Gdynia/Chwarzno-Wiczlino | large,True,False,True,True,True,0.0,0.0,0.0,0.0,0.0,74e661addbada410d3217d9b69b90dbc2a01fff60dec28d692fcb4e9c7bbc167,74e661addbada410d3217d9b69b90dbc2a01fff60dec28d692fcb4e9c7bbc167
temporal_2022,res-1.0,Poland/Gdynia/Chylonia | large,True,False,True,False,True,0.0,-1.5612511283791264e-17,0.0,0.0,0.0,c14a833feda6cbfb08596b93b47718954cadd591f3bb88a7dc238f3e743546d9,c14a833feda6cbfb08596b93b47718954cadd591f3bb88a7dc238f3e743546d9
temporal_2022,res-1.0,Poland/Gdynia/Cisowa | large,True,False,True,False,True,0.0,4.163336342344337e-17,0.0,0.0,0.0,5ff5d249432a18c6e83fc9742d3507a32b33ec130991bc2513d2e2eab44bd1fe,5ff5d249432a18c6e83fc9742d3507a32b33ec130991bc2513d2e2eab44bd1fe
temporal_2022,res-1.0,Poland/Gdynia/Działki Leśne | large,True,False,True,True,True,0.0,0.0,0.0,0.0,0.0,a33f187f4f15474374d320215a6625280771c9390ce0db3a58813e8bd30df574,a33f187f4f15474374d320215a6625280771c9390ce0db3a58813e8bd30df574
temporal_2022,res-1.0,Poland/Gdynia/Dąbrowa | large,True,False,True,True,True,0.0,0.0,0.0,0.0,0.0,b51f3d912f43b977f8ae3a38a0580c56e82da0a6ee79dd177155b078a1722eb6,b51f3d912f43b977f8ae3a38a0580c56e82da0a6ee79dd177155b078a1722eb6
temporal_2022,res-1.0,Poland/Gdynia/Grabówek | large,True,False,True,True,True,0.0,0.0,0.0,0.0,0.0,eb711f6a15debe63a6d3b9aaf5e75b8837b05f500714a9e9a24233b74484dfab,eb711f6a15debe63a6d3b9aaf5e75b8837b05f500714a9e9a24233b74484dfab
temporal_2022,res-1.0,Poland/Gdynia/Kamienna Góra | large,True,False,True,True,True,0.0,0.0,0.0,0.0,0.0,3ccbc44775c57724a2e25f940290122a9f0ed4da67771e87e931942570df4588,3ccbc44775c57724a2e25f940290122a9f0ed4da67771e87e931942570df4588
temporal_2022,res-1.0,Poland/Gdynia/Karwiny | large,True,False,True,True,True,0.0,0.0,0.0,0.0,0.0,39c9a88f60c12afdabf3d137ef2e54c48407eae645ae4d676b07a330968a1c94,39c9a88f60c12afdabf3d137ef2e54c48407eae645ae4d676b07a330968a1c94
temporal_2022,res-1.0,Poland/Gdynia/Leszczynki | large,True,False,True,True,True,0.0,0.0,0.0,0.0,0.0,06312b27b138e8a0ffd26b30499450ada182d3bbf2fc14f897e12959976cb732,06312b27b138e8a0ffd26b30499450ada182d3bbf2fc14f897e12959976cb732
temporal_2022,res-1.0,Poland/Gdynia/Mały Kack | large,True,False,True,False,True,0.0,1.0842021724855044e-17,0.0,0.0,0.0,21561928784d6d3321ba663dbc8b9b8ac3f9cadb489518cb99fbdd80fb05207a,21561928784d6d3321ba663dbc8b9b8ac3f9cadb489518cb99fbdd80fb05207a
temporal_2022,res-1.0,Poland/Gdynia/Obłuże | large,True,False,True,True,True,0.0,0.0,0.0,0.0,0.0,2193bffd346de6e90a723875680b33c657316b211d4572373c346718cfd3d41d,2193bffd346de6e90a723875680b33c657316b211d4572373c346718cfd3d41d
temporal_2022,res-1.0,Poland/Gdynia/Oksywie | large,True,False,True,True,True,0.0,0.0,0.0,0.0,0.0,11f77976e1425f90606e1ba360a21a2da0c72236280fe54dc9b3aee960b96131,11f77976e1425f90606e1ba360a21a2da0c72236280fe54dc9b3aee960b96131
temporal_2022,res-1.0,Poland/Gdynia/Orłowo | large,True,False,True,True,True,0.0,0.0,0.0,0.0,0.0,2e99e101a4b0e206ba114570d1306617794ada44e7694e6f869c639f7d3da306,2e99e101a4b0e206ba114570d1306617794ada44e7694e6f869c639f7d3da306
temporal_2022,res-1.0,Poland/Gdynia/Pogórze | large,True,False,True,True,True,0.0,0.0,0.0,0.0,0.0,3b87ca31251e004bfdf67e22eb1eb4a765e105af99cc99229734f621621221c6,3b87ca31251e004bfdf67e22eb1eb4a765e105af99cc99229734f621621221c6
temporal_2022,res-1.0,Poland/Gdynia/Pustki Cisowskie-Demptowo | large,True,False,True,False,True,-8.326672684688674e-17,8.673617379884035e-18,0.0,0.0,0.0,72ef43d778d2f2df94878e1a2b12d1b0172bc95dea2ef51b23703849d7f1d6a7,72ef43d778d2f2df94878e1a2b12d1b0172bc95dea2ef51b23703849d7f1d6a7
temporal_2022,res-1.0,Poland/Gdynia/Redłowo | large,True,False,True,True,True,0.0,0.0,0.0,0.0,0.0,b2a7890b0bc7366092390e05841e3d7e67a284e4fcae737d3f995a9341cbcadc,b2a7890b0bc7366092390e05841e3d7e67a284e4fcae737d3f995a9341cbcadc
temporal_2022,res-1.0,Poland/Gdynia/Wielki Kack | large,True,False,True,True,True,0.0,0.0,0.0,0.0,0.0,2bd308c18fb68f5d81b5246f2264216dd59c1277beb0a842d25549309ff63d54,2bd308c18fb68f5d81b5246f2264216dd59c1277beb0a842d25549309ff63d54
temporal_2022,res-1.0,Poland/Gdynia/Witomino | large,True,False,True,False,True,0.0,1.734723475976807e-17,0.0,0.0,0.0,15183ba76a68430c37c5bd4b277ad5c073ebd0c804e7c9f201b54ee4f9dd726d,15183ba76a68430c37c5bd4b277ad5c073ebd0c804e7c9f201b54ee4f9dd726d
temporal_2022,res-1.0,Poland/Gdynia/Wzgórze Św. Maksymiliana | large,True,False,True,True,True,0.0,0.0,0.0,0.0,0.0,80218bab76933d97f9421e7f85b7fa87b80ffe72e34dd46f88cf6b88cf6f691b,80218bab76933d97f9421e7f85b7fa87b80ffe72e34dd46f88cf6b88cf6f691b
temporal_2022,res-1.0,Poland/Gdynia/Śródmieście | large,True,False,True,True,True,0.0,0.0,0.0,0.0,0.0,a0bcca1aecb628368aefea0e4d0f285bf0349d62beb63498356685c1aad3057d,a0bcca1aecb628368aefea0e4d0f285bf0349d62beb63498356685c1aad3057d
temporal_2022,res-1.0,Poland/Warszawa/Bemowo,True,False,True,False,True,-1.942890293094024e-16,1.3877787807814457e-17,0.0,0.0,0.0,bfa55984cd13b8fe553275b2cfe9cc027f37af4e16d2e6fb4e7a925b9ff9d8a7,bfa55984cd13b8fe553275b2cfe9cc027f37af4e16d2e6fb4e7a925b9ff9d8a7
temporal_2022,res-1.0,Poland/Warszawa/Białołęka,True,False,True,False,True,0.0,-3.469446951953614e-17,0.0,0.0,0.0,9b3c1510a7369aaa55090d63902fd8195604ba80ede2e5382397515495c81ff6,9b3c1510a7369aaa55090d63902fd8195604ba80ede2e5382397515495c81ff6
temporal_2022,res-1.0,Poland/Warszawa/Bielany,True,False,True,False,True,1.1102230246251565e-16,-3.122502256758253e-17,0.0,0.0,0.0,c7ec09132cced0d86b6757168c03219bd1f2b45ecea38c5d9524164edbeb04f3,c7ec09132cced0d86b6757168c03219bd1f2b45ecea38c5d9524164edbeb04f3
temporal_2022,res-1.0,Poland/Warszawa/Mokotów,True,False,True,False,True,1.1102230246251565e-16,6.245004513516506e-17,0.0,0.0,0.0,b286d1de69e313486bd627546e6ecf24aca9fadcd01cfe0bb62c8b7127aa45a1,b286d1de69e313486bd627546e6ecf24aca9fadcd01cfe0bb62c8b7127aa45a1
temporal_2022,res-1.0,Poland/Warszawa/Ochota,True,False,True,False,True,-1.1102230246251565e-16,-5.551115123125783e-17,0.0,0.0,0.0,71200540a3290fc73b01a9bde4afd3d8f4f5531247638164a1f0332ff11c3f6b,71200540a3290fc73b01a9bde4afd3d8f4f5531247638164a1f0332ff11c3f6b
temporal_2022,res-1.0,Poland/Warszawa/Praga-Południe,True,False,True,False,True,0.0,-4.163336342344337e-17,0.0,0.0,0.0,cb5b0dda22328d6f126a60110bb534c58b0703edf98285500786bde53f0e15b7,cb5b0dda22328d6f126a60110bb534c58b0703edf98285500786bde53f0e15b7
temporal_2022,res-1.0,Poland/Warszawa/Praga-Północ,True,False,True,False,True,0.0,2.0816681711721685e-17,0.0,0.0,0.0,1a9edfbe154c7477287a7ff96f1f8ff28106a9e3bfb1d19161617d1bb1fe41cd,1a9edfbe154c7477287a7ff96f1f8ff28106a9e3bfb1d19161617d1bb1fe41cd
temporal_2022,res-1.0,Poland/Warszawa/Rembertów,True,False,True,False,True,0.0,4.5102810375396984e-17,0.0,0.0,0.0,4b999af49287aa82a481c25752f6840383473c225923255fc32c61e4ea3bf60d,4b999af49287aa82a481c25752f6840383473c225923255fc32c61e4ea3bf60d
temporal_2022,res-1.0,Poland/Warszawa/Targówek,True,False,True,False,True,1.3877787807814457e-16,1.3877787807814457e-17,0.0,0.0,0.0,f221e9cbf3f46f0f03d97fba04f0b4636e23793a8a2048be9497bfcfe850d980,f221e9cbf3f46f0f03d97fba04f0b4636e23793a8a2048be9497bfcfe850d980
temporal_2022,res-1.0,Poland/Warszawa/Ursus,True,False,True,False,True,0.0,6.938893903907228e-18,0.0,0.0,0.0,cec4a68a54f2349e71fd06b8e10bfdfa04d5d1b75b0fd29286f625a793a108de,cec4a68a54f2349e71fd06b8e10bfdfa04d5d1b75b0fd29286f625a793a108de
temporal_2022,res-1.0,Poland/Warszawa/Ursynów,True,False,True,False,True,0.0,3.122502256758253e-17,0.0,0.0,0.0,c12fe2f6df153756b07964db38890de929da93cb1ea9b7be14a4d1fa6ae35a1a,c12fe2f6df153756b07964db38890de929da93cb1ea9b7be14a4d1fa6ae35a1a
temporal_2022,res-1.0,Poland/Warszawa/Wawer,True,False,True,False,True,-2.220446049250313e-16,-4.85722573273506e-17,0.0,0.0,0.0,f579d50115b2386f80fc26ff197f9e7223810519bed04256b3248ba29daac848,f579d50115b2386f80fc26ff197f9e7223810519bed04256b3248ba29daac848
temporal_2022,res-1.0,Poland/Warszawa/Wesoła,True,False,True,False,True,0.0,-2.7755575615628914e-17,0.0,0.0,0.0,9a516b6bea0657727741628572eaf57b6a434a16e1e2e0ff88136c76e5fa2b0c,9a516b6bea0657727741628572eaf57b6a434a16e1e2e0ff88136c76e5fa2b0c
temporal_2022,res-1.0,Poland/Warszawa/Wilanów,True,False,True,False,True,-1.1102230246251565e-16,2.0816681711721685e-17,0.0,0.0,0.0,95e3b294889638d351845078d7354d2f350d44cf87cc045bbfbedc8e6f5d4968,95e3b294889638d351845078d7354d2f350d44cf87cc045bbfbedc8e6f5d4968
temporal_2022,res-1.0,Poland/Warszawa/Wola,True,True,True,False,True,1.3877787807814457e-16,6.938893903907228e-17,0.0,0.0,0.0,e0205b47c73de60f5a7aecb464eb2348137f79eeb13ced0310f478b5801ad25a,e0205b47c73de60f5a7aecb464eb2348137f79eeb13ced0310f478b5801ad25a
temporal_2022,res-1.0,Poland/Warszawa/Włochy,True,False,True,False,True,-2.220446049250313e-16,-1.9081958235744878e-16,0.0,0.0,0.0,84728ba75d5bebe9149dcabc16ad3d7ac556ebbedc2c46a82269511e19a97154,84728ba75d5bebe9149dcabc16ad3d7ac556ebbedc2c46a82269511e19a97154
temporal_2022,res-1.0,Poland/Warszawa/Śródmieście,True,False,True,False,True,0.0,-6.938893903907228e-18,0.0,0.0,0.0,7b61e240fab3c8e82159aa3b9e9f49d7a8820f1cebf145c6fa7adef7ab7bdf0f,7b61e240fab3c8e82159aa3b9e9f49d7a8820f1cebf145c6fa7adef7ab7bdf0f
temporal_2022,res-1.0,Poland/Warszawa/Żoliborz,True,False,True,False,True,1.1102230246251565e-16,-3.469446951953614e-17,0.0,0.0,0.0,2e480dd4a4bce83061367b36005b7d39210aa768c49881a04664661754b02bff,2e480dd4a4bce83061367b36005b7d39210aa768c49881a04664661754b02bff
temporal_2022,res-1.0,Poland/Łódź/Andrzejów,True,False,True,False,True,1.1102230246251565e-16,1.734723475976807e-17,0.0,0.0,0.0,6aae6a1ebb50556c17733cf946b48acecae48f090b505bffb05be9cc45068af4,6aae6a1ebb50556c17733cf946b48acecae48f090b505bffb05be9cc45068af4
temporal_2022,res-1.0,Poland/Łódź/Bałuty Zachodnie,True,False,True,False,True,-8.326672684688674e-17,-3.469446951953614e-17,0.0,0.0,0.0,0f16418586d11c549be01ab16c4590d7210e1934b8297b29836207fa923ce536,0f16418586d11c549be01ab16c4590d7210e1934b8297b29836207fa923ce536
temporal_2022,res-1.0,Poland/Łódź/Bałuty-Centrum,True,False,True,False,True,-3.7470027081099033e-16,1.214306433183765e-17,0.0,0.0,0.0,adc3d5900358505e1dad32b2cec402aa200f4a73d0392826e6cb3b0e9541febd,adc3d5900358505e1dad32b2cec402aa200f4a73d0392826e6cb3b0e9541febd
temporal_2022,res-1.0,Poland/Łódź/Bałuty-Doły,True,False,True,True,True,0.0,0.0,0.0,0.0,0.0,fc65b9d392a4e6429fc1215c6c878f69e6ebd71a5cd757205cd05d3460d93e26,fc65b9d392a4e6429fc1215c6c878f69e6ebd71a5cd757205cd05d3460d93e26
temporal_2022,res-1.0,Poland/Łódź/Chojny,True,False,True,False,True,0.0,-2.42861286636753e-17,0.0,0.0,0.0,36af3c36790ef8d0a42047f826d8890bba0bad0ac5d38cec407718ac7c327dbb,36af3c36790ef8d0a42047f826d8890bba0bad0ac5d38cec407718ac7c327dbb
temporal_2022,res-1.0,Poland/Łódź/Chojny-Dąbrowa,True,False,True,False,True,0.0,-2.6020852139652106e-17,0.0,0.0,0.0,740b83acac73d14499a500d879bd8b67e5e8af6f3186fec11d5f5e3ccf671464,740b83acac73d14499a500d879bd8b67e5e8af6f3186fec11d5f5e3ccf671464
temporal_2022,res-1.0,Poland/Łódź/Dolina Łódki,True,False,True,True,True,0.0,0.0,0.0,0.0,0.0,9e29cff8a2091b1e388e47348cd309f83d66e3ba102008414cfe0fba1f9f7395,9e29cff8a2091b1e388e47348cd309f83d66e3ba102008414cfe0fba1f9f7395
temporal_2022,res-1.0,Poland/Łódź/Górniak,True,False,True,False,True,0.0,-3.122502256758253e-17,0.0,0.0,0.0,67da4059f437cbef616b0edb765f8377812f6410ed19e4b6c62cb65792af0e15,67da4059f437cbef616b0edb765f8377812f6410ed19e4b6c62cb65792af0e15
temporal_2022,res-1.0,Poland/Łódź/Im. Józefa Montwiłła-Mireckiego,True,False,True,False,True,0.0,-1.3877787807814457e-17,0.0,0.0,0.0,cfe13a0e3e3709de17a2ccc1e9b7247b2c1ef3da11defb3e18dc257f433860ab,cfe13a0e3e3709de17a2ccc1e9b7247b2c1ef3da11defb3e18dc257f433860ab
temporal_2022,res-1.0,Poland/Łódź/Julianów-Marysin-Rogi,True,False,True,False,True,1.249000902703301e-16,-8.673617379884035e-18,0.0,0.0,0.0,28eaf7f484b9c484f70af7e3c30568b8b8bd1bab5ab715829926d782b4bc1fb5,28eaf7f484b9c484f70af7e3c30568b8b8bd1bab5ab715829926d782b4bc1fb5
temporal_2022,res-1.0,Poland/Łódź/Karolew-Retkinia Wschód,True,False,True,False,True,0.0,6.938893903907228e-18,0.0,0.0,0.0,8d33cc1498ecd54f0a4ec5bbf271bcc117923acea9d0e65819709e4ac80e67c4,8d33cc1498ecd54f0a4ec5bbf271bcc117923acea9d0e65819709e4ac80e67c4
temporal_2022,res-1.0,Poland/Łódź/Katedralna,True,False,True,False,True,0.0,-2.2551405187698492e-17,0.0,0.0,0.0,16b674949ed8d7853d9964989b4f786877d1f02f2bdbb7cf56101ffb5449fa68,16b674949ed8d7853d9964989b4f786877d1f02f2bdbb7cf56101ffb5449fa68
temporal_2022,res-1.0,Poland/Łódź/Koziny,True,False,True,False,True,0.0,3.122502256758253e-17,0.0,0.0,0.0,80b22ae93fb2e7baea446f3c7a30f23595ca21d25680a375a14cb9e325a22bc3,80b22ae93fb2e7baea446f3c7a30f23595ca21d25680a375a14cb9e325a22bc3
temporal_2022,res-1.0,Poland/Łódź/Lublinek-Pienista,True,False,True,False,True,0.0,4.683753385137379e-17,0.0,0.0,0.0,7028e3160512be44a6ec6249cb180e439c024c6118bf1798e277147c70fe122a,7028e3160512be44a6ec6249cb180e439c024c6118bf1798e277147c70fe122a
temporal_2022,res-1.0,Poland/Łódź/Mileszki,True,False,True,False,True,0.0,-3.5128150388530344e-17,0.0,0.0,0.0,eb81646f8fd624fccbf6d810552dab2e357392e89e0400e01beacfd184e8d734,eb81646f8fd624fccbf6d810552dab2e357392e89e0400e01beacfd184e8d734
temporal_2022,res-1.0,Poland/Łódź/Nad Nerem,True,False,True,False,True,-1.3877787807814457e-16,-1.734723475976807e-17,0.0,0.0,0.0,576c24439f4539b3d87a2d2a5599db6ea15c57ce8bdf7049791248664b2ef5e8,576c24439f4539b3d87a2d2a5599db6ea15c57ce8bdf7049791248664b2ef5e8
temporal_2022,res-1.0,Poland/Łódź/Nowosolna,True,False,True,False,True,-1.1102230246251565e-16,5.204170427930421e-18,0.0,0.0,0.0,ad963ef709c5c2ce32c0d6b8427d0ea21809bd564f1f488f154d72dc71fbe2b3,ad963ef709c5c2ce32c0d6b8427d0ea21809bd564f1f488f154d72dc71fbe2b3
temporal_2022,res-1.0,Poland/Łódź/Nr 33,True,False,True,False,True,0.0,-4.5102810375396984e-17,0.0,0.0,0.0,d72fc558b22f17f7eef574e3c60738631d6a6c86013bd0e4ed26be29cbc71320,d72fc558b22f17f7eef574e3c60738631d6a6c86013bd0e4ed26be29cbc71320
temporal_2022,res-1.0,Poland/Łódź/Olechów-Janów,True,False,True,False,True,0.0,-1.3877787807814457e-17,0.0,0.0,0.0,2a34f5c86acc8d5f789bed03fcedc141dd7307a442abd0728c64795a060c4012,2a34f5c86acc8d5f789bed03fcedc141dd7307a442abd0728c64795a060c4012
temporal_2022,res-1.0,Poland/Łódź/Piastów-Kurak,True,False,True,False,True,0.0,-4.336808689942018e-18,0.0,0.0,0.0,e4245f64f8d3834974da03200767a90ad56ca955fd0e885a32b6fb042d272491,e4245f64f8d3834974da03200767a90ad56ca955fd0e885a32b6fb042d272491
temporal_2022,res-1.0,Poland/Łódź/Radogoszcz,True,False,True,False,True,0.0,7.470152968425126e-17,0.0,0.0,0.0,69d755b807a099d3089f9b51290bc79690b7f1b2b16ebff649eaefd20f286888,69d755b807a099d3089f9b51290bc79690b7f1b2b16ebff649eaefd20f286888
temporal_2022,res-1.0,Poland/Łódź/Retkinia Zachód-Smulsko,True,False,True,False,True,0.0,-1.9949319973733282e-17,0.0,0.0,0.0,5712d224dd38b78f7d22647f3a421a19452347ee5c9c90208b7358e6df15147a,5712d224dd38b78f7d22647f3a421a19452347ee5c9c90208b7358e6df15147a
temporal_2022,res-1.0,Poland/Łódź/Rokicie,True,False,True,False,True,-9.71445146547012e-17,3.469446951953614e-18,0.0,0.0,0.0,a0134208c28d89104b704e107fb232f85ce5d119b9f1ad12a88e57bf6394f1b1,a0134208c28d89104b704e107fb232f85ce5d119b9f1ad12a88e57bf6394f1b1
temporal_2022,res-1.0,Poland/Łódź/Ruda,True,False,True,False,True,1.3877787807814457e-16,7.892991815694472e-17,0.0,0.0,0.0,673cb54ffba78367a2d2daec13a5bb42f4a3873226e269c48be97d802ad74c5b,673cb54ffba78367a2d2daec13a5bb42f4a3873226e269c48be97d802ad74c5b
temporal_2022,res-1.0,Poland/Łódź/Stare Polesie,True,False,True,False,True,-1.6653345369377348e-16,2.6020852139652106e-17,0.0,0.0,0.0,bbb633ef70865eb39355753c26875f4b32f81accad7a065b9e8af08aed0a0a00,bbb633ef70865eb39355753c26875f4b32f81accad7a065b9e8af08aed0a0a00
temporal_2022,res-1.0,Poland/Łódź/Stary Widzew,True,False,True,False,True,0.0,3.122502256758253e-17,0.0,0.0,0.0,cacb9a61aaa169f4c16571154676fd247e4ffb30cdb49664222a2b2341befca4,cacb9a61aaa169f4c16571154676fd247e4ffb30cdb49664222a2b2341befca4
temporal_2022,res-1.0,Poland/Łódź/Stoki-Sikawa-Podgórze,True,False,True,False,True,0.0,-3.642919299551295e-17,0.0,0.0,0.0,2c234012107eac30c807b55afef3f1cbfdc1f49e3d28e79346ebc9128386ef90,2c234012107eac30c807b55afef3f1cbfdc1f49e3d28e79346ebc9128386ef90
temporal_2022,res-1.0,Poland/Łódź/Teofilów-Wielkopolska,True,False,True,False,True,-1.1102230246251565e-16,-3.469446951953614e-18,0.0,0.0,0.0,bde80137cec518b39d3d28b0137a62dcf9da9bc55c84d06ec60eef97d2645c46,bde80137cec518b39d3d28b0137a62dcf9da9bc55c84d06ec60eef97d2645c46
temporal_2022,res-1.0,Poland/Łódź/Widzew-Wschód,True,False,True,False,True,2.3592239273284576e-16,-4.5102810375396984e-17,0.0,0.0,0.0,d48edb2b735948a0268977fa0823c81dcdca831cb2bef2d0f830079cbb9aabd7,d48edb2b735948a0268977fa0823c81dcdca831cb2bef2d0f830079cbb9aabd7
temporal_2022,res-1.0,Poland/Łódź/Wiskitno,True,False,True,False,True,0.0,1.5612511283791264e-17,0.0,0.0,0.0,3034e9895daafaa56836a7f46dc33cd672ad2cf58a4212da3302754bf7615e18,3034e9895daafaa56836a7f46dc33cd672ad2cf58a4212da3302754bf7615e18
temporal_2022,res-1.0,Poland/Łódź/Wzniesień Łódzkich,True,False,True,True,True,0.0,0.0,0.0,0.0,0.0,15e40bee0eccd634240ed0ef142335055128fc770ab653ff310fd309fc2cf1d0,15e40bee0eccd634240ed0ef142335055128fc770ab653ff310fd309fc2cf1d0
temporal_2022,res-1.0,Poland/Łódź/Zarzew,True,False,True,False,True,2.220446049250313e-16,-5.204170427930421e-18,0.0,0.0,0.0,d60053d2d2d41df116acb3cedf8ea4f5b3705f586ee0a240408385c87a6570b2,d60053d2d2d41df116acb3cedf8ea4f5b3705f586ee0a240408385c87a6570b2
temporal_2022,res-1.0,Poland/Łódź/Zdrowie-Mania,True,False,True,False,True,0.0,3.8163916471489756e-17,0.0,0.0,0.0,f33f4cd10514f2e843f4476def5a7fe216221df4770c4be7b3eb3ac7663998ea,f33f4cd10514f2e843f4476def5a7fe216221df4770c4be7b3eb3ac7663998ea
temporal_2022,res-1.0,Poland/Łódź/Złotno,True,False,True,False,True,1.6653345369377348e-16,-4.163336342344337e-17,0.0,0.0,0.0,76fa6c98949dd337ba169e0e540c963e2a7fc39ea2a92b530e6890a941dcabaa,76fa6c98949dd337ba169e0e540c963e2a7fc39ea2a92b530e6890a941dcabaa
temporal_2022,res-1.0,Poland/Łódź/Łagiewniki,True,False,True,False,True,0.0,1.3877787807814457e-17,0.0,0.0,0.0,919a1bf2237947ea1e890a4ae84f484035ce5e7ad55807eb5f51aed6269f7d04,919a1bf2237947ea1e890a4ae84f484035ce5e7ad55807eb5f51aed6269f7d04
temporal_2022,res-1.0,Poland/Łódź/Śródmieście-Wschód,True,False,True,False,True,0.0,1.734723475976807e-17,0.0,0.0,0.0,ff2d30b4bc779632e200f0737a9258cb0647e92cbb8074592780f6af1a445f9e,ff2d30b4bc779632e200f0737a9258cb0647e92cbb8074592780f6af1a445f9e
